2026-04-18 09:51:00,110 [INFO] ============================================================
2026-04-18 09:51:00,111 [INFO] UTTEC Pre-built Firmware Generator
2026-04-18 09:51:00,111 [INFO] ============================================================
2026-04-18 09:51:00,112 [INFO] 카탈로그 로드: 155개 항목
2026-04-18 09:51:00,116 [INFO] 빌드 대상: 145개
2026-04-18 09:51:00,116 [INFO] FIRMWARE_DB: C:\todo\today\aiHardStudy\사전빌드\firmware_db
2026-04-18 09:51:00,116 [INFO] TEMPLATE_DIR: C:\todo\today\aiHardStudy\firmware\ble_ota_arduino
2026-04-18 09:51:00,116 [INFO] BUILD_DIR: C:\todo\today\aiHardStudy\사전빌드\ble_ota_arduino
2026-04-18 09:51:00,126 [INFO] Build dir initialized: C:\todo\today\aiHardStudy\사전빌드\ble_ota_arduino
2026-04-18 09:51:00,126 [INFO] [1/145] B01: 빨강, 노랑, 파랑 LED 모두 켜기
2026-04-18 09:51:00,127 [INFO]   [B01] 시도 1/3: 빨강, 노랑, 파랑 LED 모두 켜기
2026-04-18 09:51:54,202 [INFO]   [B01] 빌드 성공 (635KB, 54.1초)
2026-04-18 09:52:17,851 [INFO]   [B01] guide.json 생성 완료
2026-04-18 09:52:17,852 [INFO]   진행: 1/145 (성공:1 실패:0) ETA: 186.5분
2026-04-18 09:52:17,852 [INFO] [2/145] B02: 빨강, 노랑, 파랑 LED 동시에 깜빡이기
2026-04-18 09:52:17,853 [INFO]   [B02] 시도 1/3: 빨강, 노랑, 파랑 LED 동시에 깜빡이기
2026-04-18 09:52:58,998 [INFO]   [B02] 빌드 성공 (635KB, 41.1초)
2026-04-18 09:53:26,389 [INFO]   [B02] guide.json 생성 완료
2026-04-18 09:53:26,389 [INFO]   진행: 2/145 (성공:2 실패:0) ETA: 174.3분
2026-04-18 09:53:26,390 [INFO] [3/145] B03: 빨강 → 노랑 → 파랑 순서대로 1초씩 켜기
2026-04-18 09:53:26,390 [INFO]   [B03] 시도 1/3: 빨강 → 노랑 → 파랑 순서대로 1초씩 켜기
2026-04-18 09:54:10,420 [INFO]   [B03] 빌드 성공 (635KB, 44.0초)
2026-04-18 09:54:36,912 [INFO]   [B03] guide.json 생성 완료
2026-04-18 09:54:36,912 [INFO]   진행: 3/145 (성공:3 실패:0) ETA: 171.0분
2026-04-18 09:54:36,912 [INFO] [4/145] B04: 빨강 → 노랑 → 파랑 순서대로 켜졌다 꺼지기 반복
2026-04-18 09:54:36,913 [INFO]   [B04] 시도 1/3: 빨강 → 노랑 → 파랑 순서대로 켜졌다 꺼지기 반복
2026-04-18 09:55:19,580 [INFO]   [B04] 빌드 성공 (635KB, 42.7초)
2026-04-18 09:55:46,254 [INFO]   [B04] guide.json 생성 완료
2026-04-18 09:55:46,255 [INFO]   진행: 4/145 (성공:4 실패:0) ETA: 168.1분
2026-04-18 09:55:46,255 [INFO] [5/145] B05: LED 3개로 이진수 0부터 7까지 세기
2026-04-18 09:55:46,255 [INFO]   [B05] 시도 1/3: LED 3개로 이진수 0부터 7까지 세기
2026-04-18 09:56:32,579 [INFO]   [B05] 빌드 성공 (636KB, 46.3초)
2026-04-18 09:57:12,229 [INFO]   [B05] guide.json 생성 완료
2026-04-18 09:57:12,231 [INFO]   진행: 5/145 (성공:5 실패:0) ETA: 173.6분
2026-04-18 09:57:12,231 [INFO] [6/145] C01: 부저 한번 울리기
2026-04-18 09:57:12,232 [INFO]   [C01] 시도 1/3: 부저 한번 울리기
2026-04-18 09:57:59,470 [INFO]   [C01] 빌드 성공 (635KB, 47.2초)
2026-04-18 09:58:25,922 [INFO]   [C01] guide.json 생성 완료
2026-04-18 09:58:25,923 [INFO]   진행: 6/145 (성공:6 실패:0) ETA: 172.1분
2026-04-18 09:58:25,923 [INFO] [7/145] C02: 부저 3번 울리기
2026-04-18 09:58:25,923 [INFO]   [C02] 시도 1/3: 부저 3번 울리기
2026-04-18 09:59:10,778 [INFO]   [C02] 빌드 성공 (635KB, 44.9초)
2026-04-18 09:59:32,735 [INFO]   [C02] guide.json 생성 완료
2026-04-18 09:59:32,736 [INFO]   진행: 7/145 (성공:7 실패:0) ETA: 168.4분
2026-04-18 09:59:32,737 [INFO] [8/145] C03: 부저 짧게 5번, 길게 1번 울리기
2026-04-18 09:59:32,737 [INFO]   [C03] 시도 1/3: 부저 짧게 5번, 길게 1번 울리기
2026-04-18 10:00:23,579 [INFO]   [C03] 빌드 성공 (635KB, 50.8초)
2026-04-18 10:00:53,394 [INFO]   [C03] guide.json 생성 완료
2026-04-18 10:00:53,395 [INFO]   진행: 8/145 (성공:8 실패:0) ETA: 169.3분
2026-04-18 10:00:53,396 [INFO] [9/145] C04: SOS 모스부호 울리기 (짧3 긴3 짧3)
2026-04-18 10:00:53,396 [INFO]   [C04] 시도 1/3: SOS 모스부호 울리기 (짧3 긴3 짧3)
2026-04-18 10:01:52,175 [INFO]   [C04] 빌드 성공 (636KB, 58.8초)
2026-04-18 10:02:24,504 [INFO]   [C04] guide.json 생성 완료
2026-04-18 10:02:24,505 [INFO]   진행: 9/145 (성공:9 실패:0) ETA: 172.4분
2026-04-18 10:02:24,505 [INFO] [10/145] C05: 부저 점점 빠르게 10번 울리기
2026-04-18 10:02:24,506 [INFO]   [C05] 시도 1/3: 부저 점점 빠르게 10번 울리기
2026-04-18 10:03:09,747 [INFO]   [C05] 빌드 성공 (635KB, 45.2초)
2026-04-18 10:03:37,519 [INFO]   [C05] guide.json 생성 완료
2026-04-18 10:03:37,520 [INFO]   진행: 10/145 (성공:10 실패:0) ETA: 170.4분
2026-04-18 10:03:37,520 [INFO] [11/145] D01: 도레미파솔라시도 연주하기
2026-04-18 10:03:37,521 [INFO]   [D01] 시도 1/3: 도레미파솔라시도 연주하기
2026-04-18 10:04:30,105 [INFO]   [D01] 빌드 성공 (635KB, 52.6초)
2026-04-18 10:04:57,310 [INFO]   [D01] guide.json 생성 완료
2026-04-18 10:04:57,311 [INFO]   진행: 11/145 (성공:11 실패:0) ETA: 170.0분
2026-04-18 10:04:57,311 [INFO] [12/145] D02: 도레미파솔라시도 역순으로 연주하기
2026-04-18 10:04:57,313 [INFO]   [D02] 시도 1/3: 도레미파솔라시도 역순으로 연주하기
2026-04-18 10:05:55,106 [INFO]   [D02] 빌드 성공 (635KB, 57.8초)
2026-04-18 10:06:24,065 [INFO]   [D02] guide.json 생성 완료
2026-04-18 10:06:24,066 [INFO]   진행: 12/145 (성공:12 실패:0) ETA: 170.7분
2026-04-18 10:06:24,066 [INFO] [13/145] D03: 도 음만 1초간 울리기
2026-04-18 10:06:24,066 [INFO]   [D03] 시도 1/3: 도 음만 1초간 울리기
2026-04-18 10:07:07,905 [INFO]   [D03] 빌드 성공 (635KB, 43.8초)
2026-04-18 10:07:32,654 [INFO]   [D03] guide.json 생성 완료
2026-04-18 10:07:32,655 [INFO]   진행: 13/145 (성공:13 실패:0) ETA: 168.0분
2026-04-18 10:07:32,655 [INFO] [14/145] D04: 솔 음만 2초간 울리기
2026-04-18 10:07:32,656 [INFO]   [D04] 시도 1/3: 솔 음만 2초간 울리기
2026-04-18 10:08:24,717 [INFO]   [D04] 빌드 성공 (635KB, 52.1초)
2026-04-18 10:08:47,626 [INFO]   [D04] guide.json 생성 완료
2026-04-18 10:08:47,626 [INFO]   진행: 14/145 (성공:14 실패:0) ETA: 166.5분
2026-04-18 10:08:47,627 [INFO] [15/145] D05: 점점 높아지는 소리 내기 (100Hz~1000Hz)
2026-04-18 10:08:47,627 [INFO]   [D05] 시도 1/3: 점점 높아지는 소리 내기 (100Hz~1000Hz)
2026-04-18 10:09:41,848 [INFO]   [D05] 빌드 성공 (635KB, 54.2초)
2026-04-18 10:10:13,106 [INFO]   [D05] guide.json 생성 완료
2026-04-18 10:10:13,107 [INFO]   진행: 15/145 (성공:15 실패:0) ETA: 166.5분
2026-04-18 10:10:13,107 [INFO] [16/145] D06: 점점 낮아지는 소리 내기 (1000Hz~100Hz)
2026-04-18 10:10:13,108 [INFO]   [D06] 시도 1/3: 점점 낮아지는 소리 내기 (1000Hz~100Hz)
2026-04-18 10:11:04,001 [INFO]   [D06] 빌드 성공 (635KB, 50.9초)
2026-04-18 10:11:31,317 [INFO]   [D06] guide.json 생성 완료
2026-04-18 10:11:31,318 [INFO]   진행: 16/145 (성공:16 실패:0) ETA: 165.4분
2026-04-18 10:11:31,318 [INFO] [17/145] E01: OLED에 "Hello" 표시하기
2026-04-18 10:11:31,319 [INFO]   [E01] 시도 1/3: OLED에 "Hello" 표시하기
2026-04-18 10:12:11,449 [INFO]   [E01] 빌드 성공 (635KB, 40.1초)
2026-04-18 10:12:38,698 [INFO]   [E01] guide.json 생성 완료
2026-04-18 10:12:38,699 [INFO]   진행: 17/145 (성공:17 실패:0) ETA: 163.0분
2026-04-18 10:12:38,699 [INFO] [18/145] E02: OLED에 "UTTEC" 크게 표시하기
2026-04-18 10:12:38,700 [INFO]   [E02] 시도 1/3: OLED에 "UTTEC" 크게 표시하기
2026-04-18 10:13:30,439 [INFO]   [E02] 빌드 성공 (635KB, 51.7초)
2026-04-18 10:13:58,292 [INFO]   [E02] guide.json 생성 완료
2026-04-18 10:13:58,293 [INFO]   진행: 18/145 (성공:18 실패:0) ETA: 162.1분
2026-04-18 10:13:58,293 [INFO] [19/145] E03: OLED에 1줄, 2줄, 3줄 텍스트 표시하기
2026-04-18 10:13:58,294 [INFO]   [E03] 시도 1/3: OLED에 1줄, 2줄, 3줄 텍스트 표시하기
2026-04-18 10:14:48,720 [INFO]   [E03] 빌드 성공 (636KB, 50.4초)
2026-04-18 10:15:21,731 [INFO]   [E03] guide.json 생성 완료
2026-04-18 10:15:21,732 [INFO]   진행: 19/145 (성공:19 실패:0) ETA: 161.5분
2026-04-18 10:15:21,732 [INFO] [20/145] E04: OLED에 1부터 10까지 숫자 세기
2026-04-18 10:15:21,734 [INFO]   [E04] 시도 1/3: OLED에 1부터 10까지 숫자 세기
2026-04-18 10:16:00,606 [INFO]   [E04] 빌드 성공 (635KB, 38.9초)
2026-04-18 10:16:27,461 [INFO]   [E04] guide.json 생성 완료
2026-04-18 10:16:27,461 [INFO]   진행: 20/145 (성공:20 실패:0) ETA: 159.1분
2026-04-18 10:16:27,461 [INFO] [21/145] E05: OLED에 카운트다운 5, 4, 3, 2, 1, 0 표시하기
2026-04-18 10:16:27,462 [INFO]   [E05] 시도 1/3: OLED에 카운트다운 5, 4, 3, 2, 1, 0 표시하기
2026-04-18 10:17:17,217 [INFO]   [E05] 빌드 성공 (635KB, 49.8초)
2026-04-18 10:17:40,752 [INFO]   [E05] guide.json 생성 완료
2026-04-18 10:17:40,752 [INFO]   진행: 21/145 (성공:21 실패:0) ETA: 157.5분
2026-04-18 10:17:40,753 [INFO] [22/145] E06: OLED 화면 깜빡이기 (1초 보이고 1초 지우기)
2026-04-18 10:17:40,753 [INFO]   [E06] 시도 1/3: OLED 화면 깜빡이기 (1초 보이고 1초 지우기)
2026-04-18 10:18:22,141 [INFO]   [E06] 빌드 성공 (635KB, 41.4초)
2026-04-18 10:18:48,402 [INFO]   [E06] guide.json 생성 완료
2026-04-18 10:18:48,403 [INFO]   진행: 22/145 (성공:22 실패:0) ETA: 155.5분
2026-04-18 10:18:48,403 [INFO] [23/145] F01: 현재 온도 측정해서 시리얼에 출력하기
2026-04-18 10:18:48,404 [INFO]   [F01] 시도 1/3: 현재 온도 측정해서 시리얼에 출력하기
2026-04-18 10:19:32,838 [INFO]   [F01] 빌드 성공 (636KB, 44.4초)
2026-04-18 10:19:56,405 [INFO]   [F01] guide.json 생성 완료
2026-04-18 10:19:56,406 [INFO]   진행: 23/145 (성공:23 실패:0) ETA: 153.5분
2026-04-18 10:19:56,407 [INFO] [24/145] F02: 온도와 습도를 같이 시리얼에 출력하기
2026-04-18 10:19:56,408 [INFO]   [F02] 시도 1/3: 온도와 습도를 같이 시리얼에 출력하기
2026-04-18 10:20:46,689 [INFO]   [F02] 빌드 성공 (636KB, 50.3초)
2026-04-18 10:21:12,560 [INFO]   [F02] guide.json 생성 완료
2026-04-18 10:21:12,561 [INFO]   진행: 24/145 (성공:24 실패:0) ETA: 152.3분
2026-04-18 10:21:12,561 [INFO] [25/145] F03: 온도를 OLED에 표시하기
2026-04-18 10:21:12,561 [INFO]   [F03] 시도 1/3: 온도를 OLED에 표시하기
2026-04-18 10:22:38,462 [INFO]   [F03] 빌드 성공 (635KB, 85.9초)
2026-04-18 10:23:16,884 [INFO]   [F03] guide.json 생성 완료
2026-04-18 10:23:16,885 [INFO]   진행: 25/145 (성공:25 실패:0) ETA: 154.9분
2026-04-18 10:23:16,886 [INFO] [26/145] F04: 온도와 습도를 OLED에 같이 표시하기
2026-04-18 10:23:16,887 [INFO]   [F04] 시도 1/3: 온도와 습도를 OLED에 같이 표시하기
2026-04-18 10:25:20,332 [INFO]   [F04] 빌드 성공 (635KB, 123.4초)
2026-04-18 10:25:58,197 [INFO]   [F04] guide.json 생성 완료
2026-04-18 10:25:58,198 [INFO]   진행: 26/145 (성공:26 실패:0) ETA: 160.0분
2026-04-18 10:25:58,198 [INFO] [27/145] F05: 3초마다 온도 측정해서 OLED에 업데이트하기
2026-04-18 10:25:58,199 [INFO]   [F05] 시도 1/3: 3초마다 온도 측정해서 OLED에 업데이트하기
2026-04-18 10:26:39,524 [INFO]   [F05] 빌드 성공 (635KB, 41.3초)
2026-04-18 10:27:10,021 [INFO]   [F05] guide.json 생성 완료
2026-04-18 10:27:10,022 [INFO]   진행: 27/145 (성공:27 실패:0) ETA: 158.1분
2026-04-18 10:27:10,022 [INFO] [28/145] G01: 스위치 누르면 빨간 LED 켜기
2026-04-18 10:27:10,024 [INFO]   [G01] 시도 1/3: 스위치 누르면 빨간 LED 켜기
2026-04-18 10:27:53,844 [INFO]   [G01] 빌드 성공 (635KB, 43.8초)
2026-04-18 10:28:22,323 [INFO]   [G01] guide.json 생성 완료
2026-04-18 10:28:22,323 [INFO]   진행: 28/145 (성공:28 실패:0) ETA: 156.2분
2026-04-18 10:28:22,324 [INFO] [29/145] G02: 스위치 누르면 LED 켜고 떼면 끄기
2026-04-18 10:28:22,325 [INFO]   [G02] 시도 1/3: 스위치 누르면 LED 켜고 떼면 끄기
2026-04-18 10:29:03,532 [INFO]   [G02] 빌드 성공 (635KB, 41.2초)
2026-04-18 10:29:32,719 [INFO]   [G02] guide.json 생성 완료
2026-04-18 10:29:32,720 [INFO]   진행: 29/145 (성공:29 실패:0) ETA: 154.2분
2026-04-18 10:29:32,720 [INFO] [30/145] G03: 스위치 누르면 부저 울리기
2026-04-18 10:29:32,720 [INFO]   [G03] 시도 1/3: 스위치 누르면 부저 울리기
2026-04-18 10:30:17,251 [INFO]   [G03] 빌드 성공 (635KB, 44.5초)
2026-04-18 10:30:43,112 [INFO]   [G03] guide.json 생성 완료
2026-04-18 10:30:43,113 [INFO]   진행: 30/145 (성공:30 실패:0) ETA: 152.2분
2026-04-18 10:30:43,113 [INFO] [31/145] G04: 스위치 누르면 OLED에 "PRESSED!" 표시하기
2026-04-18 10:30:43,113 [INFO]   [G04] 시도 1/3: 스위치 누르면 OLED에 "PRESSED!" 표시하기
2026-04-18 10:31:32,403 [INFO]   [G04] 빌드 성공 (635KB, 49.3초)
2026-04-18 10:32:02,749 [INFO]   [G04] guide.json 생성 완료
2026-04-18 10:32:02,750 [INFO]   진행: 31/145 (성공:31 실패:0) ETA: 150.9분
2026-04-18 10:32:02,750 [INFO] [32/145] H01: 신호등 만들기: 빨강 3초, 노랑 1초, 파랑 3초 반복
2026-04-18 10:32:02,751 [INFO]   [H01] 시도 1/3: 신호등 만들기: 빨강 3초, 노랑 1초, 파랑 3초 반복
2026-04-18 10:33:10,481 [INFO]   [H01] 빌드 성공 (635KB, 67.7초)
2026-04-18 10:33:35,387 [INFO]   [H01] guide.json 생성 완료
2026-04-18 10:33:35,388 [INFO]   진행: 32/145 (성공:32 실패:0) ETA: 150.4분
2026-04-18 10:33:35,388 [INFO] [33/145] H02: 비상등: 빨강+파랑 번갈아 0.2초마다 깜빡이기
2026-04-18 10:33:35,388 [INFO]   [H02] 시도 1/3: 비상등: 빨강+파랑 번갈아 0.2초마다 깜빡이기
2026-04-18 10:34:23,075 [INFO]   [H02] 빌드 성공 (635KB, 47.7초)
2026-04-18 10:34:49,726 [INFO]   [H02] guide.json 생성 완료
2026-04-18 10:34:49,727 [INFO]   진행: 33/145 (성공:33 실패:0) ETA: 148.7분
2026-04-18 10:34:49,727 [INFO] [34/145] H03: 빨강 → 노랑 → 파랑 → 노랑 왕복 반복
2026-04-18 10:34:49,727 [INFO]   [H03] 시도 1/3: 빨강 → 노랑 → 파랑 → 노랑 왕복 반복
2026-04-18 10:35:37,720 [INFO]   [H03] 빌드 성공 (635KB, 48.0초)
2026-04-18 10:36:10,616 [INFO]   [H03] guide.json 생성 완료
2026-04-18 10:36:10,616 [INFO]   진행: 34/145 (성공:34 실패:0) ETA: 147.5분
2026-04-18 10:36:10,616 [INFO] [35/145] H04: LED 하나씩 누적: 빨강 → 빨+노 → 빨+노+파 → 전체 끄기
2026-04-18 10:36:10,617 [INFO]   [H04] 시도 1/3: LED 하나씩 누적: 빨강 → 빨+노 → 빨+노+파 → 전체 끄기
2026-04-18 10:36:59,534 [INFO]   [H04] 빌드 성공 (635KB, 48.9초)
2026-04-18 10:37:26,240 [INFO]   [H04] guide.json 생성 완료
2026-04-18 10:37:26,241 [INFO]   진행: 35/145 (성공:35 실패:0) ETA: 145.9분
2026-04-18 10:37:26,241 [INFO] [36/145] H05: 랜덤하게 LED 하나씩 켜기 (0.5초마다)
2026-04-18 10:37:26,241 [INFO]   [H05] 시도 1/3: 랜덤하게 LED 하나씩 켜기 (0.5초마다)
2026-04-18 10:38:19,012 [INFO]   [H05] 빌드 성공 (636KB, 52.8초)
2026-04-18 10:38:46,308 [INFO]   [H05] guide.json 생성 완료
2026-04-18 10:38:46,308 [INFO]   진행: 36/145 (성공:36 실패:0) ETA: 144.6분
2026-04-18 10:38:46,309 [INFO] [37/145] H06: 빨강 빠르게(0.2초), 파랑 느리게(2초) 동시에 깜빡이기
2026-04-18 10:38:46,309 [INFO]   [H06] 시도 1/3: 빨강 빠르게(0.2초), 파랑 느리게(2초) 동시에 깜빡이기
2026-04-18 10:39:34,826 [INFO]   [H06] 빌드 성공 (635KB, 48.5초)
2026-04-18 10:40:06,058 [INFO]   [H06] guide.json 생성 완료
2026-04-18 10:40:06,058 [INFO]   진행: 37/145 (성공:37 실패:0) ETA: 143.3분
2026-04-18 10:40:06,059 [INFO] [38/145] H07: LED 3개로 숨쉬기 효과: 천천히 켜졌다 꺼지기 반복
2026-04-18 10:40:06,059 [INFO]   [H07] 시도 1/3: LED 3개로 숨쉬기 효과: 천천히 켜졌다 꺼지기 반복
2026-04-18 10:41:01,010 [WARNING]   [H07] 시도 1 실패: Build failed:
C:\todo\today\aiHardStudy\사전빌드\ble_ota_arduino\ble_ota_arduino.ino: In function 'void breathingTask(void*)':
C:\todo\today\aiHardStudy\사전빌드\ble_ota_arduino\ble_ota_arduino.ino:446:5: error: 'ledcSetup' was not declared in this scope
C:\todo\today\aiHardStudy\사전빌드\ble_ota_arduino\ble_ota_arduino.ino:449:5: error: 'ledcAttachPin' was not declared in this scope; did you mean 'ledcAttach'?
Error during build: exit status 1

2026-04-18 10:41:03,011 [INFO]   [H07] 시도 2/3: LED 3개로 숨쉬기 효과: 천천히 켜졌다 꺼지기 반복
2026-04-18 10:41:53,495 [WARNING]   [H07] 시도 2 실패: Build failed:
C:\todo\today\aiHardStudy\사전빌드\ble_ota_arduino\ble_ota_arduino.ino: In function 'void breathingTask(void*)':
C:\todo\today\aiHardStudy\사전빌드\ble_ota_arduino\ble_ota_arduino.ino:446:5: error: 'ledcSetup' was not declared in this scope
C:\todo\today\aiHardStudy\사전빌드\ble_ota_arduino\ble_ota_arduino.ino:449:5: error: 'ledcAttachPin' was not declared in this scope; did you mean 'ledcAttach'?
Error during build: exit status 1

2026-04-18 10:41:55,496 [INFO]   [H07] 시도 3/3: LED 3개로 숨쉬기 효과: 천천히 켜졌다 꺼지기 반복
2026-04-18 10:42:54,324 [INFO]   [H07] 빌드 성공 (635KB, 168.3초)
2026-04-18 10:43:21,990 [INFO]   [H07] guide.json 생성 완료
2026-04-18 10:43:21,990 [INFO]   진행: 38/145 (성공:38 실패:0) ETA: 147.4분
2026-04-18 10:43:21,990 [INFO] [39/145] H08: 하트비트: 빨간 LED 빠르게 2번 + 1초 쉬기 반복
2026-04-18 10:43:21,991 [INFO]   [H08] 시도 1/3: 하트비트: 빨간 LED 빠르게 2번 + 1초 쉬기 반복
2026-04-18 10:44:09,973 [INFO]   [H08] 빌드 성공 (635KB, 48.0초)
2026-04-18 10:44:37,679 [INFO]   [H08] guide.json 생성 완료
2026-04-18 10:44:37,679 [INFO]   진행: 39/145 (성공:39 실패:0) ETA: 145.8분
2026-04-18 10:44:37,679 [INFO] [40/145] I01: 학교종 멜로디 연주하기
2026-04-18 10:44:37,680 [INFO]   [I01] 시도 1/3: 학교종 멜로디 연주하기
2026-04-18 10:45:36,290 [INFO]   [I01] 빌드 성공 (636KB, 58.6초)
2026-04-18 10:46:07,987 [INFO]   [I01] guide.json 생성 완료
2026-04-18 10:46:07,987 [INFO]   진행: 40/145 (성공:40 실패:0) ETA: 144.7분
2026-04-18 10:46:07,987 [INFO] [41/145] I02: 반짝반짝 작은별 연주하기
2026-04-18 10:46:07,988 [INFO]   [I02] 시도 1/3: 반짝반짝 작은별 연주하기
2026-04-18 10:47:09,465 [INFO]   [I02] 빌드 성공 (636KB, 61.5초)
2026-04-18 10:47:42,481 [INFO]   [I02] guide.json 생성 완료
2026-04-18 10:47:42,482 [INFO]   진행: 41/145 (성공:41 실패:0) ETA: 143.8분
2026-04-18 10:47:42,482 [INFO] [42/145] I03: 비행기 멜로디 연주하기
2026-04-18 10:47:42,483 [INFO]   [I03] 시도 1/3: 비행기 멜로디 연주하기
2026-04-18 10:49:56,682 [INFO]   [I03] 빌드 성공 (636KB, 134.2초)
2026-04-18 10:50:29,802 [INFO]   [I03] guide.json 생성 완료
2026-04-18 10:50:29,803 [INFO]   진행: 42/145 (성공:42 실패:0) ETA: 145.9분
2026-04-18 10:50:29,803 [INFO] [43/145] I04: 곰 세 마리 멜로디 연주하기
2026-04-18 10:50:29,803 [INFO]   [I04] 시도 1/3: 곰 세 마리 멜로디 연주하기
2026-04-18 10:52:31,359 [INFO]   [I04] 빌드 성공 (636KB, 121.6초)
2026-04-18 10:53:00,465 [INFO]   [I04] guide.json 생성 완료
2026-04-18 10:53:00,466 [INFO]   진행: 43/145 (성공:43 실패:0) ETA: 147.1분
2026-04-18 10:53:00,466 [INFO] [44/145] I05: 생일 축하 노래 연주하기
2026-04-18 10:53:00,467 [INFO]   [I05] 시도 1/3: 생일 축하 노래 연주하기
2026-04-18 10:54:05,282 [INFO]   [I05] 빌드 성공 (636KB, 64.8초)
2026-04-18 10:54:39,462 [INFO]   [I05] guide.json 생성 완료
2026-04-18 10:54:39,463 [INFO]   진행: 44/145 (성공:44 실패:0) ETA: 146.1분
2026-04-18 10:54:39,463 [INFO] [45/145] I06: 경찰차 사이렌: 높은음↔낮은음 반복
2026-04-18 10:54:39,463 [INFO]   [I06] 시도 1/3: 경찰차 사이렌: 높은음↔낮은음 반복
2026-04-18 10:55:26,785 [INFO]   [I06] 빌드 성공 (635KB, 47.3초)
2026-04-18 10:55:54,727 [INFO]   [I06] guide.json 생성 완료
2026-04-18 10:55:54,727 [INFO]   진행: 45/145 (성공:45 실패:0) ETA: 144.2분
2026-04-18 10:55:54,728 [INFO] [46/145] I07: 구급차 사이렌: 점점 높아졌다 낮아지기 반복
2026-04-18 10:55:54,728 [INFO]   [I07] 시도 1/3: 구급차 사이렌: 점점 높아졌다 낮아지기 반복
2026-04-18 10:56:48,336 [INFO]   [I07] 빌드 성공 (635KB, 53.6초)
2026-04-18 10:57:13,742 [INFO]   [I07] guide.json 생성 완료
2026-04-18 10:57:13,743 [INFO]   진행: 46/145 (성공:46 실패:0) ETA: 142.5분
2026-04-18 10:57:13,743 [INFO] [47/145] I08: 게임 시작 효과음: 낮은음→높은음 빠르게
2026-04-18 10:57:13,743 [INFO]   [I08] 시도 1/3: 게임 시작 효과음: 낮은음→높은음 빠르게
2026-04-18 10:57:57,895 [INFO]   [I08] 빌드 성공 (635KB, 44.2초)
2026-04-18 10:58:22,602 [INFO]   [I08] guide.json 생성 완료
2026-04-18 10:58:22,602 [INFO]   진행: 47/145 (성공:47 실패:0) ETA: 140.5분
2026-04-18 10:58:22,602 [INFO] [48/145] I09: 게임 오버 효과음: 높은음→낮은음 느리게
2026-04-18 10:58:22,603 [INFO]   [I09] 시도 1/3: 게임 오버 효과음: 높은음→낮은음 느리게
2026-04-18 10:59:05,979 [INFO]   [I09] 빌드 성공 (635KB, 43.4초)
2026-04-18 10:59:33,372 [INFO]   [I09] guide.json 생성 완료
2026-04-18 10:59:33,372 [INFO]   진행: 48/145 (성공:48 실패:0) ETA: 138.5분
2026-04-18 10:59:33,372 [INFO] [49/145] I10: 레벨업 효과음: 도미솔도(높은) 빠르게
2026-04-18 10:59:33,373 [INFO]   [I10] 시도 1/3: 레벨업 효과음: 도미솔도(높은) 빠르게
2026-04-18 11:00:16,595 [INFO]   [I10] 빌드 성공 (635KB, 43.2초)
2026-04-18 11:00:41,055 [INFO]   [I10] guide.json 생성 완료
2026-04-18 11:00:41,056 [INFO]   진행: 49/145 (성공:49 실패:0) ETA: 136.5분
2026-04-18 11:00:41,056 [INFO] [50/145] J01: 빨간 LED 켜면서 부저 한번 울리기
2026-04-18 11:00:41,056 [INFO]   [J01] 시도 1/3: 빨간 LED 켜면서 부저 한번 울리기
2026-04-18 11:01:25,647 [INFO]   [J01] 빌드 성공 (635KB, 44.6초)
2026-04-18 11:01:50,002 [INFO]   [J01] guide.json 생성 완료
2026-04-18 11:01:50,003 [INFO]   진행: 50/145 (성공:50 실패:0) ETA: 134.6분
2026-04-18 11:01:50,003 [INFO] [51/145] J02: LED 깜빡일 때마다 부저 울리기
2026-04-18 11:01:50,003 [INFO]   [J02] 시도 1/3: LED 깜빡일 때마다 부저 울리기
2026-04-18 11:02:35,205 [INFO]   [J02] 빌드 성공 (635KB, 45.2초)
2026-04-18 11:03:00,825 [INFO]   [J02] guide.json 생성 완료
2026-04-18 11:03:00,825 [INFO]   진행: 51/145 (성공:51 실패:0) ETA: 132.7분
2026-04-18 11:03:00,825 [INFO] [52/145] J03: LED 순서대로 켜면서 도레미 연주하기
2026-04-18 11:03:00,826 [INFO]   [J03] 시도 1/3: LED 순서대로 켜면서 도레미 연주하기
2026-04-18 11:03:56,163 [INFO]   [J03] 빌드 성공 (635KB, 55.3초)
2026-04-18 11:04:20,611 [INFO]   [J03] guide.json 생성 완료
2026-04-18 11:04:20,612 [INFO]   진행: 52/145 (성공:52 실패:0) ETA: 131.2분
2026-04-18 11:04:20,612 [INFO] [53/145] J04: 알람: LED 전체 빠르게 깜빡 + 부저 빠르게 반복
2026-04-18 11:04:20,612 [INFO]   [J04] 시도 1/3: 알람: LED 전체 빠르게 깜빡 + 부저 빠르게 반복
2026-04-18 11:05:06,122 [INFO]   [J04] 빌드 성공 (635KB, 45.5초)
2026-04-18 11:05:34,037 [INFO]   [J04] guide.json 생성 완료
2026-04-18 11:05:34,038 [INFO]   진행: 53/145 (성공:53 실패:0) ETA: 129.4분
2026-04-18 11:05:34,038 [INFO] [54/145] J05: 크리스마스: LED 랜덤 + 징글벨 멜로디
2026-04-18 11:05:34,038 [INFO]   [J05] 시도 1/3: 크리스마스: LED 랜덤 + 징글벨 멜로디
2026-04-18 11:06:59,034 [INFO]   [J05] 빌드 성공 (636KB, 85.0초)
2026-04-18 11:07:30,277 [INFO]   [J05] guide.json 생성 완료
2026-04-18 11:07:30,278 [INFO]   진행: 54/145 (성공:54 실패:0) ETA: 128.9분
2026-04-18 11:07:30,278 [INFO] [55/145] K01: 온도 25도 이하면 파란 LED, 넘으면 빨간 LED
2026-04-18 11:07:30,279 [INFO]   [K01] 시도 1/3: 온도 25도 이하면 파란 LED, 넘으면 빨간 LED
2026-04-18 11:08:15,701 [WARNING]   [K01] 시도 1 실패: Build failed:
a_arduino\ble_ota_arduino.ino:15:
C:\todo\today\aiHardStudy\사전빌드\ble_ota_arduino\ssd1306.h:131:45: note:   initializing argument 3 of 'void SSD1306::drawString(int, int, const char*)'
C:\todo\today\aiHardStudy\사전빌드\ble_ota_arduino\ble_ota_arduino.ino:484:55: error: cannot convert 'StringSumHelper' to 'const char*'
C:\todo\today\aiHardStudy\사전빌드\ble_ota_arduino\ssd1306.h:131:45: note:   initializing argument 3 of 'void SSD1306::drawString(int, int, const char*)'
Error during build: exit status 1

2026-04-18 11:08:17,702 [INFO]   [K01] 시도 2/3: 온도 25도 이하면 파란 LED, 넘으면 빨간 LED
2026-04-18 11:08:56,132 [WARNING]   [K01] 시도 2 실패: Build failed:
ota_arduino\ble_ota_arduino.ino:472:9: error: 'currentTemp' was not declared in this scope
C:\todo\today\aiHardStudy\사전빌드\ble_ota_arduino\ble_ota_arduino.ino:476:58: error: cannot convert 'StringSumHelper' to 'const char*'
In file included from C:\todo\today\aiHardStudy\사전빌드\ble_ota_arduino\ble_ota_arduino.ino:15:
C:\todo\today\aiHardStudy\사전빌드\ble_ota_arduino\ssd1306.h:131:45: note:   initializing argument 3 of 'void SSD1306::drawString(int, int, const char*)'
Error during build: exit status 1

2026-04-18 11:08:58,133 [INFO]   [K01] 시도 3/3: 온도 25도 이하면 파란 LED, 넘으면 빨간 LED
2026-04-18 11:09:42,380 [INFO]   [K01] 빌드 성공 (635KB, 132.1초)
2026-04-18 11:10:10,293 [INFO]   [K01] guide.json 생성 완료
2026-04-18 11:10:10,294 [INFO]   진행: 55/145 (성공:55 실패:0) ETA: 129.6분
2026-04-18 11:10:10,294 [INFO] [56/145] K02: 온도에 따라 LED 색 바꾸기 (낮으면 파랑, 보통 노랑, 높으면 빨강)
2026-04-18 11:10:10,294 [INFO]   [K02] 시도 1/3: 온도에 따라 LED 색 바꾸기 (낮으면 파랑, 보통 노랑, 높으면 빨강)
2026-04-18 11:11:03,587 [INFO]   [K02] 빌드 성공 (636KB, 53.3초)
2026-04-18 11:11:34,753 [INFO]   [K02] guide.json 생성 완료
2026-04-18 11:11:34,754 [INFO]   진행: 56/145 (성공:56 실패:0) ETA: 128.1분
2026-04-18 11:11:34,754 [INFO] [57/145] K03: 온도 28도 넘으면 부저 울리기
2026-04-18 11:11:34,755 [INFO]   [K03] 시도 1/3: 온도 28도 넘으면 부저 울리기
2026-04-18 11:12:39,385 [INFO]   [K03] 빌드 성공 (636KB, 64.6초)
2026-04-18 11:13:03,349 [INFO]   [K03] guide.json 생성 완료
2026-04-18 11:13:03,350 [INFO]   진행: 57/145 (성공:57 실패:0) ETA: 126.7분
2026-04-18 11:13:03,350 [INFO] [58/145] K04: 습도 70% 넘으면 노란 LED 깜빡이기
2026-04-18 11:13:03,351 [INFO]   [K04] 시도 1/3: 습도 70% 넘으면 노란 LED 깜빡이기
2026-04-18 11:13:46,258 [WARNING]   [K04] 시도 1 실패: Build failed:
a_arduino\ble_ota_arduino.ino:15:
C:\todo\today\aiHardStudy\사전빌드\ble_ota_arduino\ssd1306.h:131:45: note:   initializing argument 3 of 'void SSD1306::drawString(int, int, const char*)'
C:\todo\today\aiHardStudy\사전빌드\ble_ota_arduino\ble_ota_arduino.ino:487:55: error: cannot convert 'StringSumHelper' to 'const char*'
C:\todo\today\aiHardStudy\사전빌드\ble_ota_arduino\ssd1306.h:131:45: note:   initializing argument 3 of 'void SSD1306::drawString(int, int, const char*)'
Error during build: exit status 1

2026-04-18 11:13:48,259 [INFO]   [K04] 시도 2/3: 습도 70% 넘으면 노란 LED 깜빡이기
2026-04-18 11:14:32,718 [WARNING]   [K04] 시도 2 실패: Build failed:
a_arduino\ble_ota_arduino.ino:15:
C:\todo\today\aiHardStudy\사전빌드\ble_ota_arduino\ssd1306.h:131:45: note:   initializing argument 3 of 'void SSD1306::drawString(int, int, const char*)'
C:\todo\today\aiHardStudy\사전빌드\ble_ota_arduino\ble_ota_arduino.ino:471:55: error: cannot convert 'StringSumHelper' to 'const char*'
C:\todo\today\aiHardStudy\사전빌드\ble_ota_arduino\ssd1306.h:131:45: note:   initializing argument 3 of 'void SSD1306::drawString(int, int, const char*)'
Error during build: exit status 1

2026-04-18 11:14:34,719 [INFO]   [K04] 시도 3/3: 습도 70% 넘으면 노란 LED 깜빡이기
2026-04-18 11:15:24,107 [WARNING]   [K04] 시도 3 실패: Build failed:
a_arduino\ble_ota_arduino.ino:15:
C:\todo\today\aiHardStudy\사전빌드\ble_ota_arduino\ssd1306.h:131:45: note:   initializing argument 3 of 'void SSD1306::drawString(int, int, const char*)'
C:\todo\today\aiHardStudy\사전빌드\ble_ota_arduino\ble_ota_arduino.ino:485:55: error: cannot convert 'StringSumHelper' to 'const char*'
C:\todo\today\aiHardStudy\사전빌드\ble_ota_arduino\ssd1306.h:131:45: note:   initializing argument 3 of 'void SSD1306::drawString(int, int, const char*)'
Error during build: exit status 1

2026-04-18 11:15:24,108 [ERROR]   [K04] 최종 실패: Build failed:
a_arduino\ble_ota_arduino.ino:15:
C:\todo\today\aiHardStudy\사전빌드\ble_ota_arduino\ssd1306.h:131:45: note:   initializing argument 3 of 'void SSD1306::drawString(int, int, const char*)'
C:\todo\today\aiHardStudy\사전빌드\ble_ota_arduino\ble_ota_arduino.ino:485:55: error: cannot convert 'StringSumHelper' to 'const char*'
C:\todo\today\aiHardStudy\사전빌드\ble_ota_arduino\ssd1306.h:131:45: note:   initializing argument 3 of 'void SSD1306::drawString(int, int, const char*)'
Error during build: exit status 1

2026-04-18 11:15:24,108 [INFO]   진행: 58/145 (성공:57 실패:1) ETA: 126.6분
2026-04-18 11:15:24,108 [INFO] [59/145] K05: 온도를 OLED에 표시하고 30도 넘으면 "HOT!" 표시
2026-04-18 11:15:24,109 [INFO]   [K05] 시도 1/3: 온도를 OLED에 표시하고 30도 넘으면 "HOT!" 표시
2026-04-18 11:16:14,635 [INFO]   [K05] 빌드 성공 (635KB, 50.5초)
2026-04-18 11:16:48,406 [INFO]   [K05] guide.json 생성 완료
2026-04-18 11:16:48,407 [INFO]   진행: 59/145 (성공:58 실패:1) ETA: 125.1분
2026-04-18 11:16:48,407 [INFO] [60/145] L01: 스위치 누를 때마다 LED 토글 (켜짐↔꺼짐)
2026-04-18 11:16:48,407 [INFO]   [L01] 시도 1/3: 스위치 누를 때마다 LED 토글 (켜짐↔꺼짐)
2026-04-18 11:17:43,322 [INFO]   [L01] 빌드 성공 (635KB, 54.9초)
2026-04-18 11:18:11,161 [INFO]   [L01] guide.json 생성 완료
2026-04-18 11:18:11,162 [INFO]   진행: 60/145 (성공:59 실패:1) ETA: 123.5분
2026-04-18 11:18:11,162 [INFO] [61/145] L02: 스위치 누를 때마다 LED 색 바꾸기 (빨→노→파 순환)
2026-04-18 11:18:11,162 [INFO]   [L02] 시도 1/3: 스위치 누를 때마다 LED 색 바꾸기 (빨→노→파 순환)
2026-04-18 11:18:57,405 [INFO]   [L02] 빌드 성공 (635KB, 46.2초)
2026-04-18 11:19:29,143 [INFO]   [L02] guide.json 생성 완료
2026-04-18 11:19:29,144 [INFO]   진행: 61/145 (성공:60 실패:1) ETA: 121.8분
2026-04-18 11:19:29,144 [INFO] [62/145] L03: 스위치 누른 횟수 OLED에 표시하기
2026-04-18 11:19:29,144 [INFO]   [L03] 시도 1/3: 스위치 누른 횟수 OLED에 표시하기
2026-04-18 11:20:20,261 [INFO]   [L03] 빌드 성공 (635KB, 51.1초)
2026-04-18 11:20:45,922 [INFO]   [L03] guide.json 생성 완료
2026-04-18 11:20:45,922 [INFO]   진행: 62/145 (성공:61 실패:1) ETA: 120.2분
2026-04-18 11:20:45,923 [INFO] [63/145] L04: 스위치 3번 누르면 멜로디 재생하기
2026-04-18 11:20:45,923 [INFO]   [L04] 시도 1/3: 스위치 3번 누르면 멜로디 재생하기
2026-04-18 11:21:29,964 [WARNING]   [L04] 시도 1 실패: Build failed:
ota_arduino\ble_ota_arduino.ino: In function 'void loop()':
C:\todo\today\aiHardStudy\사전빌드\ble_ota_arduino\ble_ota_arduino.ino:487:19: error: 'lastState' was not declared in this scope; did you mean 'eTaskState'?
C:\todo\today\aiHardStudy\사전빌드\ble_ota_arduino\ble_ota_arduino.ino:488:20: error: 'lastDebounce' was not declared in this scope
C:\todo\today\aiHardStudy\사전빌드\ble_ota_arduino\ble_ota_arduino.ino:493:9: error: 'pressCount' was not declared in this scope
Error during build: exit status 1

2026-04-18 11:21:31,966 [INFO]   [L04] 시도 2/3: 스위치 3번 누르면 멜로디 재생하기
2026-04-18 11:22:23,870 [INFO]   [L04] 빌드 성공 (636KB, 97.9초)
2026-04-18 11:22:53,582 [INFO]   [L04] guide.json 생성 완료
2026-04-18 11:22:53,583 [INFO]   진행: 63/145 (성공:62 실패:1) ETA: 119.6분
2026-04-18 11:22:53,583 [INFO] [64/145] L05: 스위치 길게 누르면(2초) 모든 LED 끄기
2026-04-18 11:22:53,583 [INFO]   [L05] 시도 1/3: 스위치 길게 누르면(2초) 모든 LED 끄기
2026-04-18 11:23:45,963 [INFO]   [L05] 빌드 성공 (635KB, 52.4초)
2026-04-18 11:24:17,965 [INFO]   [L05] guide.json 생성 완료
2026-04-18 11:24:17,966 [INFO]   진행: 64/145 (성공:63 실패:1) ETA: 118.1분
2026-04-18 11:24:17,966 [INFO] [65/145] M01: OLED에 "빨강!" 표시하고 빨간 LED 켜기
2026-04-18 11:24:17,966 [INFO]   [M01] 시도 1/3: OLED에 "빨강!" 표시하고 빨간 LED 켜기
2026-04-18 11:25:01,577 [INFO]   [M01] 빌드 성공 (635KB, 43.6초)
2026-04-18 11:25:26,412 [INFO]   [M01] guide.json 생성 완료
2026-04-18 11:25:26,412 [INFO]   진행: 65/145 (성공:64 실패:1) ETA: 116.2분
2026-04-18 11:25:26,413 [INFO] [66/145] M02: OLED에 현재 켜진 LED 이름 표시하기
2026-04-18 11:25:26,413 [INFO]   [M02] 시도 1/3: OLED에 현재 켜진 LED 이름 표시하기
2026-04-18 11:26:25,482 [INFO]   [M02] 빌드 성공 (636KB, 59.1초)
2026-04-18 11:26:50,941 [INFO]   [M02] guide.json 생성 완료
2026-04-18 11:26:50,942 [INFO]   진행: 66/145 (성공:65 실패:1) ETA: 114.7분
2026-04-18 11:26:50,942 [INFO] [67/145] M03: OLED에 카운트다운 5초 후 LED 전체 켜기
2026-04-18 11:26:50,942 [INFO]   [M03] 시도 1/3: OLED에 카운트다운 5초 후 LED 전체 켜기
2026-04-18 11:27:36,386 [INFO]   [M03] 빌드 성공 (635KB, 45.4초)
2026-04-18 11:28:06,283 [INFO]   [M03] guide.json 생성 완료
2026-04-18 11:28:06,283 [INFO]   진행: 67/145 (성공:66 실패:1) ETA: 113.0분
2026-04-18 11:28:06,283 [INFO] [68/145] M04: OLED에 초시계 표시 (0.0, 0.1, 0.2...)
2026-04-18 11:28:06,284 [INFO]   [M04] 시도 1/3: OLED에 초시계 표시 (0.0, 0.1, 0.2...)
2026-04-18 11:28:56,907 [INFO]   [M04] 빌드 성공 (635KB, 50.6초)
2026-04-18 11:29:24,660 [INFO]   [M04] guide.json 생성 완료
2026-04-18 11:29:24,661 [INFO]   진행: 68/145 (성공:67 실패:1) ETA: 111.4분
2026-04-18 11:29:24,661 [INFO] [69/145] M05: OLED에 현재 동작 시간(초) 계속 표시하기
2026-04-18 11:29:24,661 [INFO]   [M05] 시도 1/3: OLED에 현재 동작 시간(초) 계속 표시하기
2026-04-18 11:30:08,992 [INFO]   [M05] 빌드 성공 (636KB, 44.3초)
2026-04-18 11:30:32,756 [INFO]   [M05] guide.json 생성 완료
2026-04-18 11:30:32,757 [INFO]   진행: 69/145 (성공:68 실패:1) ETA: 109.6분
2026-04-18 11:30:32,757 [INFO] [70/145] N01: 신호등 + 파란불일 때 "WALK" OLED 표시 + 보행 알림음
2026-04-18 11:30:32,757 [INFO]   [N01] 시도 1/3: 신호등 + 파란불일 때 "WALK" OLED 표시 + 보행 알림음
2026-04-18 11:31:42,404 [INFO]   [N01] 빌드 성공 (636KB, 69.6초)
2026-04-18 11:32:15,032 [INFO]   [N01] guide.json 생성 완료
2026-04-18 11:32:15,033 [INFO]   진행: 70/145 (성공:69 실패:1) ETA: 108.5분
2026-04-18 11:32:15,033 [INFO] [71/145] N02: LED 순서대로 켜면서 음계+OLED에 음 이름 표시
2026-04-18 11:32:15,034 [INFO]   [N02] 시도 1/3: LED 순서대로 켜면서 음계+OLED에 음 이름 표시
2026-04-18 11:33:17,263 [WARNING]   [N02] 시도 1 실패: Build failed:
C:\todo\today\aiHardStudy\사전빌드\ble_ota_arduino\ble_ota_arduino.ino:445:11: error: redefinition of 'const int NOTES []'
C:\todo\today\aiHardStudy\사전빌드\ble_ota_arduino\ble_ota_arduino.ino:147:18: note: 'const int NOTES [8]' previously defined here
Error during build: exit status 1

2026-04-18 11:33:19,264 [INFO]   [N02] 시도 2/3: LED 순서대로 켜면서 음계+OLED에 음 이름 표시
2026-04-18 11:34:30,401 [INFO]   [N02] 빌드 성공 (636KB, 135.4초)
2026-04-18 11:35:08,860 [INFO]   [N02] guide.json 생성 완료
2026-04-18 11:35:08,861 [INFO]   진행: 71/145 (성공:70 실패:1) ETA: 108.5분
2026-04-18 11:35:08,861 [INFO] [72/145] N03: 모스부호 SOS: LED+부저+OLED에 ···---··· 동시 표시
2026-04-18 11:35:08,862 [INFO]   [N03] 시도 1/3: 모스부호 SOS: LED+부저+OLED에 ···---··· 동시 표시
2026-04-18 11:36:30,206 [INFO]   [N03] 빌드 성공 (636KB, 81.3초)
2026-04-18 11:37:02,778 [INFO]   [N03] guide.json 생성 완료
2026-04-18 11:37:02,779 [INFO]   진행: 72/145 (성공:71 실패:1) ETA: 107.5분
2026-04-18 11:37:02,780 [INFO] [73/145] N04: 무드등: LED 3개 랜덤 패턴 + 오르골 멜로디
2026-04-18 11:37:02,780 [INFO]   [N04] 시도 1/3: 무드등: LED 3개 랜덤 패턴 + 오르골 멜로디
2026-04-18 11:38:34,649 [INFO]   [N04] 빌드 성공 (636KB, 91.9초)
2026-04-18 11:39:05,908 [INFO]   [N04] guide.json 생성 완료
2026-04-18 11:39:05,909 [INFO]   진행: 73/145 (성공:72 실패:1) ETA: 106.6분
2026-04-18 11:39:05,909 [INFO] [74/145] N05: 기상 알람: 카운트다운 OLED → 멜로디 → LED 전체 점멸
2026-04-18 11:39:05,910 [INFO]   [N05] 시도 1/3: 기상 알람: 카운트다운 OLED → 멜로디 → LED 전체 점멸
2026-04-18 11:40:24,348 [INFO]   [N05] 빌드 성공 (636KB, 78.4초)
2026-04-18 11:40:59,736 [INFO]   [N05] guide.json 생성 완료
2026-04-18 11:40:59,737 [INFO]   진행: 74/145 (성공:73 실패:1) ETA: 105.5분
2026-04-18 11:40:59,737 [INFO] [75/145] O01: 온도계: OLED에 온도+막대그래프 표시
2026-04-18 11:40:59,738 [INFO]   [O01] 시도 1/3: 온도계: OLED에 온도+막대그래프 표시
2026-04-18 11:42:20,433 [INFO]   [O01] 빌드 성공 (635KB, 80.7초)
2026-04-18 11:42:46,255 [INFO]   [O01] guide.json 생성 완료
2026-04-18 11:42:46,256 [INFO]   진행: 75/145 (성공:74 실패:1) ETA: 104.3분
2026-04-18 11:42:46,256 [INFO] [76/145] O02: 열사병 경보: 35도 이상 → LED 전체 점멸+사이렌+OLED "DANGER"
2026-04-18 11:42:46,257 [INFO]   [O02] 시도 1/3: 열사병 경보: 35도 이상 → LED 전체 점멸+사이렌+OLED "DANGER"
2026-04-18 11:43:43,720 [INFO]   [O02] 빌드 성공 (637KB, 57.5초)
2026-04-18 11:44:17,741 [INFO]   [O02] guide.json 생성 완료
2026-04-18 11:44:17,741 [INFO]   진행: 76/145 (성공:75 실패:1) ETA: 102.9분
2026-04-18 11:44:17,742 [INFO] [77/145] O03: 쾌적도 표시: 온습도 조합 → OLED에 상태 표시 (Good/Bad/Danger)
2026-04-18 11:44:17,742 [INFO]   [O03] 시도 1/3: 쾌적도 표시: 온습도 조합 → OLED에 상태 표시 (Good/Bad/Danger)
2026-04-18 11:45:09,669 [WARNING]   [O03] 시도 1 실패: Build failed:
C:\todo\today\aiHardStudy\사전빌드\ble_ota_arduino\ble_ota_arduino.ino:456:1: error: 'ComfortLevel' does not name a type
Error during build: exit status 1

2026-04-18 11:45:11,670 [INFO]   [O03] 시도 2/3: 쾌적도 표시: 온습도 조합 → OLED에 상태 표시 (Good/Bad/Danger)
2026-04-18 11:46:08,301 [INFO]   [O03] 빌드 성공 (636KB, 110.6초)
2026-04-18 11:46:35,969 [INFO]   [O03] guide.json 생성 완료
2026-04-18 11:46:35,971 [INFO]   진행: 77/145 (성공:76 실패:1) ETA: 102.1분
2026-04-18 11:46:35,971 [INFO] [78/145] O04: 5초마다 온도 측정 + 최고/최저/평균 OLED 표시
2026-04-18 11:46:35,972 [INFO]   [O04] 시도 1/3: 5초마다 온도 측정 + 최고/최저/평균 OLED 표시
2026-04-18 11:47:24,128 [INFO]   [O04] 빌드 성공 (635KB, 48.2초)
2026-04-18 11:47:54,796 [INFO]   [O04] guide.json 생성 완료
2026-04-18 11:47:54,797 [INFO]   진행: 78/145 (성공:77 실패:1) ETA: 100.4분
2026-04-18 11:47:54,797 [INFO] [79/145] O05: 온도 변화 감지: 1도 이상 변하면 부저 알림 + OLED 표시
2026-04-18 11:47:54,798 [INFO]   [O05] 시도 1/3: 온도 변화 감지: 1도 이상 변하면 부저 알림 + OLED 표시
2026-04-18 11:48:51,821 [INFO]   [O05] 빌드 성공 (636KB, 57.0초)
2026-04-18 11:49:18,128 [INFO]   [O05] guide.json 생성 완료
2026-04-18 11:49:18,129 [INFO]   진행: 79/145 (성공:78 실패:1) ETA: 98.8분
2026-04-18 11:49:18,129 [INFO] [80/145] O06: 온도 이력 그래프: OLED에 최근 20개 온도를 점으로 표시
2026-04-18 11:49:18,130 [INFO]   [O06] 시도 1/3: 온도 이력 그래프: OLED에 최근 20개 온도를 점으로 표시
2026-04-18 11:50:40,241 [WARNING]   [O06] 시도 1 실패: Build failed:
_arduino.ino:507:14: error: 'class SSD1306' has no member named 'drawPixel'
C:\todo\today\aiHardStudy\사전빌드\ble_ota_arduino\ble_ota_arduino.ino:508:14: error: 'class SSD1306' has no member named 'drawPixel'
C:\todo\today\aiHardStudy\사전빌드\ble_ota_arduino\ble_ota_arduino.ino:509:14: error: 'class SSD1306' has no member named 'drawPixel'
C:\todo\today\aiHardStudy\사전빌드\ble_ota_arduino\ble_ota_arduino.ino:510:14: error: 'class SSD1306' has no member named 'drawPixel'
Error during build: exit status 1

2026-04-18 11:50:42,242 [INFO]   [O06] 시도 2/3: 온도 이력 그래프: OLED에 최근 20개 온도를 점으로 표시
2026-04-18 11:52:29,342 [INFO]   [O06] 빌드 성공 (636KB, 191.2초)
2026-04-18 11:53:02,773 [INFO]   [O06] guide.json 생성 완료
2026-04-18 11:53:02,774 [INFO]   진행: 80/145 (성공:79 실패:1) ETA: 99.2분
2026-04-18 11:53:02,774 [INFO] [81/145] P01: 스위치로 모드 전환: 1번=LED 깜빡, 2번=멜로디, 3번=온도
2026-04-18 11:53:02,775 [INFO]   [P01] 시도 1/3: 스위치로 모드 전환: 1번=LED 깜빡, 2번=멜로디, 3번=온도
2026-04-18 11:54:31,995 [WARNING]   [P01] 시도 1 실패: Build failed:
전빌드\ble_ota_arduino\ble_ota_arduino.ino: In function 'void buttonTask(void*)':
C:\todo\today\aiHardStudy\사전빌드\ble_ota_arduino\ble_ota_arduino.ino:489:17: error: 'mode' was not declared in this scope; did you mean 'modf'?
C:\todo\today\aiHardStudy\사전빌드\ble_ota_arduino\ble_ota_arduino.ino: In function 'void appTask(void*)':
C:\todo\today\aiHardStudy\사전빌드\ble_ota_arduino\ble_ota_arduino.ino:509:13: error: 'mode' was not declared in this scope; did you mean 'modf'?
Error during build: exit status 1

2026-04-18 11:54:33,996 [INFO]   [P01] 시도 2/3: 스위치로 모드 전환: 1번=LED 깜빡, 2번=멜로디, 3번=온도
2026-04-18 11:55:50,527 [WARNING]   [P01] 시도 2 실패: Build failed:
a_arduino\ble_ota_arduino.ino:15:
C:\todo\today\aiHardStudy\사전빌드\ble_ota_arduino\ssd1306.h:131:45: note:   initializing argument 3 of 'void SSD1306::drawString(int, int, const char*)'
C:\todo\today\aiHardStudy\사전빌드\ble_ota_arduino\ble_ota_arduino.ino:509:67: error: cannot convert 'StringSumHelper' to 'const char*'
C:\todo\today\aiHardStudy\사전빌드\ble_ota_arduino\ssd1306.h:131:45: note:   initializing argument 3 of 'void SSD1306::drawString(int, int, const char*)'
Error during build: exit status 1

2026-04-18 11:55:52,528 [INFO]   [P01] 시도 3/3: 스위치로 모드 전환: 1번=LED 깜빡, 2번=멜로디, 3번=온도
2026-04-18 11:57:06,250 [WARNING]   [P01] 시도 3 실패: Build failed:
StringSumHelper' to 'const char*'
C:\todo\today\aiHardStudy\사전빌드\ble_ota_arduino\ssd1306.h:131:45: note:   initializing argument 3 of 'void SSD1306::drawString(int, int, const char*)'
C:\todo\today\aiHardStudy\사전빌드\ble_ota_arduino\ble_ota_arduino.ino:518:64: error: cannot convert 'StringSumHelper' to 'const char*'
C:\todo\today\aiHardStudy\사전빌드\ble_ota_arduino\ssd1306.h:131:45: note:   initializing argument 3 of 'void SSD1306::drawString(int, int, const char*)'
Error during build: exit status 1

2026-04-18 11:57:06,250 [ERROR]   [P01] 최종 실패: Build failed:
StringSumHelper' to 'const char*'
C:\todo\today\aiHardStudy\사전빌드\ble_ota_arduino\ssd1306.h:131:45: note:   initializing argument 3 of 'void SSD1306::drawString(int, int, const char*)'
C:\todo\today\aiHardStudy\사전빌드\ble_ota_arduino\ble_ota_arduino.ino:518:64: error: cannot convert 'StringSumHelper' to 'const char*'
C:\todo\today\aiHardStudy\사전빌드\ble_ota_arduino\ssd1306.h:131:45: note:   initializing argument 3 of 'void SSD1306::drawString(int, int, const char*)'
Error during build: exit status 1

2026-04-18 11:57:06,250 [INFO]   진행: 81/145 (성공:79 실패:2) ETA: 99.6분
2026-04-18 11:57:06,250 [INFO] [82/145] P02: 스위치 더블클릭 감지: 1번 누르면 빨강, 빠르게 2번 누르면 파랑
2026-04-18 11:57:06,251 [INFO]   [P02] 시도 1/3: 스위치 더블클릭 감지: 1번 누르면 빨강, 빠르게 2번 누르면 파랑
2026-04-18 11:58:07,171 [INFO]   [P02] 빌드 성공 (635KB, 60.9초)
2026-04-18 11:58:33,772 [INFO]   [P02] guide.json 생성 완료
2026-04-18 11:58:33,772 [INFO]   진행: 82/145 (성공:80 실패:2) ETA: 98.0분
2026-04-18 11:58:33,772 [INFO] [83/145] P03: 스위치로 OLED 메뉴 네비게이션: 누를 때마다 메뉴 항목 이동
2026-04-18 11:58:33,773 [INFO]   [P03] 시도 1/3: 스위치로 OLED 메뉴 네비게이션: 누를 때마다 메뉴 항목 이동
2026-04-18 11:59:19,844 [INFO]   [P03] 빌드 성공 (635KB, 46.1초)
2026-04-18 11:59:49,288 [INFO]   [P03] guide.json 생성 완료
2026-04-18 11:59:49,289 [INFO]   진행: 83/145 (성공:81 실패:2) ETA: 96.2분
2026-04-18 11:59:49,289 [INFO] [84/145] P04: 스위치 누른 시간 측정: OLED에 "0.5초", "1.2초" 표시
2026-04-18 11:59:49,289 [INFO]   [P04] 시도 1/3: 스위치 누른 시간 측정: OLED에 "0.5초", "1.2초" 표시
2026-04-18 12:00:42,694 [INFO]   [P04] 빌드 성공 (635KB, 53.4초)
2026-04-18 12:01:11,255 [INFO]   [P04] guide.json 생성 완료
2026-04-18 12:01:11,255 [INFO]   진행: 84/145 (성공:82 실패:2) ETA: 94.5분
2026-04-18 12:01:11,256 [INFO] [85/145] P05: 스위치 패턴 입력: 짧-짧-긴 패턴으로 특정 동작 실행
2026-04-18 12:01:11,256 [INFO]   [P05] 시도 1/3: 스위치 패턴 입력: 짧-짧-긴 패턴으로 특정 동작 실행
2026-04-18 12:02:34,814 [INFO]   [P05] 빌드 성공 (636KB, 83.6초)
2026-04-18 12:03:07,349 [INFO]   [P05] guide.json 생성 완료
2026-04-18 12:03:07,350 [INFO]   진행: 85/145 (성공:83 실패:2) ETA: 93.3분
2026-04-18 12:03:07,350 [INFO] [86/145] Q01: 라면 타이머: 3분 카운트다운 OLED + 끝나면 멜로디+LED
2026-04-18 12:03:07,351 [INFO]   [Q01] 시도 1/3: 라면 타이머: 3분 카운트다운 OLED + 끝나면 멜로디+LED
2026-04-18 12:04:12,415 [INFO]   [Q01] 빌드 성공 (636KB, 65.1초)
2026-04-18 12:04:45,468 [INFO]   [Q01] guide.json 생성 완료
2026-04-18 12:04:45,469 [INFO]   진행: 86/145 (성공:84 실패:2) ETA: 91.8분
2026-04-18 12:04:45,469 [INFO] [87/145] Q02: 발표 타이머: OLED에 남은 시간, 1분전 노랑, 끝나면 빨강+부저
2026-04-18 12:04:45,470 [INFO]   [Q02] 시도 1/3: 발표 타이머: OLED에 남은 시간, 1분전 노랑, 끝나면 빨강+부저
2026-04-18 12:06:13,220 [INFO]   [Q02] 빌드 성공 (636KB, 87.7초)
2026-04-18 12:06:43,470 [INFO]   [Q02] guide.json 생성 완료
2026-04-18 12:06:43,470 [INFO]   진행: 87/145 (성공:85 실패:2) ETA: 90.5분
2026-04-18 12:06:43,471 [INFO] [88/145] Q03: 반응속도 테스트: 랜덤 시간 후 LED → 스위치 누르기 → 시간 표시
2026-04-18 12:06:43,471 [INFO]   [Q03] 시도 1/3: 반응속도 테스트: 랜덤 시간 후 LED → 스위치 누르기 → 시간 표시
2026-04-18 12:08:01,212 [INFO]   [Q03] 빌드 성공 (643KB, 77.7초)
2026-04-18 12:08:32,069 [INFO]   [Q03] guide.json 생성 완료
2026-04-18 12:08:32,070 [INFO]   진행: 88/145 (성공:86 실패:2) ETA: 89.1분
2026-04-18 12:08:32,070 [INFO] [89/145] Q04: 주사위: 스위치 누르면 OLED에 1~6 랜덤 숫자 표시
2026-04-18 12:08:32,071 [INFO]   [Q04] 시도 1/3: 주사위: 스위치 누르면 OLED에 1~6 랜덤 숫자 표시
2026-04-18 12:09:20,069 [INFO]   [Q04] 빌드 성공 (636KB, 48.0초)
2026-04-18 12:09:48,441 [INFO]   [Q04] guide.json 생성 완료
2026-04-18 12:09:48,442 [INFO]   진행: 89/145 (성공:87 실패:2) ETA: 87.3분
2026-04-18 12:09:48,442 [INFO] [90/145] Q05: 룰렛: LED 빠르게 순환 후 점점 느려지며 하나에 멈추기
2026-04-18 12:09:48,443 [INFO]   [Q05] 시도 1/3: 룰렛: LED 빠르게 순환 후 점점 느려지며 하나에 멈추기
2026-04-18 12:11:34,954 [INFO]   [Q05] 빌드 성공 (636KB, 106.5초)
2026-04-18 12:12:04,204 [INFO]   [Q05] guide.json 생성 완료
2026-04-18 12:12:04,205 [INFO]   진행: 90/145 (성공:88 실패:2) ETA: 86.2분
2026-04-18 12:12:04,205 [INFO] [91/145] Q06: 가위바위보: 스위치 → OLED에 랜덤 결과 + 승패 카운트
2026-04-18 12:12:04,205 [INFO]   [Q06] 시도 1/3: 가위바위보: 스위치 → OLED에 랜덤 결과 + 승패 카운트
2026-04-18 12:13:41,011 [INFO]   [Q06] 빌드 성공 (636KB, 96.8초)
2026-04-18 12:14:15,016 [INFO]   [Q06] guide.json 생성 완료
2026-04-18 12:14:15,016 [INFO]   진행: 91/145 (성공:89 실패:2) ETA: 85.0분
2026-04-18 12:14:15,016 [INFO] [92/145] Q07: 스톱워치: 스위치 1번=시작, 2번=정지, 3번=리셋
2026-04-18 12:14:15,017 [INFO]   [Q07] 시도 1/3: 스톱워치: 스위치 1번=시작, 2번=정지, 3번=리셋
2026-04-18 12:15:43,772 [INFO]   [Q07] 빌드 성공 (636KB, 88.8초)
2026-04-18 12:16:12,869 [INFO]   [Q07] guide.json 생성 완료
2026-04-18 12:16:12,870 [INFO]   진행: 92/145 (성공:90 실패:2) ETA: 83.7분
2026-04-18 12:16:12,870 [INFO] [93/145] Q08: 퀴즈 타이머: 10초 카운트다운 + LED 색으로 남은 시간 표시
2026-04-18 12:16:12,871 [INFO]   [Q08] 시도 1/3: 퀴즈 타이머: 10초 카운트다운 + LED 색으로 남은 시간 표시
2026-04-18 12:17:29,986 [INFO]   [Q08] 빌드 성공 (636KB, 77.1초)
2026-04-18 12:18:02,841 [INFO]   [Q08] guide.json 생성 완료
2026-04-18 12:18:02,841 [INFO]   진행: 93/145 (성공:91 실패:2) ETA: 82.2분
2026-04-18 12:18:02,842 [INFO] [94/145] R01: 5초마다 온도를 BLE로 스마트폰에 전송 + OLED 표시
2026-04-18 12:18:02,842 [INFO]   [R01] 시도 1/3: 5초마다 온도를 BLE로 스마트폰에 전송 + OLED 표시
2026-04-18 12:19:28,165 [INFO]   [R01] 빌드 성공 (636KB, 85.3초)
2026-04-18 12:19:57,572 [INFO]   [R01] guide.json 생성 완료
2026-04-18 12:19:57,573 [INFO]   진행: 94/145 (성공:92 실패:2) ETA: 80.8분
2026-04-18 12:19:57,573 [INFO] [95/145] R02: 5초마다 온도+습도 둘 다 BLE로 스마트폰에 전송
2026-04-18 12:19:57,573 [INFO]   [R02] 시도 1/3: 5초마다 온도+습도 둘 다 BLE로 스마트폰에 전송
2026-04-18 12:21:08,985 [WARNING]   [R02] 시도 1 실패: Build failed:
C:/Users/lenovo/AppData/Local/Arduino15/packages/esp32/tools/esp-x32/2411/bin/../lib/gcc/xtensa-esp-elf/14.2.0/../../../../xtensa-esp-elf/bin/ld.exe: C:\Users\lenovo\AppData\Local\arduino\sketches\DC307C44AEC3B4BEB58A2C8200D7CA6F\sketch\ble_ota_arduino.ino.cpp.o:(.literal._Z10sensorTaskPv+0x4): undefined reference to `pTxCharacteristic'
collect2.exe: error: ld returned 1 exit status
Error during build: exit status 1

2026-04-18 12:21:10,986 [INFO]   [R02] 시도 2/3: 5초마다 온도+습도 둘 다 BLE로 스마트폰에 전송
2026-04-18 12:23:45,837 [WARNING]   [R02] 시도 2 실패: Build failed:
C:\todo\today\aiHardStudy\사전빌드\ble_ota_arduino\ble_ota_arduino.ino:520:55: error: extended character — is not valid in an identifier
C:\todo\today\aiHardStudy\사전빌드\ble_ota_arduino\ble_ota_arduino.ino:521:29: error: extended character — is not valid in an identifier
Error during build: exit status 1

2026-04-18 12:23:47,838 [INFO]   [R02] 시도 3/3: 5초마다 온도+습도 둘 다 BLE로 스마트폰에 전송
2026-04-18 12:25:11,054 [WARNING]   [R02] 시도 3 실패: Build failed:
C:/Users/lenovo/AppData/Local/Arduino15/packages/esp32/tools/esp-x32/2411/bin/../lib/gcc/xtensa-esp-elf/14.2.0/../../../../xtensa-esp-elf/bin/ld.exe: C:\Users\lenovo\AppData\Local\arduino\sketches\DC307C44AEC3B4BEB58A2C8200D7CA6F\sketch\ble_ota_arduino.ino.cpp.o:(.literal._Z10sensorTaskPv+0x20): undefined reference to `pDataChar'
collect2.exe: error: ld returned 1 exit status
Error during build: exit status 1

2026-04-18 12:25:11,054 [ERROR]   [R02] 최종 실패: Build failed:
C:/Users/lenovo/AppData/Local/Arduino15/packages/esp32/tools/esp-x32/2411/bin/../lib/gcc/xtensa-esp-elf/14.2.0/../../../../xtensa-esp-elf/bin/ld.exe: C:\Users\lenovo\AppData\Local\arduino\sketches\DC307C44AEC3B4BEB58A2C8200D7CA6F\sketch\ble_ota_arduino.ino.cpp.o:(.literal._Z10sensorTaskPv+0x20): undefined reference to `pDataChar'
collect2.exe: error: ld returned 1 exit status
Error during build: exit status 1

2026-04-18 12:25:11,054 [INFO]   진행: 95/145 (성공:92 실패:3) ETA: 81.1분
2026-04-18 12:25:11,054 [INFO] [96/145] R03: 스위치 누르면 BLE로 "눌림" 전송 + 카운트를 스마트폰에 전송
2026-04-18 12:25:11,054 [INFO]   [R03] 시도 1/3: 스위치 누르면 BLE로 "눌림" 전송 + 카운트를 스마트폰에 전송
2026-04-18 12:26:32,287 [INFO]   [R03] 빌드 성공 (636KB, 81.2초)
2026-04-18 12:27:00,759 [INFO]   [R03] guide.json 생성 완료
2026-04-18 12:27:00,760 [INFO]   진행: 96/145 (성공:93 실패:3) ETA: 79.6분
2026-04-18 12:27:00,760 [INFO] [97/145] R04: LED 상태 변경할 때마다 현재 LED 상태를 BLE로 전송
2026-04-18 12:27:00,760 [INFO]   [R04] 시도 1/3: LED 상태 변경할 때마다 현재 LED 상태를 BLE로 전송
2026-04-18 12:28:34,943 [WARNING]   [R04] 시도 1 실패: Build failed:
:522:29: error: extended character → is not valid in an identifier
C:\todo\today\aiHardStudy\사전빌드\ble_ota_arduino\ble_ota_arduino.ino:522:48: error: extended character → is not valid in an identifier
C:\todo\today\aiHardStudy\사전빌드\ble_ota_arduino\ble_ota_arduino.ino:522:65: error: extended character → is not valid in an identifier
C:\todo\today\aiHardStudy\사전빌드\ble_ota_arduino\ble_ota_arduino.ino:522:81: error: extended character → is not valid in an identifier
Error during build: exit status 1

2026-04-18 12:28:36,944 [INFO]   [R04] 시도 2/3: LED 상태 변경할 때마다 현재 LED 상태를 BLE로 전송
2026-04-18 12:30:19,126 [WARNING]   [R04] 시도 2 실패: Build failed:
C:\todo\today\aiHardStudy\사전빌드\ble_ota_arduino\ble_ota_arduino.ino:522:21: error: extended character — is not valid in an identifier
Error during build: exit status 1

2026-04-18 12:30:21,127 [INFO]   [R04] 시도 3/3: LED 상태 변경할 때마다 현재 LED 상태를 BLE로 전송
2026-04-18 12:32:52,404 [WARNING]   [R04] 시도 3 실패: Build failed:
C:\todo\today\aiHardStudy\사전빌드\ble_ota_arduino\ble_ota_arduino.ino:530:38: error: extended character → is not valid in an identifier
C:\todo\today\aiHardStudy\사전빌드\ble_ota_arduino\ble_ota_arduino.ino:532:70: error: extended character → is not valid in an identifier
Error during build: exit status 1

2026-04-18 12:32:52,405 [ERROR]   [R04] 최종 실패: Build failed:
C:\todo\today\aiHardStudy\사전빌드\ble_ota_arduino\ble_ota_arduino.ino:530:38: error: extended character → is not valid in an identifier
C:\todo\today\aiHardStudy\사전빌드\ble_ota_arduino\ble_ota_arduino.ino:532:70: error: extended character → is not valid in an identifier
Error during build: exit status 1

2026-04-18 12:32:52,405 [INFO]   진행: 97/145 (성공:93 실패:4) ETA: 80.1분
2026-04-18 12:32:52,405 [INFO] [98/145] R05: 온도 28도 이상이면 BLE로 경고 알림 전송 + 보드 LED 경보
2026-04-18 12:32:52,405 [INFO]   [R05] 시도 1/3: 온도 28도 이상이면 BLE로 경고 알림 전송 + 보드 LED 경보
2026-04-18 12:34:13,391 [WARNING]   [R05] 시도 1 실패: Build failed:
a_arduino\ble_ota_arduino.ino:15:
C:\todo\today\aiHardStudy\사전빌드\ble_ota_arduino\ssd1306.h:131:45: note:   initializing argument 3 of 'void SSD1306::drawString(int, int, const char*)'
C:\todo\today\aiHardStudy\사전빌드\ble_ota_arduino\ble_ota_arduino.ino:480:57: error: cannot convert 'StringSumHelper' to 'const char*'
C:\todo\today\aiHardStudy\사전빌드\ble_ota_arduino\ssd1306.h:131:45: note:   initializing argument 3 of 'void SSD1306::drawString(int, int, const char*)'
Error during build: exit status 1

2026-04-18 12:34:15,392 [INFO]   [R05] 시도 2/3: 온도 28도 이상이면 BLE로 경고 알림 전송 + 보드 LED 경보
2026-04-18 12:35:41,011 [WARNING]   [R05] 시도 2 실패: Build failed:
:536:12: error: extended character ° is not valid in an identifier
C:\todo\today\aiHardStudy\사전빌드\ble_ota_arduino\ble_ota_arduino.ino:536:46: error: extended character — is not valid in an identifier
C:\todo\today\aiHardStudy\사전빌드\ble_ota_arduino\ble_ota_arduino.ino:537:10: error: extended character ≥ is not valid in an identifier
C:\todo\today\aiHardStudy\사전빌드\ble_ota_arduino\ble_ota_arduino.ino:537:14: error: extended character ° is not valid in an identifier
Error during build: exit status 1

2026-04-18 12:35:43,012 [INFO]   [R05] 시도 3/3: 온도 28도 이상이면 BLE로 경고 알림 전송 + 보드 LED 경보
2026-04-18 12:36:59,841 [INFO]   [R05] 빌드 성공 (636KB, 247.4초)
2026-04-18 12:37:36,964 [INFO]   [R05] guide.json 생성 완료
2026-04-18 12:37:36,965 [INFO]   진행: 98/145 (성공:94 실패:4) ETA: 79.9분
2026-04-18 12:37:36,966 [INFO] [99/145] S01: 현관 벨: 스위치 → 딩동 멜로디+OLED "Visitor!" + BLE 알림
2026-04-18 12:37:36,966 [INFO]   [S01] 시도 1/3: 현관 벨: 스위치 → 딩동 멜로디+OLED "Visitor!" + BLE 알림
2026-04-18 12:38:49,792 [WARNING]   [S01] 시도 1 실패: Build failed:
C:\todo\today\aiHardStudy\사전빌드\ble_ota_arduino\ble_ota_arduino.ino: In function 'void sendBLENotify()':
C:\todo\today\aiHardStudy\사전빌드\ble_ota_arduino\ble_ota_arduino.ino:474:35: error: 'class NimBLECharacteristic' has no member named 'getSubscribedCount'
Error during build: exit status 1

2026-04-18 12:38:51,793 [INFO]   [S01] 시도 2/3: 현관 벨: 스위치 → 딩동 멜로디+OLED "Visitor!" + BLE 알림
2026-04-18 12:40:15,822 [WARNING]   [S01] 시도 2 실패: Build failed:
C:\todo\today\aiHardStudy\사전빌드\ble_ota_arduino\ble_ota_arduino.ino:547:22: error: extended character → is not valid in an identifier
C:\todo\today\aiHardStudy\사전빌드\ble_ota_arduino\ble_ota_arduino.ino:547:31: error: extended character × is not valid in an identifier
Error during build: exit status 1

2026-04-18 12:40:17,825 [INFO]   [S01] 시도 3/3: 현관 벨: 스위치 → 딩동 멜로디+OLED "Visitor!" + BLE 알림
2026-04-18 12:41:33,266 [WARNING]   [S01] 시도 3 실패: Build failed:
C:\todo\today\aiHardStudy\사전빌드\ble_ota_arduino\ble_ota_arduino.ino: In function 'void setup()':
C:\todo\today\aiHardStudy\사전빌드\ble_ota_arduino\ble_ota_arduino.ino:480:11: error: 'SWITCH_PIN' was not declared in this scope
C:\todo\today\aiHardStudy\사전빌드\ble_ota_arduino\ble_ota_arduino.ino: In function 'void loop()':
C:\todo\today\aiHardStudy\사전빌드\ble_ota_arduino\ble_ota_arduino.ino:487:30: error: 'SWITCH_PIN' was not declared in this scope
Error during build: exit status 1

2026-04-18 12:41:33,267 [ERROR]   [S01] 최종 실패: Build failed:
C:\todo\today\aiHardStudy\사전빌드\ble_ota_arduino\ble_ota_arduino.ino: In function 'void setup()':
C:\todo\today\aiHardStudy\사전빌드\ble_ota_arduino\ble_ota_arduino.ino:480:11: error: 'SWITCH_PIN' was not declared in this scope
C:\todo\today\aiHardStudy\사전빌드\ble_ota_arduino\ble_ota_arduino.ino: In function 'void loop()':
C:\todo\today\aiHardStudy\사전빌드\ble_ota_arduino\ble_ota_arduino.ino:487:30: error: 'SWITCH_PIN' was not declared in this scope
Error during build: exit status 1

2026-04-18 12:41:33,267 [INFO]   진행: 99/145 (성공:94 실패:5) ETA: 79.2분
2026-04-18 12:41:33,267 [INFO] [100/145] S02: 방범 알람: 스위치 떼면 사이렌+LED 점멸+OLED "ALERT"+BLE 경보
2026-04-18 12:41:33,268 [INFO]   [S02] 시도 1/3: 방범 알람: 스위치 떼면 사이렌+LED 점멸+OLED "ALERT"+BLE 경보
2026-04-18 12:42:27,374 [WARNING]   [S02] 시도 1 실패: Build failed:
C:/Users/lenovo/AppData/Local/Arduino15/packages/esp32/tools/esp-x32/2411/bin/../lib/gcc/xtensa-esp-elf/14.2.0/../../../../xtensa-esp-elf/bin/ld.exe: C:\Users\lenovo\AppData\Local\arduino\sketches\DC307C44AEC3B4BEB58A2C8200D7CA6F\sketch\ble_ota_arduino.ino.cpp.o:(.literal._Z4loopv+0x4): undefined reference to `pCharacteristic'
collect2.exe: error: ld returned 1 exit status
Error during build: exit status 1

2026-04-18 12:42:29,375 [INFO]   [S02] 시도 2/3: 방범 알람: 스위치 떼면 사이렌+LED 점멸+OLED "ALERT"+BLE 경보
2026-04-18 12:43:58,496 [INFO]   [S02] 빌드 성공 (636KB, 145.2초)
2026-04-18 12:44:28,488 [INFO]   [S02] guide.json 생성 완료
2026-04-18 12:44:28,490 [INFO]   진행: 100/145 (성공:95 실패:5) ETA: 78.1분
2026-04-18 12:44:28,490 [INFO] [101/145] S03: 교실 환경 모니터: 온습도 OLED+LED 신호등+BLE 전송
2026-04-18 12:44:28,490 [INFO]   [S03] 시도 1/3: 교실 환경 모니터: 온습도 OLED+LED 신호등+BLE 전송
2026-04-18 12:46:20,845 [INFO]   [S03] 빌드 성공 (636KB, 112.4초)
2026-04-18 12:46:58,567 [INFO]   [S03] guide.json 생성 완료
2026-04-18 12:46:58,568 [INFO]   진행: 101/145 (성공:96 실패:5) ETA: 76.7분
2026-04-18 12:46:58,568 [INFO] [102/145] S04: 스마트 알람시계: OLED 시계(초) → 설정시간에 멜로디+LED+스위치로 끄기
2026-04-18 12:46:58,569 [INFO]   [S04] 시도 1/3: 스마트 알람시계: OLED 시계(초) → 설정시간에 멜로디+LED+스위치로 끄기
2026-04-18 12:48:26,736 [INFO]   [S04] 빌드 성공 (636KB, 88.2초)
2026-04-18 12:49:09,427 [INFO]   [S04] guide.json 생성 완료
2026-04-18 12:49:09,428 [INFO]   진행: 102/145 (성공:97 실패:5) ETA: 75.1분
2026-04-18 12:49:09,428 [INFO] [103/145] S05: 세탁기 알림: 카운트다운(OLED)+남은시간 BLE 전송+끝나면 멜로디+LED
2026-04-18 12:49:09,429 [INFO]   [S05] 시도 1/3: 세탁기 알림: 카운트다운(OLED)+남은시간 BLE 전송+끝나면 멜로디+LED
2026-04-18 12:52:20,606 [INFO]   [S05] 빌드 성공 (637KB, 191.2초)
2026-04-18 12:52:54,943 [INFO]   [S05] guide.json 생성 완료
2026-04-18 12:52:54,944 [INFO]   진행: 103/145 (성공:98 실패:5) ETA: 74.2분
2026-04-18 12:52:54,944 [INFO] [104/145] T01: 스마트폰에서 "RED", "YELLOW", "BLUE" 문자 보내면 해당 LED 켜기 + 현재 LED 상태를 BLE로 응답
2026-04-18 12:52:54,944 [INFO]   [T01] 시도 1/3: 스마트폰에서 "RED", "YELLOW", "BLUE" 문자 보내면 해당 LED 켜기 + 현재 LED 상태를 BLE로 응답
2026-04-18 12:53:49,604 [WARNING]   [T01] 시도 1 실패: Build failed:
C:\todo\today\aiHardStudy\사전빌드\ble_ota_arduino\ble_ota_arduino.ino: In function 'void onBleReceive(String)':
C:\todo\today\aiHardStudy\사전빌드\ble_ota_arduino\ble_ota_arduino.ino:491:3: error: 'bleSend' was not declared in this scope
Error during build: exit status 1

2026-04-18 12:53:51,605 [INFO]   [T01] 시도 2/3: 스마트폰에서 "RED", "YELLOW", "BLUE" 문자 보내면 해당 LED 켜기 + 현재 LED 상태를 BLE로 응답
2026-04-18 12:55:01,671 [WARNING]   [T01] 시도 2 실패: Build failed:
C:\todo\today\aiHardStudy\사전빌드\ble_ota_arduino\ble_ota_arduino.ino: In function 'void onBLECommand(String)':
C:\todo\today\aiHardStudy\사전빌드\ble_ota_arduino\ble_ota_arduino.ino:489:5: error: 'bleSend' was not declared in this scope
Error during build: exit status 1

2026-04-18 12:55:03,671 [INFO]   [T01] 시도 3/3: 스마트폰에서 "RED", "YELLOW", "BLUE" 문자 보내면 해당 LED 켜기 + 현재 LED 상태를 BLE로 응답
2026-04-18 12:58:13,006 [WARNING]   [T01] 시도 3 실패: Build failed:
C:\todo\today\aiHardStudy\사전빌드\ble_ota_arduino\ble_ota_arduino.ino:533:17: error: extended character → is not valid in an identifier
C:\todo\today\aiHardStudy\사전빌드\ble_ota_arduino\ble_ota_arduino.ino:534:28: error: extended character → is not valid in an identifier
C:\todo\today\aiHardStudy\사전빌드\ble_ota_arduino\ble_ota_arduino.ino:535:16: error: extended character → is not valid in an identifier
Error during build: exit status 1

2026-04-18 12:58:13,006 [ERROR]   [T01] 최종 실패: Build failed:
C:\todo\today\aiHardStudy\사전빌드\ble_ota_arduino\ble_ota_arduino.ino:533:17: error: extended character → is not valid in an identifier
C:\todo\today\aiHardStudy\사전빌드\ble_ota_arduino\ble_ota_arduino.ino:534:28: error: extended character → is not valid in an identifier
C:\todo\today\aiHardStudy\사전빌드\ble_ota_arduino\ble_ota_arduino.ino:535:16: error: extended character → is not valid in an identifier
Error during build: exit status 1

2026-04-18 12:58:13,006 [INFO]   진행: 104/145 (성공:98 실패:6) ETA: 73.8분
2026-04-18 12:58:13,006 [INFO] [105/145] T02: 스마트폰에서 "MELODY:학교종" 보내면 학교종 연주, "MELODY:생일" 보내면 생일축하 연주 + 연주 상태 BLE 전송
2026-04-18 12:58:13,007 [INFO]   [T02] 시도 1/3: 스마트폰에서 "MELODY:학교종" 보내면 학교종 연주, "MELODY:생일" 보내면 생일축하 연주 + 연주 상태 BLE 전송
2026-04-18 13:00:20,664 [WARNING]   [T02] 시도 1 실패: Build failed:
:590:26: error: extended character — is not valid in an identifier
C:\todo\today\aiHardStudy\사전빌드\ble_ota_arduino\ble_ota_arduino.ino:591:28: error: extended character — is not valid in an identifier
C:\todo\today\aiHardStudy\사전빌드\ble_ota_arduino\ble_ota_arduino.ino:592:28: error: extended character — is not valid in an identifier
C:\todo\today\aiHardStudy\사전빌드\ble_ota_arduino\ble_ota_arduino.ino:595:42: error: extended character → is not valid in an identifier
Error during build: exit status 1

2026-04-18 13:00:22,665 [INFO]   [T02] 시도 2/3: 스마트폰에서 "MELODY:학교종" 보내면 학교종 연주, "MELODY:생일" 보내면 생일축하 연주 + 연주 상태 BLE 전송
2026-04-18 13:03:04,286 [WARNING]   [T02] 시도 2 실패: Build failed:
C:\todo\today\aiHardStudy\사전빌드\ble_ota_arduino\ble_ota_arduino.ino: In function 'void melodyTaskFn(void*)':
C:\todo\today\aiHardStudy\사전빌드\ble_ota_arduino\ble_ota_arduino.ino:479:3: error: 'bleNotify' was not declared in this scope
Error during build: exit status 1

2026-04-18 13:03:06,287 [INFO]   [T02] 시도 3/3: 스마트폰에서 "MELODY:학교종" 보내면 학교종 연주, "MELODY:생일" 보내면 생일축하 연주 + 연주 상태 BLE 전송
2026-04-18 13:04:57,554 [WARNING]   [T02] 시도 3 실패: Build failed:
\aiHardStudy\사전빌드\ble_ota_arduino\ble_ota_arduino.ino: In function 'void onBleWrite(String)':
C:\todo\today\aiHardStudy\사전빌드\ble_ota_arduino\ble_ota_arduino.ino:511:5: error: 'notifyBLE' was not declared in this scope
C:\todo\today\aiHardStudy\사전빌드\ble_ota_arduino\ble_ota_arduino.ino:515:5: error: 'notifyBLE' was not declared in this scope
C:\todo\today\aiHardStudy\사전빌드\ble_ota_arduino\ble_ota_arduino.ino:519:5: error: 'notifyBLE' was not declared in this scope
Error during build: exit status 1

2026-04-18 13:04:57,554 [ERROR]   [T02] 최종 실패: Build failed:
\aiHardStudy\사전빌드\ble_ota_arduino\ble_ota_arduino.ino: In function 'void onBleWrite(String)':
C:\todo\today\aiHardStudy\사전빌드\ble_ota_arduino\ble_ota_arduino.ino:511:5: error: 'notifyBLE' was not declared in this scope
C:\todo\today\aiHardStudy\사전빌드\ble_ota_arduino\ble_ota_arduino.ino:515:5: error: 'notifyBLE' was not declared in this scope
C:\todo\today\aiHardStudy\사전빌드\ble_ota_arduino\ble_ota_arduino.ino:519:5: error: 'notifyBLE' was not declared in this scope
Error during build: exit status 1

2026-04-18 13:04:57,555 [INFO]   진행: 105/145 (성공:98 실패:7) ETA: 73.9분
2026-04-18 13:04:57,555 [INFO] [106/145] T03: 스마트폰에서 "SPEED:500" 보내면 LED 깜빡 속도 변경 + 현재 속도를 BLE로 응답
2026-04-18 13:04:57,556 [INFO]   [T03] 시도 1/3: 스마트폰에서 "SPEED:500" 보내면 LED 깜빡 속도 변경 + 현재 속도를 BLE로 응답
2026-04-18 13:06:41,243 [WARNING]   [T03] 시도 1 실패: Build failed:
C:\todo\today\aiHardStudy\사전빌드\ble_ota_arduino\ble_ota_arduino.ino:528:20: error: extended character → is not valid in an identifier
C:\todo\today\aiHardStudy\사전빌드\ble_ota_arduino\ble_ota_arduino.ino:528:31: error: extended character → is not valid in an identifier
Error during build: exit status 1

2026-04-18 13:06:43,244 [INFO]   [T03] 시도 2/3: 스마트폰에서 "SPEED:500" 보내면 LED 깜빡 속도 변경 + 현재 속도를 BLE로 응답
2026-04-18 13:07:41,643 [WARNING]   [T03] 시도 2 실패: Build failed:
\today\aiHardStudy\사전빌드\ble_ota_arduino\ble_ota_arduino.ino:460:13: error: 'blinkSpeed' was not declared in this scope
C:\todo\today\aiHardStudy\사전빌드\ble_ota_arduino\ble_ota_arduino.ino:461:13: error: 'bleNotify' was not declared in this scope
C:\todo\today\aiHardStudy\사전빌드\ble_ota_arduino\ble_ota_arduino.ino: In function 'void setup()':
C:\todo\today\aiHardStudy\사전빌드\ble_ota_arduino\ble_ota_arduino.ino:476:47: error: 'blinkSpeed' was not declared in this scope
Error during build: exit status 1

2026-04-18 13:07:43,644 [INFO]   [T03] 시도 3/3: 스마트폰에서 "SPEED:500" 보내면 LED 깜빡 속도 변경 + 현재 속도를 BLE로 응답
2026-04-18 13:09:15,540 [WARNING]   [T03] 시도 3 실패: Build failed:
C:\todo\today\aiHardStudy\사전빌드\ble_ota_arduino\ble_ota_arduino.ino:507:48: error: extended character — is not valid in an identifier
Error during build: exit status 1

2026-04-18 13:09:15,540 [ERROR]   [T03] 최종 실패: Build failed:
C:\todo\today\aiHardStudy\사전빌드\ble_ota_arduino\ble_ota_arduino.ino:507:48: error: extended character — is not valid in an identifier
Error during build: exit status 1

2026-04-18 13:09:15,541 [INFO]   진행: 106/145 (성공:98 실패:8) ETA: 72.9분
2026-04-18 13:09:15,541 [INFO] [107/145] T04: 스마트폰에서 "MODE:1" "MODE:2" "MODE:3" 보내면 모드 전환 + OLED에 모드명 표시 + 현재 모드 BLE 응답
2026-04-18 13:09:15,541 [INFO]   [T04] 시도 1/3: 스마트폰에서 "MODE:1" "MODE:2" "MODE:3" 보내면 모드 전환 + OLED에 모드명 표시 + 현재 모드 BLE 응답
2026-04-18 13:14:40,563 [WARNING]   [T04] 시도 1 실패: Command '['bash', '-c', 'cat "C:\\Users\\lenovo\\AppData\\Local\\Temp\\tmpc0di78f9.txt" | "C:\\Users\\lenovo\\AppData\\Roaming\\npm\\claude.CMD" -p - --output-format stream-json --verbose --model claude-sonnet-4-6']' timed out after 180 seconds
2026-04-18 13:14:42,564 [INFO]   [T04] 시도 2/3: 스마트폰에서 "MODE:1" "MODE:2" "MODE:3" 보내면 모드 전환 + OLED에 모드명 표시 + 현재 모드 BLE 응답
2026-04-18 13:16:20,665 [WARNING]   [T04] 시도 2 실패: Build failed:
arduino\ssd1306.h:131:45: note:   initializing argument 3 of 'void SSD1306::drawString(int, int, const char*)'
C:\todo\today\aiHardStudy\사전빌드\ble_ota_arduino\ble_ota_arduino.ino: In function 'void onBLEWrite(String)':
C:\todo\today\aiHardStudy\사전빌드\ble_ota_arduino\ble_ota_arduino.ino:508:9: error: 'bleNotify' was not declared in this scope
C:\todo\today\aiHardStudy\사전빌드\ble_ota_arduino\ble_ota_arduino.ino:517:5: error: 'bleNotify' was not declared in this scope
Error during build: exit status 1

2026-04-18 13:16:22,666 [INFO]   [T04] 시도 3/3: 스마트폰에서 "MODE:1" "MODE:2" "MODE:3" 보내면 모드 전환 + OLED에 모드명 표시 + 현재 모드 BLE 응답
2026-04-18 13:17:31,929 [WARNING]   [T04] 시도 3 실패: Build failed:
C:\todo\today\aiHardStudy\사전빌드\ble_ota_arduino\ble_ota_arduino.ino: In function 'void onBleReceived(String)':
C:\todo\today\aiHardStudy\사전빌드\ble_ota_arduino\ble_ota_arduino.ino:491:5: error: 'bleNotify' was not declared in this scope
C:\todo\today\aiHardStudy\사전빌드\ble_ota_arduino\ble_ota_arduino.ino:500:3: error: 'bleNotify' was not declared in this scope
Error during build: exit status 1

2026-04-18 13:17:31,929 [ERROR]   [T04] 최종 실패: Build failed:
C:\todo\today\aiHardStudy\사전빌드\ble_ota_arduino\ble_ota_arduino.ino: In function 'void onBleReceived(String)':
C:\todo\today\aiHardStudy\사전빌드\ble_ota_arduino\ble_ota_arduino.ino:491:5: error: 'bleNotify' was not declared in this scope
C:\todo\today\aiHardStudy\사전빌드\ble_ota_arduino\ble_ota_arduino.ino:500:3: error: 'bleNotify' was not declared in this scope
Error during build: exit status 1

2026-04-18 13:17:31,930 [INFO]   진행: 107/145 (성공:98 실패:9) ETA: 73.3분
2026-04-18 13:17:31,930 [INFO] [108/145] T05: 스마트폰에서 "READ" 보내면 온습도 측정 + 결과를 BLE로 전송 + OLED 표시
2026-04-18 13:17:31,931 [INFO]   [T05] 시도 1/3: 스마트폰에서 "READ" 보내면 온습도 측정 + 결과를 BLE로 전송 + OLED 표시
2026-04-18 13:19:07,670 [WARNING]   [T05] 시도 1 실패: Build failed:
HardStudy\사전빌드\ble_ota_arduino\ble_ota_arduino.ino: In function 'void onBleReceived(String)':
C:\todo\today\aiHardStudy\사전빌드\ble_ota_arduino\ble_ota_arduino.ino:477:5: error: 'bleNotify' was not declared in this scope
C:\todo\today\aiHardStudy\사전빌드\ble_ota_arduino\ble_ota_arduino.ino:490:5: error: 'bleNotify' was not declared in this scope
C:\todo\today\aiHardStudy\사전빌드\ble_ota_arduino\ble_ota_arduino.ino:499:3: error: 'bleNotify' was not declared in this scope
Error during build: exit status 1

2026-04-18 13:19:09,671 [INFO]   [T05] 시도 2/3: 스마트폰에서 "READ" 보내면 온습도 측정 + 결과를 BLE로 전송 + OLED 표시
2026-04-18 13:20:28,159 [WARNING]   [T05] 시도 2 실패: Build failed:
 3 of 'void SSD1306::drawString(int, int, const char*)'
C:\todo\today\aiHardStudy\사전빌드\ble_ota_arduino\ble_ota_arduino.ino:466:55: error: cannot convert 'StringSumHelper' to 'const char*'
C:\todo\today\aiHardStudy\사전빌드\ble_ota_arduino\ssd1306.h:131:45: note:   initializing argument 3 of 'void SSD1306::drawString(int, int, const char*)'
C:\todo\today\aiHardStudy\사전빌드\ble_ota_arduino\ble_ota_arduino.ino:476:3: error: 'bleSendNotify' was not declared in this scope
Error during build: exit status 1

2026-04-18 13:20:30,159 [INFO]   [T05] 시도 3/3: 스마트폰에서 "READ" 보내면 온습도 측정 + 결과를 BLE로 전송 + OLED 표시
2026-04-18 13:23:51,208 [WARNING]   [T05] 시도 3 실패: Build failed:
:504:33: error: extended character → is not valid in an identifier
C:\todo\today\aiHardStudy\사전빌드\ble_ota_arduino\ble_ota_arduino.ino:506:43: error: extended character → is not valid in an identifier
C:\todo\today\aiHardStudy\사전빌드\ble_ota_arduino\ble_ota_arduino.ino:509:42: error: extended character → is not valid in an identifier
C:\todo\today\aiHardStudy\사전빌드\ble_ota_arduino\ble_ota_arduino.ino:511:45: error: extended character → is not valid in an identifier
Error during build: exit status 1

2026-04-18 13:23:51,208 [ERROR]   [T05] 최종 실패: Build failed:
:504:33: error: extended character → is not valid in an identifier
C:\todo\today\aiHardStudy\사전빌드\ble_ota_arduino\ble_ota_arduino.ino:506:43: error: extended character → is not valid in an identifier
C:\todo\today\aiHardStudy\사전빌드\ble_ota_arduino\ble_ota_arduino.ino:509:42: error: extended character → is not valid in an identifier
C:\todo\today\aiHardStudy\사전빌드\ble_ota_arduino\ble_ota_arduino.ino:511:45: error: extended character → is not valid in an identifier
Error during build: exit status 1

2026-04-18 13:23:51,209 [INFO]   진행: 108/145 (성공:98 실패:10) ETA: 72.9분
2026-04-18 13:23:51,209 [INFO] [109/145] T06: 스마트폰에서 "DISPLAY:Hello World" 보내면 OLED에 표시 + 확인 응답 BLE 전송
2026-04-18 13:23:51,211 [INFO]   [T06] 시도 1/3: 스마트폰에서 "DISPLAY:Hello World" 보내면 OLED에 표시 + 확인 응답 BLE 전송
2026-04-18 13:25:15,546 [WARNING]   [T06] 시도 1 실패: Build failed:
C:\todo\today\aiHardStudy\사전빌드\ble_ota_arduino\ble_ota_arduino.ino: In function 'void onUserBLEData(String)':
C:\todo\today\aiHardStudy\사전빌드\ble_ota_arduino\ble_ota_arduino.ino:466:9: error: 'bleSend' was not declared in this scope
Error during build: exit status 1

2026-04-18 13:25:17,547 [INFO]   [T06] 시도 2/3: 스마트폰에서 "DISPLAY:Hello World" 보내면 OLED에 표시 + 확인 응답 BLE 전송
2026-04-18 13:29:02,348 [WARNING]   [T06] 시도 2 실패: Command '['bash', '-c', 'cat "C:\\Users\\lenovo\\AppData\\Local\\Temp\\tmpk7p8d490.txt" | "C:\\Users\\lenovo\\AppData\\Roaming\\npm\\claude.CMD" -p - --output-format stream-json --verbose --model claude-sonnet-4-6']' timed out after 180 seconds
2026-04-18 13:29:04,350 [INFO]   [T06] 시도 3/3: 스마트폰에서 "DISPLAY:Hello World" 보내면 OLED에 표시 + 확인 응답 BLE 전송
2026-04-18 13:30:04,270 [WARNING]   [T06] 시도 3 실패: Build failed:
C:\todo\today\aiHardStudy\사전빌드\ble_ota_arduino\ble_ota_arduino.ino: In function 'void onBleReceive(String)':
C:\todo\today\aiHardStudy\사전빌드\ble_ota_arduino\ble_ota_arduino.ino:458:5: error: 'bleSend' was not declared in this scope
Error during build: exit status 1

2026-04-18 13:30:04,270 [ERROR]   [T06] 최종 실패: Build failed:
C:\todo\today\aiHardStudy\사전빌드\ble_ota_arduino\ble_ota_arduino.ino: In function 'void onBleReceive(String)':
C:\todo\today\aiHardStudy\사전빌드\ble_ota_arduino\ble_ota_arduino.ino:458:5: error: 'bleSend' was not declared in this scope
Error during build: exit status 1

2026-04-18 13:30:04,270 [INFO]   진행: 109/145 (성공:98 실패:11) ETA: 72.4분
2026-04-18 13:30:04,271 [INFO] [110/145] T07: 스마트폰에서 "BLINK:3:500" 보내면 LED 3번, 500ms 간격으로 깜빡 + 완료 후 BLE 응답
2026-04-18 13:30:04,272 [INFO]   [T07] 시도 1/3: 스마트폰에서 "BLINK:3:500" 보내면 LED 3번, 500ms 간격으로 깜빡 + 완료 후 BLE 응답
2026-04-18 13:33:38,109 [WARNING]   [T07] 시도 1 실패: Command '['bash', '-c', 'cat "C:\\Users\\lenovo\\AppData\\Local\\Temp\\tmp1t5u9jsg.txt" | "C:\\Users\\lenovo\\AppData\\Roaming\\npm\\claude.CMD" -p - --output-format stream-json --verbose --model claude-sonnet-4-6']' timed out after 180 seconds
2026-04-18 13:33:40,110 [INFO]   [T07] 시도 2/3: 스마트폰에서 "BLINK:3:500" 보내면 LED 3번, 500ms 간격으로 깜빡 + 완료 후 BLE 응답
2026-04-18 13:35:37,167 [WARNING]   [T07] 시도 2 실패: Build failed:
:511:37: error: extended character ↓ is not valid in an identifier
C:\todo\today\aiHardStudy\사전빌드\ble_ota_arduino\ble_ota_arduino.ino:512:15: error: extended character ← is not valid in an identifier
C:\todo\today\aiHardStudy\사전빌드\ble_ota_arduino\ble_ota_arduino.ino:512:32: error: extended character ← is not valid in an identifier
C:\todo\today\aiHardStudy\사전빌드\ble_ota_arduino\ble_ota_arduino.ino:515:33: error: extended character → is not valid in an identifier
Error during build: exit status 1

2026-04-18 13:35:39,168 [INFO]   [T07] 시도 3/3: 스마트폰에서 "BLINK:3:500" 보내면 LED 3번, 500ms 간격으로 깜빡 + 완료 후 BLE 응답
2026-04-18 13:37:11,897 [INFO]   [T07] 빌드 성공 (635KB, 427.6초)
2026-04-18 13:37:42,238 [INFO]   [T07] guide.json 생성 완료
2026-04-18 13:37:42,239 [INFO]   진행: 110/145 (성공:99 실패:11) ETA: 72.1분
2026-04-18 13:37:42,239 [INFO] [111/145] T08: 스마트폰에서 "ALARM:60" 보내면 60초 타이머 시작 + 매초 남은 시간 BLE 전송 + 끝나면 멜로디
2026-04-18 13:37:42,240 [INFO]   [T08] 시도 1/3: 스마트폰에서 "ALARM:60" 보내면 60초 타이머 시작 + 매초 남은 시간 BLE 전송 + 끝나면 멜로디
2026-04-18 13:43:00,875 [WARNING]   [T08] 시도 1 실패: Command '['bash', '-c', 'cat "C:\\Users\\lenovo\\AppData\\Local\\Temp\\tmpldia64lq.txt" | "C:\\Users\\lenovo\\AppData\\Roaming\\npm\\claude.CMD" -p - --output-format stream-json --verbose --model claude-sonnet-4-6']' timed out after 180 seconds
2026-04-18 13:43:02,876 [INFO]   [T08] 시도 2/3: 스마트폰에서 "ALARM:60" 보내면 60초 타이머 시작 + 매초 남은 시간 BLE 전송 + 끝나면 멜로디
2026-04-18 13:44:17,556 [WARNING]   [T08] 시도 2 실패: Build failed:
C:\todo\today\aiHardStudy\사전빌드\ble_ota_arduino\ble_ota_arduino.ino: In function 'void timerTask(void*)':
C:\todo\today\aiHardStudy\사전빌드\ble_ota_arduino\ble_ota_arduino.ino:466:13: error: 'bleSend' was not declared in this scope
C:\todo\today\aiHardStudy\사전빌드\ble_ota_arduino\ble_ota_arduino.ino: In function 'void onBleData(String)':
C:\todo\today\aiHardStudy\사전빌드\ble_ota_arduino\ble_ota_arduino.ino:496:13: error: 'bleSend' was not declared in this scope
Error during build: exit status 1

2026-04-18 13:44:19,557 [INFO]   [T08] 시도 3/3: 스마트폰에서 "ALARM:60" 보내면 60초 타이머 시작 + 매초 남은 시간 BLE 전송 + 끝나면 멜로디
2026-04-18 13:46:05,700 [WARNING]   [T08] 시도 3 실패: Build failed:
iHardStudy\사전빌드\ble_ota_arduino/ble_ota_arduino.ino:539:(.text._Z4loopv+0x1c3): undefined reference to `bleSendNotify(String)'
C:/Users/lenovo/AppData/Local/Arduino15/packages/esp32/tools/esp-x32/2411/bin/../lib/gcc/xtensa-esp-elf/14.2.0/../../../../xtensa-esp-elf/bin/ld.exe: C:\todo\today\aiHardStudy\사전빌드\ble_ota_arduino/ble_ota_arduino.ino:546:(.text._Z4loopv+0x24f): undefined reference to `bleSendNotify(String)'
collect2.exe: error: ld returned 1 exit status
Error during build: exit status 1

2026-04-18 13:46:05,701 [ERROR]   [T08] 최종 실패: Build failed:
iHardStudy\사전빌드\ble_ota_arduino/ble_ota_arduino.ino:539:(.text._Z4loopv+0x1c3): undefined reference to `bleSendNotify(String)'
C:/Users/lenovo/AppData/Local/Arduino15/packages/esp32/tools/esp-x32/2411/bin/../lib/gcc/xtensa-esp-elf/14.2.0/../../../../xtensa-esp-elf/bin/ld.exe: C:\todo\today\aiHardStudy\사전빌드\ble_ota_arduino/ble_ota_arduino.ino:546:(.text._Z4loopv+0x24f): undefined reference to `bleSendNotify(String)'
collect2.exe: error: ld returned 1 exit status
Error during build: exit status 1

2026-04-18 13:46:05,701 [INFO]   진행: 111/145 (성공:99 실패:12) ETA: 72.0분
2026-04-18 13:46:05,701 [INFO] [112/145] T09: 스마트폰에서 "PIANO:0" ~ "PIANO:7" 보내면 해당 음 재생 + 연주 중 표시를 BLE 전송
2026-04-18 13:46:05,702 [INFO]   [T09] 시도 1/3: 스마트폰에서 "PIANO:0" ~ "PIANO:7" 보내면 해당 음 재생 + 연주 중 표시를 BLE 전송
2026-04-18 13:47:10,562 [WARNING]   [T09] 시도 1 실패: Build failed:
C:\todo\today\aiHardStudy\사전빌드\ble_ota_arduino\ble_ota_arduino.ino: In function 'void pianoTask(void*)':
C:\todo\today\aiHardStudy\사전빌드\ble_ota_arduino\ble_ota_arduino.ino:467:13: error: 'bleSend' was not declared in this scope
C:\todo\today\aiHardStudy\사전빌드\ble_ota_arduino\ble_ota_arduino.ino: In function 'void onBleWrite(String)':
C:\todo\today\aiHardStudy\사전빌드\ble_ota_arduino\ble_ota_arduino.ino:494:13: error: 'bleSend' was not declared in this scope
Error during build: exit status 1

2026-04-18 13:47:12,564 [INFO]   [T09] 시도 2/3: 스마트폰에서 "PIANO:0" ~ "PIANO:7" 보내면 해당 음 재생 + 연주 중 표시를 BLE 전송
2026-04-18 13:48:57,756 [WARNING]   [T09] 시도 2 실패: Build failed:
C:\todo\today\aiHardStudy\사전빌드\ble_ota_arduino\ble_ota_arduino.ino:544:37: error: extended character → is not valid in an identifier
Error during build: exit status 1

2026-04-18 13:48:59,757 [INFO]   [T09] 시도 3/3: 스마트폰에서 "PIANO:0" ~ "PIANO:7" 보내면 해당 음 재생 + 연주 중 표시를 BLE 전송
2026-04-18 13:51:27,815 [INFO]   [T09] 빌드 성공 (635KB, 322.1초)
2026-04-18 13:52:05,339 [INFO]   [T09] guide.json 생성 완료
2026-04-18 13:52:05,340 [INFO]   진행: 112/145 (성공:100 실패:12) ETA: 71.0분
2026-04-18 13:52:05,340 [INFO] [113/145] T10: 스마트폰에서 "STATUS" 보내면 온도+습도+LED상태+스위치 상태를 한 번에 BLE로 전송
2026-04-18 13:52:05,340 [INFO]   [T10] 시도 1/3: 스마트폰에서 "STATUS" 보내면 온도+습도+LED상태+스위치 상태를 한 번에 BLE로 전송
2026-04-18 13:53:11,051 [WARNING]   [T10] 시도 1 실패: Build failed:
C:\todo\today\aiHardStudy\사전빌드\ble_ota_arduino\ble_ota_arduino.ino: In function 'void sendStatus()':
C:\todo\today\aiHardStudy\사전빌드\ble_ota_arduino\ble_ota_arduino.ino:470:3: error: 'bleNotify' was not declared in this scope
Error during build: exit status 1

2026-04-18 13:53:13,051 [INFO]   [T10] 시도 2/3: 스마트폰에서 "STATUS" 보내면 온도+습도+LED상태+스위치 상태를 한 번에 BLE로 전송
2026-04-18 13:56:23,009 [WARNING]   [T10] 시도 2 실패: Build failed:
C:\todo\today\aiHardStudy\사전빌드\ble_ota_arduino\ble_ota_arduino.ino: In function 'void sendStatus()':
C:\todo\today\aiHardStudy\사전빌드\ble_ota_arduino\ble_ota_arduino.ino:470:3: error: 'bleNotify' was not declared in this scope
Error during build: exit status 1

2026-04-18 13:56:25,010 [INFO]   [T10] 시도 3/3: 스마트폰에서 "STATUS" 보내면 온도+습도+LED상태+스위치 상태를 한 번에 BLE로 전송
2026-04-18 13:57:24,776 [WARNING]   [T10] 시도 3 실패: Build failed:
C:\todo\today\aiHardStudy\사전빌드\ble_ota_arduino\ble_ota_arduino.ino:509:26: error: extended character ° is not valid in an identifier
Error during build: exit status 1

2026-04-18 13:57:24,776 [ERROR]   [T10] 최종 실패: Build failed:
C:\todo\today\aiHardStudy\사전빌드\ble_ota_arduino\ble_ota_arduino.ino:509:26: error: extended character ° is not valid in an identifier
Error during build: exit status 1

2026-04-18 13:57:24,776 [INFO]   진행: 113/145 (성공:100 실패:13) ETA: 69.8분
2026-04-18 13:57:24,776 [INFO] [114/145] U01: 반응속도 게임 (BLE): 랜덤 시간 후 LED → 스위치 누르기 → 반응시간을 BLE로 전송
2026-04-18 13:57:24,777 [INFO]   [U01] 시도 1/3: 반응속도 게임 (BLE): 랜덤 시간 후 LED → 스위치 누르기 → 반응시간을 BLE로 전송
2026-04-18 13:59:35,729 [WARNING]   [U01] 시도 1 실패: Build failed:
C:\todo\today\aiHardStudy\사전빌드\ble_ota_arduino\ble_ota_arduino.ino:613:38: error: extended character → is not valid in an identifier
C:\todo\today\aiHardStudy\사전빌드\ble_ota_arduino\ble_ota_arduino.ino:614:35: error: extended character → is not valid in an identifier
Error during build: exit status 1

2026-04-18 13:59:37,730 [INFO]   [U01] 시도 2/3: 반응속도 게임 (BLE): 랜덤 시간 후 LED → 스위치 누르기 → 반응시간을 BLE로 전송
2026-04-18 14:01:17,042 [WARNING]   [U01] 시도 2 실패: Build failed:
빌드\ble_ota_arduino\ble_ota_arduino.ino:15:
C:\todo\today\aiHardStudy\사전빌드\ble_ota_arduino\ssd1306.h:131:45: note:   initializing argument 3 of 'void SSD1306::drawString(int, int, const char*)'
C:\todo\today\aiHardStudy\사전빌드\ble_ota_arduino\ble_ota_arduino.ino:545:36: error: cannot convert 'String' to 'const char*'
C:\todo\today\aiHardStudy\사전빌드\ble_ota_arduino\ssd1306.h:131:45: note:   initializing argument 3 of 'void SSD1306::drawString(int, int, const char*)'
Error during build: exit status 1

2026-04-18 14:01:19,043 [INFO]   [U01] 시도 3/3: 반응속도 게임 (BLE): 랜덤 시간 후 LED → 스위치 누르기 → 반응시간을 BLE로 전송
2026-04-18 14:03:33,828 [INFO]   [U01] 빌드 성공 (637KB, 369.1초)
2026-04-18 14:04:11,251 [INFO]   [U01] guide.json 생성 완료
2026-04-18 14:04:11,252 [INFO]   진행: 114/145 (성공:101 실패:13) ETA: 68.8분
2026-04-18 14:04:11,252 [INFO] [115/145] U02: 주사위 게임 (BLE): 스위치 → OLED에 숫자 + 결과를 BLE로 전송
2026-04-18 14:04:11,252 [INFO]   [U02] 시도 1/3: 주사위 게임 (BLE): 스위치 → OLED에 숫자 + 결과를 BLE로 전송
2026-04-18 14:05:22,155 [WARNING]   [U02] 시도 1 실패: Build failed:
dStudy\사전빌드\ble_ota_arduino\ble_ota_arduino.ino: In function 'void showDice(int)':
C:\todo\today\aiHardStudy\사전빌드\ble_ota_arduino\ble_ota_arduino.ino:489:14: error: 'class SSD1306' has no member named 'drawPixel'
C:\todo\today\aiHardStudy\사전빌드\ble_ota_arduino\ble_ota_arduino.ino: In function 'void sendBLE(int)':
C:\todo\today\aiHardStudy\사전빌드\ble_ota_arduino\ble_ota_arduino.ino:498:46: error: 'class NimBLECharacteristic' has no member named 'getSubscribedCount'
Error during build: exit status 1

2026-04-18 14:05:24,156 [INFO]   [U02] 시도 2/3: 주사위 게임 (BLE): 스위치 → OLED에 숫자 + 결과를 BLE로 전송
2026-04-18 14:07:19,801 [INFO]   [U02] 빌드 성공 (637KB, 188.5초)
2026-04-18 14:07:50,268 [INFO]   [U02] guide.json 생성 완료
2026-04-18 14:07:50,268 [INFO]   진행: 115/145 (성공:102 실패:13) ETA: 67.0분
2026-04-18 14:07:50,268 [INFO] [116/145] U03: 기억력 게임: 보드가 LED 패턴 보여줌 → 스마트폰에서 순서대로 입력 → 맞으면 다음 레벨
2026-04-18 14:07:50,269 [INFO]   [U03] 시도 1/3: 기억력 게임: 보드가 LED 패턴 보여줌 → 스마트폰에서 순서대로 입력 → 맞으면 다음 레벨
2026-04-18 14:11:02,644 [WARNING]   [U03] 시도 1 실패: Build failed:
C:\todo\today\aiHardStudy\사전빌드\ble_ota_arduino\ble_ota_arduino.ino:653:9: error: extended character → is not valid in an identifier
Error during build: exit status 1

2026-04-18 14:11:04,645 [INFO]   [U03] 시도 2/3: 기억력 게임: 보드가 LED 패턴 보여줌 → 스마트폰에서 순서대로 입력 → 맞으면 다음 레벨
2026-04-18 14:13:33,570 [WARNING]   [U03] 시도 2 실패: Build failed:
C:\todo\today\aiHardStudy\사전빌드\ble_ota_arduino\ble_ota_arduino.ino:644:38: error: extended character → is not valid in an identifier
Error during build: exit status 1

2026-04-18 14:13:35,571 [INFO]   [U03] 시도 3/3: 기억력 게임: 보드가 LED 패턴 보여줌 → 스마트폰에서 순서대로 입력 → 맞으면 다음 레벨
2026-04-18 14:16:23,392 [WARNING]   [U03] 시도 3 실패: Build failed:
C:\todo\today\aiHardStudy\사전빌드\ble_ota_arduino\ble_ota_arduino.ino:714:16: error: extended character → is not valid in an identifier
Error during build: exit status 1

2026-04-18 14:16:23,392 [ERROR]   [U03] 최종 실패: Build failed:
C:\todo\today\aiHardStudy\사전빌드\ble_ota_arduino\ble_ota_arduino.ino:714:16: error: extended character → is not valid in an identifier
Error during build: exit status 1

2026-04-18 14:16:23,392 [INFO]   진행: 116/145 (성공:102 실패:14) ETA: 66.3분
2026-04-18 14:16:23,392 [INFO] [117/145] U04: 온도 맞추기 게임: OLED에 "몇 도일까?" → 스마트폰에서 입력 → 높/낮 힌트 → 맞추면 멜로디
2026-04-18 14:16:23,392 [INFO]   [U04] 시도 1/3: 온도 맞추기 게임: OLED에 "몇 도일까?" → 스마트폰에서 입력 → 높/낮 힌트 → 맞추면 멜로디
2026-04-18 14:23:35,166 [WARNING]   [U04] 시도 1 실패: Command '['bash', '-c', 'cat "C:\\Users\\lenovo\\AppData\\Local\\Temp\\tmpiug57z43.txt" | "C:\\Users\\lenovo\\AppData\\Roaming\\npm\\claude.CMD" -p - --output-format stream-json --verbose --model claude-sonnet-4-6']' timed out after 180 seconds
2026-04-18 14:23:37,167 [INFO]   [U04] 시도 2/3: 온도 맞추기 게임: OLED에 "몇 도일까?" → 스마트폰에서 입력 → 높/낮 힌트 → 맞추면 멜로디
2026-04-18 14:27:30,893 [WARNING]   [U04] 시도 2 실패: Command '['bash', '-c', 'cat "C:\\Users\\lenovo\\AppData\\Local\\Temp\\tmpi49_bjz3.txt" | "C:\\Users\\lenovo\\AppData\\Roaming\\npm\\claude.CMD" -p - --output-format stream-json --verbose --model claude-sonnet-4-6']' timed out after 180 seconds
2026-04-18 14:27:32,894 [INFO]   [U04] 시도 3/3: 온도 맞추기 게임: OLED에 "몇 도일까?" → 스마트폰에서 입력 → 높/낮 힌트 → 맞추면 멜로디
2026-04-18 14:32:18,010 [WARNING]   [U04] 시도 3 실패: Command '['bash', '-c', 'cat "C:\\Users\\lenovo\\AppData\\Local\\Temp\\tmp48tgj3oa.txt" | "C:\\Users\\lenovo\\AppData\\Roaming\\npm\\claude.CMD" -p - --output-format stream-json --verbose --model claude-sonnet-4-6']' timed out after 180 seconds
2026-04-18 14:32:18,010 [ERROR]   [U04] 최종 실패: Command '['bash', '-c', 'cat "C:\\Users\\lenovo\\AppData\\Local\\Temp\\tmp48tgj3oa.txt" | "C:\\Users\\lenovo\\AppData\\Roaming\\npm\\claude.CMD" -p - --output-format stream-json --verbose --model claude-sonnet-4-6']' timed out after 180 seconds
2026-04-18 14:32:18,010 [INFO]   진행: 117/145 (성공:102 실패:15) ETA: 67.3분
2026-04-18 14:32:18,010 [INFO] [118/145] U05: 모스부호 번역기: 스위치 짧게/길게 입력 → OLED에 점/선 표시 → 해석된 글자를 BLE로 전송
2026-04-18 14:32:18,011 [INFO]   [U05] 시도 1/3: 모스부호 번역기: 스위치 짧게/길게 입력 → OLED에 점/선 표시 → 해석된 글자를 BLE로 전송
2026-04-18 14:34:29,463 [WARNING]   [U05] 시도 1 실패: Build failed:
convert 'StringSumHelper' to 'const char*'
C:\todo\today\aiHardStudy\사전빌드\ble_ota_arduino\ssd1306.h:131:45: note:   initializing argument 3 of 'void SSD1306::drawString(int, int, const char*)'
C:\todo\today\aiHardStudy\사전빌드\ble_ota_arduino\ble_ota_arduino.ino:549:30: error: cannot convert 'String' to 'const char*'
C:\todo\today\aiHardStudy\사전빌드\ble_ota_arduino\ssd1306.h:131:45: note:   initializing argument 3 of 'void SSD1306::drawString(int, int, const char*)'
Error during build: exit status 1

2026-04-18 14:34:31,464 [INFO]   [U05] 시도 2/3: 모스부호 번역기: 스위치 짧게/길게 입력 → OLED에 점/선 표시 → 해석된 글자를 BLE로 전송
2026-04-18 14:38:13,725 [WARNING]   [U05] 시도 2 실패: Command '['bash', '-c', 'cat "C:\\Users\\lenovo\\AppData\\Local\\Temp\\tmpwvutvw5h.txt" | "C:\\Users\\lenovo\\AppData\\Roaming\\npm\\claude.CMD" -p - --output-format stream-json --verbose --model claude-sonnet-4-6']' timed out after 180 seconds
2026-04-18 14:38:15,726 [INFO]   [U05] 시도 3/3: 모스부호 번역기: 스위치 짧게/길게 입력 → OLED에 점/선 표시 → 해석된 글자를 BLE로 전송
2026-04-18 14:40:28,614 [WARNING]   [U05] 시도 3 실패: Build failed:
C:/Users/lenovo/AppData/Local/Arduino15/packages/esp32/tools/esp-x32/2411/bin/../lib/gcc/xtensa-esp-elf/14.2.0/../../../../xtensa-esp-elf/bin/ld.exe: C:\Users\lenovo\AppData\Local\arduino\sketches\DC307C44AEC3B4BEB58A2C8200D7CA6F\sketch\ble_ota_arduino.ino.cpp.o:(.literal._Z7bleSendc+0x0): undefined reference to `pCharacteristic'
collect2.exe: error: ld returned 1 exit status
Error during build: exit status 1

2026-04-18 14:40:28,614 [ERROR]   [U05] 최종 실패: Build failed:
C:/Users/lenovo/AppData/Local/Arduino15/packages/esp32/tools/esp-x32/2411/bin/../lib/gcc/xtensa-esp-elf/14.2.0/../../../../xtensa-esp-elf/bin/ld.exe: C:\Users\lenovo\AppData\Local\arduino\sketches\DC307C44AEC3B4BEB58A2C8200D7CA6F\sketch\ble_ota_arduino.ino.cpp.o:(.literal._Z7bleSendc+0x0): undefined reference to `pCharacteristic'
collect2.exe: error: ld returned 1 exit status
Error during build: exit status 1

2026-04-18 14:40:28,614 [INFO]   진행: 118/145 (성공:102 실패:16) ETA: 66.2분
2026-04-18 14:40:28,614 [INFO] [119/145] U06: 빨리 누르기 대결: 10초 동안 스위치 누른 횟수 세기 → 최종 점수 BLE 전송
2026-04-18 14:40:28,615 [INFO]   [U06] 시도 1/3: 빨리 누르기 대결: 10초 동안 스위치 누른 횟수 세기 → 최종 점수 BLE 전송
2026-04-18 14:42:12,699 [WARNING]   [U06] 시도 1 실패: Build failed:
C:\todo\today\aiHardStudy\사전빌드\ble_ota_arduino\ble_ota_arduino.ino:600:21: error: extended character → is not valid in an identifier
C:\todo\today\aiHardStudy\사전빌드\ble_ota_arduino\ble_ota_arduino.ino:600:21: error: extended character → is not valid in an identifier
C:\todo\today\aiHardStudy\사전빌드\ble_ota_arduino\ble_ota_arduino.ino:604:69: error: extended character → is not valid in an identifier
Error during build: exit status 1

2026-04-18 14:42:14,700 [INFO]   [U06] 시도 2/3: 빨리 누르기 대결: 10초 동안 스위치 누른 횟수 세기 → 최종 점수 BLE 전송
2026-04-18 14:44:36,690 [WARNING]   [U06] 시도 2 실패: Build failed:
C:\todo\today\aiHardStudy\사전빌드\ble_ota_arduino\ble_ota_arduino.ino:606:43: error: extended character → is not valid in an identifier
C:\todo\today\aiHardStudy\사전빌드\ble_ota_arduino\ble_ota_arduino.ino:614:1: error: extended character → is not valid in an identifier
Error during build: exit status 1

2026-04-18 14:44:38,691 [INFO]   [U06] 시도 3/3: 빨리 누르기 대결: 10초 동안 스위치 누른 횟수 세기 → 최종 점수 BLE 전송
2026-04-18 14:46:45,579 [INFO]   [U06] 빌드 성공 (637KB, 377.0초)
2026-04-18 14:47:20,099 [INFO]   [U06] guide.json 생성 완료
2026-04-18 14:47:20,100 [INFO]   진행: 119/145 (성공:103 실패:16) ETA: 64.7분
2026-04-18 14:47:20,100 [INFO] [120/145] U07: LED 룰렛 게임 (BLE): 스마트폰에서 "SPIN" → LED 순환 후 감속 → 멈춘 색을 BLE로 전송
2026-04-18 14:47:20,101 [INFO]   [U07] 시도 1/3: LED 룰렛 게임 (BLE): 스마트폰에서 "SPIN" → LED 순환 후 감속 → 멈춘 색을 BLE로 전송
2026-04-18 14:49:15,861 [INFO]   [U07] 빌드 성공 (636KB, 115.8초)
2026-04-18 14:49:50,343 [INFO]   [U07] guide.json 생성 완료
2026-04-18 14:49:50,344 [INFO]   진행: 120/145 (성공:104 실패:16) ETA: 62.3분
2026-04-18 14:49:50,344 [INFO] [121/145] U08: 타이핑 게임: OLED에 랜덤 알파벳 표시 → 스마트폰에서 입력 → 맞으면 점수+1 → 점수 BLE 전송
2026-04-18 14:49:50,344 [INFO]   [U08] 시도 1/3: 타이핑 게임: OLED에 랜덤 알파벳 표시 → 스마트폰에서 입력 → 맞으면 점수+1 → 점수 BLE 전송
2026-04-18 14:57:48,540 [WARNING]   [U08] 시도 1 실패: Command '['bash', '-c', 'cat "C:\\Users\\lenovo\\AppData\\Local\\Temp\\tmpvabek1e9.txt" | "C:\\Users\\lenovo\\AppData\\Roaming\\npm\\claude.CMD" -p - --output-format stream-json --verbose --model claude-sonnet-4-6']' timed out after 180 seconds
2026-04-18 14:57:50,542 [INFO]   [U08] 시도 2/3: 타이핑 게임: OLED에 랜덤 알파벳 표시 → 스마트폰에서 입력 → 맞으면 점수+1 → 점수 BLE 전송
2026-04-18 15:00:47,944 [WARNING]   [U08] 시도 2 실패: Build failed:
error: cannot convert 'StringSumHelper' to 'const char*'
C:\todo\today\aiHardStudy\사전빌드\ble_ota_arduino\ssd1306.h:131:45: note:   initializing argument 3 of 'void SSD1306::drawString(int, int, const char*)'
C:\todo\today\aiHardStudy\사전빌드\ble_ota_arduino\ble_ota_arduino.ino: At global scope:
C:\todo\today\aiHardStudy\사전빌드\ble_ota_arduino\ble_ota_arduino.ino:490:8: error: 'void GameCallback::onWrite(NimBLECharacteristic*)' marked 'override', but does not override
Error during build: exit status 1

2026-04-18 15:00:49,945 [INFO]   [U08] 시도 3/3: 타이핑 게임: OLED에 랜덤 알파벳 표시 → 스마트폰에서 입력 → 맞으면 점수+1 → 점수 BLE 전송
2026-04-18 15:03:20,650 [WARNING]   [U08] 시도 3 실패: Build failed:
C:\todo\today\aiHardStudy\사전빌드\ble_ota_arduino\ble_ota_arduino.ino: In function 'void onBLECommand(String)':
C:\todo\today\aiHardStudy\사전빌드\ble_ota_arduino\ble_ota_arduino.ino:497:9: error: 'bleSend' was not declared in this scope
C:\todo\today\aiHardStudy\사전빌드\ble_ota_arduino\ble_ota_arduino.ino:502:9: error: 'bleSend' was not declared in this scope
Error during build: exit status 1

2026-04-18 15:03:20,651 [ERROR]   [U08] 최종 실패: Build failed:
C:\todo\today\aiHardStudy\사전빌드\ble_ota_arduino\ble_ota_arduino.ino: In function 'void onBLECommand(String)':
C:\todo\today\aiHardStudy\사전빌드\ble_ota_arduino\ble_ota_arduino.ino:497:9: error: 'bleSend' was not declared in this scope
C:\todo\today\aiHardStudy\사전빌드\ble_ota_arduino\ble_ota_arduino.ino:502:9: error: 'bleSend' was not declared in this scope
Error during build: exit status 1

2026-04-18 15:03:20,651 [INFO]   진행: 121/145 (성공:104 실패:17) ETA: 62.0분
2026-04-18 15:03:20,651 [INFO] [122/145] V01: 10초마다 온습도 측정 → OLED에 현재값+최고+최저 → BLE로 실시간 전송
2026-04-18 15:03:20,652 [INFO]   [V01] 시도 1/3: 10초마다 온습도 측정 → OLED에 현재값+최고+최저 → BLE로 실시간 전송
2026-04-18 15:09:16,465 [WARNING]   [V01] 시도 1 실패: Command '['bash', '-c', 'cat "C:\\Users\\lenovo\\AppData\\Local\\Temp\\tmpskl9syiq.txt" | "C:\\Users\\lenovo\\AppData\\Roaming\\npm\\claude.CMD" -p - --output-format stream-json --verbose --model claude-sonnet-4-6']' timed out after 180 seconds
2026-04-18 15:09:18,466 [INFO]   [V01] 시도 2/3: 10초마다 온습도 측정 → OLED에 현재값+최고+최저 → BLE로 실시간 전송
2026-04-18 15:10:49,236 [INFO]   [V01] 빌드 성공 (636KB, 448.6초)
2026-04-18 15:11:22,416 [INFO]   [V01] guide.json 생성 완료
2026-04-18 15:11:22,416 [INFO]   진행: 122/145 (성공:105 실패:17) ETA: 60.4분
2026-04-18 15:11:22,416 [INFO] [123/145] V02: 스위치 이벤트 로그: 누를 때마다 시간+카운트 OLED 표시 + BLE 전송
2026-04-18 15:11:22,417 [INFO]   [V02] 시도 1/3: 스위치 이벤트 로그: 누를 때마다 시간+카운트 OLED 표시 + BLE 전송
2026-04-18 15:12:51,729 [INFO]   [V02] 빌드 성공 (636KB, 89.3초)
2026-04-18 15:13:22,888 [INFO]   [V02] guide.json 생성 완료
2026-04-18 15:13:22,889 [INFO]   진행: 123/145 (성공:106 실패:17) ETA: 57.7분
2026-04-18 15:13:22,889 [INFO] [124/145] V03: 온도 경고 시스템: 정상(파LED+BLE "OK") / 주의(노LED+BLE "WARN") / 위험(빨LED+사이렌+BLE "DANGER")
2026-04-18 15:13:22,890 [INFO]   [V03] 시도 1/3: 온도 경고 시스템: 정상(파LED+BLE "OK") / 주의(노LED+BLE "WARN") / 위험(빨LED+사이렌+BLE "DANGER")
2026-04-18 15:15:28,200 [INFO]   [V03] 빌드 성공 (636KB, 125.3초)
2026-04-18 15:16:03,874 [INFO]   [V03] guide.json 생성 완료
2026-04-18 15:16:03,875 [INFO]   진행: 124/145 (성공:107 실패:17) ETA: 55.1분
2026-04-18 15:16:03,875 [INFO] [125/145] V04: 환경 대시보드: OLED 4줄(온도, 습도, LED상태, 업타임) + 5초마다 전체 BLE 전송
2026-04-18 15:16:03,876 [INFO]   [V04] 시도 1/3: 환경 대시보드: OLED 4줄(온도, 습도, LED상태, 업타임) + 5초마다 전체 BLE 전송
2026-04-18 15:17:52,451 [WARNING]   [V04] 시도 1 실패: Build failed:
C:\todo\today\aiHardStudy\사전빌드\ble_ota_arduino\ble_ota_arduino.ino:561:47: error: extended character — is not valid in an identifier
C:\todo\today\aiHardStudy\사전빌드\ble_ota_arduino\ble_ota_arduino.ino:564:77: error: extended character — is not valid in an identifier
C:\todo\today\aiHardStudy\사전빌드\ble_ota_arduino\ble_ota_arduino.ino:564:85: error: extended character × is not valid in an identifier
Error during build: exit status 1

2026-04-18 15:17:54,452 [INFO]   [V04] 시도 2/3: 환경 대시보드: OLED 4줄(온도, 습도, LED상태, 업타임) + 5초마다 전체 BLE 전송
2026-04-18 15:18:45,409 [WARNING]   [V04] 시도 2 실패: Build failed:
l/Arduino15/packages/esp32/tools/esp-x32/2411/bin/../lib/gcc/xtensa-esp-elf/14.2.0/../../../../xtensa-esp-elf/bin/ld.exe: C:\Users\lenovo\AppData\Local\arduino\sketches\DC307C44AEC3B4BEB58A2C8200D7CA6F\sketch\ble_ota_arduino.ino.cpp.o: in function `sendBleData()':
C:\todo\today\aiHardStudy\사전빌드\ble_ota_arduino/ble_ota_arduino.ino:496:(.text._Z11sendBleDatav+0x6a): undefined reference to `bleSendNotify(char const*)'
collect2.exe: error: ld returned 1 exit status
Error during build: exit status 1

2026-04-18 15:18:47,409 [INFO]   [V04] 시도 3/3: 환경 대시보드: OLED 4줄(온도, 습도, LED상태, 업타임) + 5초마다 전체 BLE 전송
2026-04-18 15:20:36,299 [WARNING]   [V04] 시도 3 실패: Build failed:
C:\todo\today\aiHardStudy\사전빌드\ble_ota_arduino\ble_ota_arduino.ino:545:52: error: extended character — is not valid in an identifier
Error during build: exit status 1

2026-04-18 15:20:36,300 [ERROR]   [V04] 최종 실패: Build failed:
C:\todo\today\aiHardStudy\사전빌드\ble_ota_arduino\ble_ota_arduino.ino:545:52: error: extended character — is not valid in an identifier
Error during build: exit status 1

2026-04-18 15:20:36,300 [INFO]   진행: 125/145 (성공:107 실패:18) ETA: 52.7분
2026-04-18 15:20:36,301 [INFO] [126/145] V05: 온도 변화 추적: 직전 대비 상승↑/하강↓/유지= OLED 표시 + 트렌드를 BLE 전송
2026-04-18 15:20:36,301 [INFO]   [V05] 시도 1/3: 온도 변화 추적: 직전 대비 상승↑/하강↓/유지= OLED 표시 + 트렌드를 BLE 전송
2026-04-18 15:22:18,816 [INFO]   [V05] 빌드 성공 (636KB, 102.5초)
2026-04-18 15:22:57,420 [INFO]   [V05] guide.json 생성 완료
2026-04-18 15:22:57,421 [INFO]   진행: 126/145 (성공:108 실패:18) ETA: 50.1분
2026-04-18 15:22:57,421 [INFO] [127/145] W01: OLED에 애니메이션: 점이 왼쪽→오른쪽 이동 반복
2026-04-18 15:22:57,422 [INFO]   [W01] 시도 1/3: OLED에 애니메이션: 점이 왼쪽→오른쪽 이동 반복
2026-04-18 15:24:00,742 [INFO]   [W01] 빌드 성공 (635KB, 63.3초)
2026-04-18 15:24:37,854 [INFO]   [W01] guide.json 생성 완료
2026-04-18 15:24:37,855 [INFO]   진행: 127/145 (성공:109 실패:18) ETA: 47.3분
2026-04-18 15:24:37,855 [INFO] [128/145] W02: OLED 프로그레스바: 0%→100% 천천히 차오르기
2026-04-18 15:24:37,856 [INFO]   [W02] 시도 1/3: OLED 프로그레스바: 0%→100% 천천히 차오르기
2026-04-18 15:25:47,449 [INFO]   [W02] 빌드 성공 (635KB, 69.6초)
2026-04-18 15:26:15,869 [INFO]   [W02] guide.json 생성 완료
2026-04-18 15:26:15,869 [INFO]   진행: 128/145 (성공:110 실패:18) ETA: 44.5분
2026-04-18 15:26:15,870 [INFO] [129/145] W03: OLED에 디지털 시계: MM:SS 형식으로 초 단위 업데이트
2026-04-18 15:26:15,870 [INFO]   [W03] 시도 1/3: OLED에 디지털 시계: MM:SS 형식으로 초 단위 업데이트
2026-04-18 15:27:01,965 [INFO]   [W03] 빌드 성공 (635KB, 46.1초)
2026-04-18 15:27:27,144 [INFO]   [W03] guide.json 생성 완료
2026-04-18 15:27:27,145 [INFO]   진행: 129/145 (성공:111 실패:18) ETA: 41.7분
2026-04-18 15:27:27,145 [INFO] [130/145] W04: OLED에 온도 막대그래프: 최근 16개 측정값을 세로 막대로 표시
2026-04-18 15:27:27,146 [INFO]   [W04] 시도 1/3: OLED에 온도 막대그래프: 최근 16개 측정값을 세로 막대로 표시
2026-04-18 15:28:53,006 [WARNING]   [W04] 시도 1 실패: Build failed:
C:\todo\today\aiHardStudy\사전빌드\ble_ota_arduino\ble_ota_arduino.ino: In function 'void drawBarGraph()':
C:\todo\today\aiHardStudy\사전빌드\ble_ota_arduino\ble_ota_arduino.ino:496:10: error: 'class SSD1306' has no member named 'fillRect'
Error during build: exit status 1

2026-04-18 15:28:55,007 [INFO]   [W04] 시도 2/3: OLED에 온도 막대그래프: 최근 16개 측정값을 세로 막대로 표시
2026-04-18 15:30:39,472 [WARNING]   [W04] 시도 2 실패: Build failed:
C:\todo\today\aiHardStudy\사전빌드\ble_ota_arduino\ble_ota_arduino.ino: In function 'void drawBar(int, int)':
C:\todo\today\aiHardStudy\사전빌드\ble_ota_arduino\ble_ota_arduino.ino:463:18: error: 'class SSD1306' has no member named 'drawPixel'
Error during build: exit status 1

2026-04-18 15:30:41,473 [INFO]   [W04] 시도 3/3: OLED에 온도 막대그래프: 최근 16개 측정값을 세로 막대로 표시
2026-04-18 15:32:26,213 [WARNING]   [W04] 시도 3 실패: Build failed:
C:\todo\today\aiHardStudy\사전빌드\ble_ota_arduino\ble_ota_arduino.ino: In function 'void drawBarGraph()':
C:\todo\today\aiHardStudy\사전빌드\ble_ota_arduino\ble_ota_arduino.ino:507:22: error: 'class SSD1306' has no member named 'drawPixel'
C:\todo\today\aiHardStudy\사전빌드\ble_ota_arduino\ble_ota_arduino.ino:514:14: error: 'class SSD1306' has no member named 'drawPixel'
Error during build: exit status 1

2026-04-18 15:32:26,214 [ERROR]   [W04] 최종 실패: Build failed:
C:\todo\today\aiHardStudy\사전빌드\ble_ota_arduino\ble_ota_arduino.ino: In function 'void drawBarGraph()':
C:\todo\today\aiHardStudy\사전빌드\ble_ota_arduino\ble_ota_arduino.ino:507:22: error: 'class SSD1306' has no member named 'drawPixel'
C:\todo\today\aiHardStudy\사전빌드\ble_ota_arduino\ble_ota_arduino.ino:514:14: error: 'class SSD1306' has no member named 'drawPixel'
Error during build: exit status 1

2026-04-18 15:32:26,214 [INFO]   진행: 130/145 (성공:111 실패:19) ETA: 39.4분
2026-04-18 15:32:26,214 [INFO] [131/145] W05: OLED에 미니 게임: 점이 위에서 떨어지고 스위치로 피하기
2026-04-18 15:32:26,215 [INFO]   [W05] 시도 1/3: OLED에 미니 게임: 점이 위에서 떨어지고 스위치로 피하기
2026-04-18 15:34:56,721 [INFO]   [W05] 빌드 성공 (637KB, 150.5초)
2026-04-18 15:35:32,757 [INFO]   [W05] guide.json 생성 완료
2026-04-18 15:35:32,758 [INFO]   진행: 131/145 (성공:112 실패:19) ETA: 36.8분
2026-04-18 15:35:32,758 [INFO] [132/145] W06: OLED 스크롤 텍스트: 긴 문장이 오른쪽→왼쪽으로 흐르기
2026-04-18 15:35:32,759 [INFO]   [W06] 시도 1/3: OLED 스크롤 텍스트: 긴 문장이 오른쪽→왼쪽으로 흐르기
2026-04-18 15:36:46,864 [INFO]   [W06] 빌드 성공 (635KB, 74.1초)
2026-04-18 15:37:15,959 [INFO]   [W06] guide.json 생성 완료
2026-04-18 15:37:15,960 [INFO]   진행: 132/145 (성공:113 실패:19) ETA: 34.1분
2026-04-18 15:37:15,960 [INFO] [133/145] W07: OLED 부팅 화면: "UTTEC" 로고 표시 → 로딩바 → 메인 화면 전환
2026-04-18 15:37:15,961 [INFO]   [W07] 시도 1/3: OLED 부팅 화면: "UTTEC" 로고 표시 → 로딩바 → 메인 화면 전환
2026-04-18 15:38:30,020 [INFO]   [W07] 빌드 성공 (637KB, 74.1초)
2026-04-18 15:39:03,861 [INFO]   [W07] guide.json 생성 완료
2026-04-18 15:39:03,861 [INFO]   진행: 133/145 (성공:114 실패:19) ETA: 31.4분
2026-04-18 15:39:03,861 [INFO] [134/145] X01: 동시 실행: 빨강 0.3초 깜빡 + 노랑 0.7초 깜빡 + 파랑 1.5초 깜빡
2026-04-18 15:39:03,862 [INFO]   [X01] 시도 1/3: 동시 실행: 빨강 0.3초 깜빡 + 노랑 0.7초 깜빡 + 파랑 1.5초 깜빡
2026-04-18 15:39:49,720 [INFO]   [X01] 빌드 성공 (635KB, 45.9초)
2026-04-18 15:40:15,548 [INFO]   [X01] guide.json 생성 완료
2026-04-18 15:40:15,549 [INFO]   진행: 134/145 (성공:115 실패:19) ETA: 28.7분
2026-04-18 15:40:15,550 [INFO] [135/145] X02: 동시 실행: LED 깜빡이기 + OLED 온도 표시 + BLE 데이터 전송 (각각 다른 주기)
2026-04-18 15:40:15,551 [INFO]   [X02] 시도 1/3: 동시 실행: LED 깜빡이기 + OLED 온도 표시 + BLE 데이터 전송 (각각 다른 주기)
2026-04-18 15:41:41,402 [INFO]   [X02] 빌드 성공 (636KB, 85.9초)
2026-04-18 15:42:18,221 [INFO]   [X02] guide.json 생성 완료
2026-04-18 15:42:18,222 [INFO]   진행: 135/145 (성공:116 실패:19) ETA: 26.0분
2026-04-18 15:42:18,222 [INFO] [136/145] X03: 배경 음악 + LED 쇼: 멜로디 연주하면서 LED 패턴 동시 실행
2026-04-18 15:42:18,222 [INFO]   [X03] 시도 1/3: 배경 음악 + LED 쇼: 멜로디 연주하면서 LED 패턴 동시 실행
2026-04-18 15:43:42,670 [INFO]   [X03] 빌드 성공 (636KB, 84.4초)
2026-04-18 15:44:23,136 [INFO]   [X03] guide.json 생성 완료
2026-04-18 15:44:23,137 [INFO]   진행: 136/145 (성공:117 실패:19) ETA: 23.4분
2026-04-18 15:44:23,137 [INFO] [137/145] X04: 워치독: OLED에 업타임 표시 + 30초마다 BLE로 "alive" 전송 + 스위치로 리셋
2026-04-18 15:44:23,137 [INFO]   [X04] 시도 1/3: 워치독: OLED에 업타임 표시 + 30초마다 BLE로 "alive" 전송 + 스위치로 리셋
2026-04-18 15:45:53,385 [WARNING]   [X04] 시도 1 실패: Build failed:
C:\todo\today\aiHardStudy\사전빌드\ble_ota_arduino\ble_ota_arduino.ino: In function 'void watchdogTask(void*)':
C:\todo\today\aiHardStudy\사전빌드\ble_ota_arduino\ble_ota_arduino.ino:468:17: error: 'pTxCharacteristic' was not declared in this scope; did you mean 'BLECharacteristic'?
Error during build: exit status 1

2026-04-18 15:45:55,386 [INFO]   [X04] 시도 2/3: 워치독: OLED에 업타임 표시 + 30초마다 BLE로 "alive" 전송 + 스위치로 리셋
2026-04-18 15:48:40,979 [WARNING]   [X04] 시도 2 실패: Build failed:
8:18: error: stray '`' in program
C:\todo\today\aiHardStudy\사전빌드\ble_ota_arduino\ble_ota_arduino.ino:538:29: error: stray '`' in program
C:\todo\today\aiHardStudy\사전빌드\ble_ota_arduino\ble_ota_arduino.ino:538:74: error: stray '`' in program
C:\todo\today\aiHardStudy\사전빌드\ble_ota_arduino\ble_ota_arduino.ino:538:90: error: stray '`' in program
C:\todo\today\aiHardStudy\사전빌드\ble_ota_arduino\ble_ota_arduino.ino:528:1: error: expected unqualified-id before '--' token
Error during build: exit status 1

2026-04-18 15:48:42,980 [INFO]   [X04] 시도 3/3: 워치독: OLED에 업타임 표시 + 30초마다 BLE로 "alive" 전송 + 스위치로 리셋
2026-04-18 15:50:05,846 [INFO]   [X04] 빌드 성공 (636KB, 342.7초)
2026-04-18 15:50:37,811 [INFO]   [X04] guide.json 생성 완료
2026-04-18 15:50:37,812 [INFO]   진행: 137/145 (성공:118 실패:19) ETA: 21.0분
2026-04-18 15:50:37,812 [INFO] [138/145] Y01: 디지털 애완동물: OLED에 표정 표시, 스위치로 먹이주기, 온도로 기분 변화, 기분 상태 BLE 전송
2026-04-18 15:50:37,814 [INFO]   [Y01] 시도 1/3: 디지털 애완동물: OLED에 표정 표시, 스위치로 먹이주기, 온도로 기분 변화, 기분 상태 BLE 전송
2026-04-18 15:53:39,900 [WARNING]   [Y01] 시도 1 실패: Command '['bash', '-c', 'cat "C:\\Users\\lenovo\\AppData\\Local\\Temp\\tmpip5a6egg.txt" | "C:\\Users\\lenovo\\AppData\\Roaming\\npm\\claude.CMD" -p - --output-format stream-json --verbose --model claude-sonnet-4-6']' timed out after 180 seconds
2026-04-18 15:53:41,901 [INFO]   [Y01] 시도 2/3: 디지털 애완동물: OLED에 표정 표시, 스위치로 먹이주기, 온도로 기분 변화, 기분 상태 BLE 전송
2026-04-18 15:55:48,613 [WARNING]   [Y01] 시도 2 실패: Build failed:
ble_ota_arduino\ble_ota_arduino.ino:452:27: error: 'const char* moodStr(Mood)' redeclared as different kind of entity
C:\todo\today\aiHardStudy\사전빌드\ble_ota_arduino\ble_ota_arduino.ino:452:14: note: previous declaration 'const char* moodStr'
C:\todo\today\aiHardStudy\사전빌드\ble_ota_arduino\ble_ota_arduino.ino: In function 'void petTask(void*)':
C:\todo\today\aiHardStudy\사전빌드\ble_ota_arduino\ble_ota_arduino.ino:589:27: error: 'moodStr' cannot be used as a function
Error during build: exit status 1

2026-04-18 15:55:50,614 [INFO]   [Y01] 시도 3/3: 디지털 애완동물: OLED에 표정 표시, 스위치로 먹이주기, 온도로 기분 변화, 기분 상태 BLE 전송
2026-04-18 15:57:33,527 [WARNING]   [Y01] 시도 3 실패: Build failed:
C:\todo\today\aiHardStudy\사전빌드\ble_ota_arduino\ble_ota_arduino.ino:461:6: error: variable or field 'drawFace' declared void
C:\todo\today\aiHardStudy\사전빌드\ble_ota_arduino\ble_ota_arduino.ino:461:15: error: 'Mood' was not declared in this scope
Error during build: exit status 1

2026-04-18 15:57:33,527 [ERROR]   [Y01] 최종 실패: Build failed:
C:\todo\today\aiHardStudy\사전빌드\ble_ota_arduino\ble_ota_arduino.ino:461:6: error: variable or field 'drawFace' declared void
C:\todo\today\aiHardStudy\사전빌드\ble_ota_arduino\ble_ota_arduino.ino:461:15: error: 'Mood' was not declared in this scope
Error during build: exit status 1

2026-04-18 15:57:33,527 [INFO]   진행: 138/145 (성공:118 실패:20) ETA: 18.6분
2026-04-18 15:57:33,528 [INFO] [139/145] Y02: 스마트 교실: 온습도 모니터+쾌적도 LED+경보+OLED 대시보드+BLE 실시간 전송
2026-04-18 15:57:33,528 [INFO]   [Y02] 시도 1/3: 스마트 교실: 온습도 모니터+쾌적도 LED+경보+OLED 대시보드+BLE 실시간 전송
2026-04-18 15:59:06,187 [INFO]   [Y02] 빌드 성공 (636KB, 92.7초)
2026-04-18 15:59:44,301 [INFO]   [Y02] guide.json 생성 완료
2026-04-18 15:59:44,302 [INFO]   진행: 139/145 (성공:119 실패:20) ETA: 15.9분
2026-04-18 15:59:44,302 [INFO] [140/145] Y03: 나만의 악기: 스위치 누를 때마다 다음 멜로디 재생(3곡 순환) + LED 쇼 + 곡명 OLED + 곡 정보 BLE 전송
2026-04-18 15:59:44,302 [INFO]   [Y03] 시도 1/3: 나만의 악기: 스위치 누를 때마다 다음 멜로디 재생(3곡 순환) + LED 쇼 + 곡명 OLED + 곡 정보 BLE 전송
2026-04-18 16:03:56,082 [WARNING]   [Y03] 시도 1 실패: Command '['bash', '-c', 'cat "C:\\Users\\lenovo\\AppData\\Local\\Temp\\tmpo5l5byah.txt" | "C:\\Users\\lenovo\\AppData\\Roaming\\npm\\claude.CMD" -p - --output-format stream-json --verbose --model claude-sonnet-4-6']' timed out after 180 seconds
2026-04-18 16:03:58,083 [INFO]   [Y03] 시도 2/3: 나만의 악기: 스위치 누를 때마다 다음 멜로디 재생(3곡 순환) + LED 쇼 + 곡명 OLED + 곡 정보 BLE 전송
2026-04-18 16:06:19,949 [INFO]   [Y03] 빌드 성공 (637KB, 395.6초)
2026-04-18 16:06:57,773 [INFO]   [Y03] guide.json 생성 완료
2026-04-18 16:06:57,774 [INFO]   진행: 140/145 (성공:120 실패:20) ETA: 13.4분
2026-04-18 16:06:57,774 [INFO] [141/145] Y04: 미니 기상 스테이션: 온습도+쾌적도 판단+히스토리 그래프(OLED)+통계+BLE 주기적 전송
2026-04-18 16:06:57,774 [INFO]   [Y04] 시도 1/3: 미니 기상 스테이션: 온습도+쾌적도 판단+히스토리 그래프(OLED)+통계+BLE 주기적 전송
2026-04-18 16:09:43,854 [INFO]   [Y04] 빌드 성공 (637KB, 166.1초)
2026-04-18 16:10:24,046 [INFO]   [Y04] guide.json 생성 완료
2026-04-18 16:10:24,047 [INFO]   진행: 141/145 (성공:121 실패:20) ETA: 10.8분
2026-04-18 16:10:24,047 [INFO] [142/145] Y05: 게임 센터: 스위치로 게임 선택(OLED 메뉴) → 1.반응속도 2.주사위 3.빨리누르기 → 점수 BLE 전송
2026-04-18 16:10:24,047 [INFO]   [Y05] 시도 1/3: 게임 센터: 스위치로 게임 선택(OLED 메뉴) → 1.반응속도 2.주사위 3.빨리누르기 → 점수 BLE 전송
2026-04-18 16:13:33,329 [WARNING]   [Y05] 시도 1 실패: Command '['bash', '-c', 'cat "C:\\Users\\lenovo\\AppData\\Local\\Temp\\tmp85rje0tl.txt" | "C:\\Users\\lenovo\\AppData\\Roaming\\npm\\claude.CMD" -p - --output-format stream-json --verbose --model claude-sonnet-4-6']' timed out after 180 seconds
2026-04-18 16:13:35,330 [INFO]   [Y05] 시도 2/3: 게임 센터: 스위치로 게임 선택(OLED 메뉴) → 1.반응속도 2.주사위 3.빨리누르기 → 점수 BLE 전송
2026-04-18 16:16:57,466 [INFO]   [Y05] 빌드 성공 (646KB, 393.4초)
2026-04-18 16:17:34,419 [INFO]   [Y05] guide.json 생성 완료
2026-04-18 16:17:34,420 [INFO]   진행: 142/145 (성공:122 실패:20) ETA: 8.2분
2026-04-18 16:17:34,420 [INFO] [143/145] Y06: 보안 시스템: 스위치 패턴 비밀번호(짧-짧-긴) → 맞으면 LED 초록+멜로디 → 틀리면 사이렌+BLE 경보
2026-04-18 16:17:34,420 [INFO]   [Y06] 시도 1/3: 보안 시스템: 스위치 패턴 비밀번호(짧-짧-긴) → 맞으면 LED 초록+멜로디 → 틀리면 사이렌+BLE 경보
2026-04-18 16:19:40,823 [INFO]   [Y06] 빌드 성공 (637KB, 126.4초)
2026-04-18 16:20:17,014 [INFO]   [Y06] guide.json 생성 완료
2026-04-18 16:20:17,015 [INFO]   진행: 143/145 (성공:123 실패:20) ETA: 5.4분
2026-04-18 16:20:17,015 [INFO] [144/145] Y07: 스마트 화분: 온습도+쾌적도→OLED에 식물 상태 표시+LED 신호+BLE로 관리자 알림
2026-04-18 16:20:17,015 [INFO]   [Y07] 시도 1/3: 스마트 화분: 온습도+쾌적도→OLED에 식물 상태 표시+LED 신호+BLE로 관리자 알림
2026-04-18 16:22:36,702 [WARNING]   [Y07] 시도 1 실패: Build failed:
C:\todo\today\aiHardStudy\사전빌드\ble_ota_arduino\ble_ota_arduino.ino:480:1: error: 'PlantLevel' does not name a type
C:\todo\today\aiHardStudy\사전빌드\ble_ota_arduino\ble_ota_arduino.ino:491:35: error: 'PlantLevel' has not been declared
Error during build: exit status 1

2026-04-18 16:22:38,703 [INFO]   [Y07] 시도 2/3: 스마트 화분: 온습도+쾌적도→OLED에 식물 상태 표시+LED 신호+BLE로 관리자 알림
2026-04-18 16:24:29,605 [WARNING]   [Y07] 시도 2 실패: Build failed:
C:\todo\today\aiHardStudy\사전빌드\ble_ota_arduino\ble_ota_arduino.ino:453:1: error: 'PlantStatus' does not name a type
C:\todo\today\aiHardStudy\사전빌드\ble_ota_arduino\ble_ota_arduino.ino:460:41: error: 'PlantStatus' has not been declared
Error during build: exit status 1

2026-04-18 16:24:31,606 [INFO]   [Y07] 시도 3/3: 스마트 화분: 온습도+쾌적도→OLED에 식물 상태 표시+LED 신호+BLE로 관리자 알림
2026-04-18 16:26:24,388 [WARNING]   [Y07] 시도 3 실패: Build failed:
ble_ota_arduino.ino:577:37: error: 'const char* statusStr(PlantStatus)' redeclared as different kind of entity
C:\todo\today\aiHardStudy\사전빌드\ble_ota_arduino\ble_ota_arduino.ino:577:14: note: previous declaration 'const char* statusStr'
C:\todo\today\aiHardStudy\사전빌드\ble_ota_arduino\ble_ota_arduino.ino: In function 'void sensorTask(void*)':
C:\todo\today\aiHardStudy\사전빌드\ble_ota_arduino\ble_ota_arduino.ino:610:27: error: 'statusStr' cannot be used as a function
Error during build: exit status 1

2026-04-18 16:26:24,389 [ERROR]   [Y07] 최종 실패: Build failed:
ble_ota_arduino.ino:577:37: error: 'const char* statusStr(PlantStatus)' redeclared as different kind of entity
C:\todo\today\aiHardStudy\사전빌드\ble_ota_arduino\ble_ota_arduino.ino:577:14: note: previous declaration 'const char* statusStr'
C:\todo\today\aiHardStudy\사전빌드\ble_ota_arduino\ble_ota_arduino.ino: In function 'void sensorTask(void*)':
C:\todo\today\aiHardStudy\사전빌드\ble_ota_arduino\ble_ota_arduino.ino:610:27: error: 'statusStr' cannot be used as a function
Error during build: exit status 1

2026-04-18 16:26:24,389 [INFO]   진행: 144/145 (성공:123 실패:21) ETA: 2.7분
2026-04-18 16:26:24,389 [INFO] [145/145] Y08: 인터랙티브 퀴즈쇼: OLED에 문제 표시 → 스마트폰에서 답 입력 → 맞으면 멜로디+LED+점수 → 오답 부저+빨간LED → 총 점수 BLE
2026-04-18 16:26:24,390 [INFO]   [Y08] 시도 1/3: 인터랙티브 퀴즈쇼: OLED에 문제 표시 → 스마트폰에서 답 입력 → 맞으면 멜로디+LED+점수 → 오답 부저+빨간LED → 총 점수 BLE
2026-04-18 16:29:03,826 [INFO]   [Y08] 빌드 성공 (638KB, 159.4초)
2026-04-18 16:29:36,129 [INFO]   [Y08] guide.json 생성 완료
2026-04-18 16:29:36,130 [INFO]   진행: 145/145 (성공:124 실패:21) ETA: 0.0분
2026-04-18 16:29:37,040 [INFO] catalog.json generated: 134 items (C:\todo\today\aiHardStudy\사전빌드\firmware_db\catalog.json)
2026-04-18 16:29:37,041 [INFO] 
2026-04-18 16:29:37,041 [INFO] ============================================================
2026-04-18 16:29:37,041 [INFO] 빌드 완료 리포트
2026-04-18 16:29:37,041 [INFO] ============================================================
2026-04-18 16:29:37,041 [INFO] 총 소요: 398.6분
2026-04-18 16:29:37,041 [INFO] 성공: 124/145 (86%)
2026-04-18 16:29:37,041 [INFO] 실패: 21/145
2026-04-18 16:29:37,042 [INFO] 
2026-04-18 16:29:37,042 [INFO] 실패 목록:
2026-04-18 16:29:37,042 [INFO]   K04: Build failed:
a_arduino\ble_ota_arduino.ino:15:
C:\todo\today\aiHardStudy\사전빌드\ble_ota_arduino\ssd13
2026-04-18 16:29:37,042 [INFO]   P01: Build failed:
StringSumHelper' to 'const char*'
C:\todo\today\aiHardStudy\사전빌드\ble_ota_arduino\ssd13
2026-04-18 16:29:37,042 [INFO]   R02: Build failed:
C:/Users/lenovo/AppData/Local/Arduino15/packages/esp32/tools/esp-x32/2411/bin/../lib/g
2026-04-18 16:29:37,042 [INFO]   R04: Build failed:
C:\todo\today\aiHardStudy\사전빌드\ble_ota_arduino\ble_ota_arduino.ino:530:38: error: exte
2026-04-18 16:29:37,042 [INFO]   S01: Build failed:
C:\todo\today\aiHardStudy\사전빌드\ble_ota_arduino\ble_ota_arduino.ino: In function 'void 
2026-04-18 16:29:37,042 [INFO]   T01: Build failed:
C:\todo\today\aiHardStudy\사전빌드\ble_ota_arduino\ble_ota_arduino.ino:533:17: error: exte
2026-04-18 16:29:37,042 [INFO]   T02: Build failed:
\aiHardStudy\사전빌드\ble_ota_arduino\ble_ota_arduino.ino: In function 'void onBleWrite(St
2026-04-18 16:29:37,043 [INFO]   T03: Build failed:
C:\todo\today\aiHardStudy\사전빌드\ble_ota_arduino\ble_ota_arduino.ino:507:48: error: exte
2026-04-18 16:29:37,043 [INFO]   T04: Build failed:
C:\todo\today\aiHardStudy\사전빌드\ble_ota_arduino\ble_ota_arduino.ino: In function 'void 
2026-04-18 16:29:37,043 [INFO]   T05: Build failed:
:504:33: error: extended character → is not valid in an identifier
C:\todo\today\aiHar
2026-04-18 16:29:37,043 [INFO]   T06: Build failed:
C:\todo\today\aiHardStudy\사전빌드\ble_ota_arduino\ble_ota_arduino.ino: In function 'void 
2026-04-18 16:29:37,043 [INFO]   T08: Build failed:
iHardStudy\사전빌드\ble_ota_arduino/ble_ota_arduino.ino:539:(.text._Z4loopv+0x1c3): undefi
2026-04-18 16:29:37,043 [INFO]   T10: Build failed:
C:\todo\today\aiHardStudy\사전빌드\ble_ota_arduino\ble_ota_arduino.ino:509:26: error: exte
2026-04-18 16:29:37,043 [INFO]   U03: Build failed:
C:\todo\today\aiHardStudy\사전빌드\ble_ota_arduino\ble_ota_arduino.ino:714:16: error: exte
2026-04-18 16:29:37,043 [INFO]   U04: Command '['bash', '-c', 'cat "C:\\Users\\lenovo\\AppData\\Local\\Temp\\tmp48tgj3oa.txt" | "C:\\Users
2026-04-18 16:29:37,043 [INFO]   U05: Build failed:
C:/Users/lenovo/AppData/Local/Arduino15/packages/esp32/tools/esp-x32/2411/bin/../lib/g
2026-04-18 16:29:37,043 [INFO]   U08: Build failed:
C:\todo\today\aiHardStudy\사전빌드\ble_ota_arduino\ble_ota_arduino.ino: In function 'void 
2026-04-18 16:29:37,043 [INFO]   V04: Build failed:
C:\todo\today\aiHardStudy\사전빌드\ble_ota_arduino\ble_ota_arduino.ino:545:52: error: exte
2026-04-18 16:29:37,043 [INFO]   W04: Build failed:
C:\todo\today\aiHardStudy\사전빌드\ble_ota_arduino\ble_ota_arduino.ino: In function 'void 
2026-04-18 16:29:37,044 [INFO]   Y01: Build failed:
C:\todo\today\aiHardStudy\사전빌드\ble_ota_arduino\ble_ota_arduino.ino:461:6: error: varia
2026-04-18 16:29:37,044 [INFO]   Y07: Build failed:
ble_ota_arduino.ino:577:37: error: 'const char* statusStr(PlantStatus)' redeclared as 
2026-04-18 16:29:37,046 [INFO] 리포트 저장: C:\todo\today\aiHardStudy\사전빌드\logs\report_20260418_162937.json
