:1000000080530020ED5900000DFE0000D95900007A
:10001000D9590000D9590000D9590000000000004A
:100020000000000000000000000000005D5B000018
:10003000D959000000000000055B0000D9590000FC
:10004000015D0000015D0000015D0000015D000038
:10005000015D0000015D0000015D0000015D000028
:10006000015D0000015D0000015D0000015D000018
:10007000015D0000015D0000015D0000015D000008
:10008000015D0000015D0000015D0000015D0000F8
:10009000015D0000015D0000015D0000015D0000E8
:1000A000015D0000015D0000015D0000015D0000D8
:1000B000015D0000015D0000015D0000015D0000C8
:1000C000015D0000015D0000015D0000015D0000B8
:1000D000015D0000015D0000015D0000015D0000A8
:1000E000015D0000015D0000015D0000015D000098
:1000F000015D0000015D0000015D0000015D000088
:1001000081F0004102E000BF83F0004330B54FEAC8
:1001100041044FEA430594EA050F08BF90EA020F35
:100120001FBF54EA000C55EA020C7FEA645C7FEAC8
:10013000655C00F0E2804FEA5454D4EB5555B8BFEB
:100140006D420CDD2C4480EA020281EA030382EA5C
:10015000000083EA010180EA020281EA0303362DEE
:1001600088BF30BD11F0004F4FEA01314FF4801CC1
:100170004CEA113102D0404261EB410113F0004FD3
:100180004FEA03334CEA133302D0524263EB43038A
:1001900094EA050F00F0A780A4F10104D5F1200E28
:1001A0000DDB02FA0EFC22FA05F2801841F1000183
:1001B00003FA0EF2801843FA05F359410EE0A5F157
:1001C00020050EF1200E012A03FA0EFC28BF4CF088
:1001D000020C43FA05F3C01851EBE37101F000453E
:1001E00007D54FF0000EDCF1000C7EEB00006EEB4B
:1001F0000101B1F5801F1BD3B1F5001F0CD34908D5
:100200005FEA30004FEA3C0C04F101044FEA44522B
:1002100012F5800F80F09A80BCF1004F08BF5FEAB2
:10022000500C50F1000041EB045141EA050130BD92
:100230005FEA4C0C404141EB0101013C28BFB1F5A4
:10024000801FE9D291F0000F04BF01460020B1FAEF
:1002500081F308BF2033A3F10B03B3F120020CDAC2
:100260000C3208DD02F1140CC2F10C0201FA0CF0A0
:1002700021FA02F10CE002F11402D8BFC2F1200C05
:1002800001FA02F120FA0CFCDCBF41EA0C019040BB
:10029000E41AA2BF01EB0451294330BD6FEA040404
:1002A0001F3C1CDA0C340EDC04F11404C4F12002EF
:1002B00020FA04F001FA02F340EA030021FA04F301
:1002C00045EA030130BDC4F10C04C4F1200220FA58
:1002D00002F001FA04F340EA0300294630BD21FA96
:1002E00004F0294630BD94F0000F83F4801306BF5C
:1002F00081F480110134013D4EE77FEA645C18BF50
:100300007FEA655C29D094EA050F08BF90EA020FE6
:1003100005D054EA000C04BF1946104630BD91EADE
:10032000030F1EBF0021002030BD5FEA545C05D1E1
:100330004000494128BF41F0004130BD14F5800420
:100340003CBF01F5801130BD01F0004545F0FE4194
:1003500041F470014FF0000030BD7FEA645C1ABFC9
:10036000194610467FEA655C1CBF0B46024650EA00
:10037000013406BF52EA033591EA030F41F400212C
:1003800030BD00BF90F0000F04BF0021704730B5B2
:100390004FF4806404F132044FF000054FF0000187
:1003A00050E700BF90F0000F04BF0021704730B548
:1003B0004FF4806404F1320410F0004548BF40421D
:1003C0004FF000013EE700BF42004FEAE2014FEA72
:1003D00031014FEA02701FBF12F07F4393F07F4F4D
:1003E00081F06051704732F07F4208BF704793F050
:1003F0007F4F04BF41F40021704730B54FF4607463
:1004000001F0004521F000411CE700BF50EA010265
:1004100008BF704730B54FF000050AE050EA01020E
:1004200008BF704730B511F0004502D5404261EB7E
:1004300041014FF4806404F132045FEA915C3FF4BF
:10044000D8AE4FF003025FEADC0C18BF03325FEA5C
:10045000DC0C18BF033202EBDC02C2F1200300FA0D
:1004600003FC20FA02F001FA03FE40EA0E0021FA32
:1004700002F11444BDE600BF80F0004002E000BF7E
:1004800081F0004142001FBF5FEA410392EA030F7F
:100490007FEA226C7FEA236C6AD04FEA1262D2EBC9
:1004A0001363C1BFD218414048404140B8BF5B42CE
:1004B000192B88BF704710F0004F40F4000020F067
:1004C0007F4018BF404211F0004F41F4000121F07D
:1004D0007F4118BF494292EA030F3FD0A2F10102C7
:1004E00041FA03FC10EB0C00C3F1200301FA03F105
:1004F00000F0004302D5494260EB4000B0F5000F28
:1005000013D3B0F1807F06D340084FEA310102F1E6
:100510000102FE2A51D2B1F1004F40EBC25008BF98
:1005200020F0010040EA03007047490040EB000062
:10053000013A28BFB0F5000FEDD2B0FA80FCACF163
:10054000080CB2EB0C0200FA0CF0AABF00EBC25090
:1005500052421843BCBFD0401843704792F0000F7E
:1005600081F4000106BF80F400000132013BB5E7D1
:100570004FEA41037FEA226C18BF7FEA236C21D047
:1005800092EA030F04D092F0000F08BF08467047AC
:1005900090EA010F1CBF0020704712F07F4F04D17A
:1005A000400028BF40F00040704712F100723CBF8D
:1005B00000F50000704700F0004343F0FE4040F4B7
:1005C000000070477FEA226216BF08467FEA236375
:1005D0000146420206BF5FEA412390EA010F40F460
:1005E000800070474FF0000304E000BF10F00043AC
:1005F00048BF40425FEA000C08BF704743F0964393
:1006000001464FF000001CE050EA010208BF7047AD
:100610004FF000030AE000BF50EA010208BF704734
:1006200011F0004302D5404261EB41015FEA010C49
:1006300002BF84460146002043F0B64308BFA3F141
:100640008053A3F50003BCFA8CF2083AA3EBC25323
:1006500010DB01FA02FC634400FA02FCC2F1200242
:10066000BCF1004F20FA02F243EB020008BF20F079
:100670000100704702F1200201FA02FCC2F12002DF
:1006800050EA4C0021FA02F243EB020008BF20EAD4
:10069000DC7070474FF0FF0C1CEAD0521EBF1CEA02
:1006A000D15392EA0C0F93EA0C0F6FD01A4480EAF0
:1006B000010C400218BF5FEA41211ED04FF00063D9
:1006C00043EA501043EA5111A0FB01310CF0004005
:1006D000B1F5000F3EBF490041EAD3715B0040EA2B
:1006E000010062F17F02FD2A1DD8B3F1004F40EBFB
:1006F000C25008BF20F00100704790F0000F0CF0CE
:10070000004C08BF49024CEA502040EA51207F3A91
:10071000C2BFD2F1FF0340EAC250704740F400006C
:100720004FF00003013A5DDC12F1190FDCBF00F05D
:1007300000407047C2F10002410021FA02F1C2F10B
:10074000200200FA02FC5FEA310040F1000053EAA7
:100750004C0308BF20EADC70704792F0000F00F0F5
:10076000004C02BF400010F4000F013AF9D040EAFB
:100770000C0093F0000F01F0004C02BF490011F48F
:10078000000F013BF9D041EA0C018FE70CEAD1538D
:1007900092EA0C0F18BF93EA0C0F0AD030F0004C0D
:1007A00018BF31F0004CD8D180EA010000F00040C1
:1007B000704790F0000F17BF90F0004F084691F07F
:1007C000000F91F0004F14D092EA0C0F01D14202B9
:1007D0000FD193EA0C0F03D14B0218BF084608D182
:1007E00080EA010000F0004040F0FE4040F40000CC
:1007F000704740F0FE4040F4400070474FF0FF0C5F
:100800001CEAD0521EBF1CEAD15392EA0C0F93EAA5
:100810000C0F69D0A2EB030280EA010C49024FEAF7
:10082000402037D04FF0805343EA111143EA1013B0
:100830000CF000408B4238BF5B0042F17D024FF468
:10084000000C8B4224BF5B1A40EA0C00B3EB510F43
:1008500024BFA3EB510340EA5C00B3EB910F24BF2C
:10086000A3EB910340EA9C00B3EBD10F24BFA3EBB1
:10087000D10340EADC001B0118BF5FEA1C1CE0D179
:10088000FD2A3FF650AF8B4240EBC25008BF20F02C
:10089000010070470CF0004C4CEA50207F32C2BF80
:1008A000D2F1FF0340EAC250704740F400004FF01D
:1008B0000003013A37E792F0000F00F0004C02BF4E
:1008C000400010F4000F013AF9D040EA0C0093F018
:1008D000000F01F0004C02BF490011F4000F013B72
:1008E000F9D041EA0C0195E70CEAD15392EA0C0FDA
:1008F00008D142027FF47DAF93EA0C0F7FF470AF12
:10090000084676E793EA0C0F04D14B023FF44CAF54
:1009100008466EE730F0004C18BF31F0004CCAD1E9
:1009200030F000427FF45CAF31F000437FF43CAF25
:100930005FE700BF4FF0FF3C06E000BF4FF0010C47
:1009400002E000BF4FF0010C4DF804CD4FEA400229
:100950004FEA41037FEA226C18BF7FEA236C11D073
:1009600001B052EA530C18BF90EA010F58BFB2EB26
:10097000030088BFC81738BF6FEAE17018BF40F0A6
:10098000010070477FEA226C02D15FEA402C05D15A
:100990007FEA236CE4D15FEA412CE1D05DF8040BDF
:1009A000704700BF844608466146FFE70FB5FFF772
:1009B000C9FF002848BF10F1000F0FBD4DF808ED2A
:1009C000FFF7F4FF0CBF012000205DF808FB00BF1B
:1009D0004DF808EDFFF7EAFF34BF012000205DF875
:1009E00008FB00BF4DF808EDFFF7E0FF94BF0120C2
:1009F00000205DF808FB00BF4DF808EDFFF7D2FFBF
:100A000094BF012000205DF808FB00BF4DF808ED01
:100A1000FFF7C8FF34BF012000205DF808FB00BFCE
:100A20007BB972B90029BEBF00204FF0004106E03B
:100A300008BF00281CBF6FF000414FF0FF3000F0EE
:100A400057B8ADF1080C6DE904CE002909DB002B85
:100A50001ADB0DF05BF8DDF804E0DDE9022304B0F9
:100A60007047404261EB4101002B1BDB0DF04EF85B
:100A7000DDF804E0DDE9022304B0404261EB41010E
:100A8000524263EB43037047524263EB43030DF062
:100A90003DF8DDF804E0DDE9022304B0404261EBFB
:100AA00041017047524263EB43030DF02FF8DDF82C
:100AB00004E0DDE9022304B0524263EB43037047D4
:100AC00053B94AB9002908BF00281CBF4FF0FF31B5
:100AD0004FF0FF3000F00CB8ADF1080C6DE904CE1A
:100AE0000DF014F8DDF804E0DDE9022304B07047EE
:100AF000704700BF10F8012B11F8013B012A28BFF5
:100B00009A42F7D0D01A7047034611F8012B03F828
:100B1000012B002AF9D17047034613F8012B002A54
:100B2000FBD1181A013870472DE9F047064688B006
:100B30000F46904610F0CBF84FF47A73A0FB0345B4
:100B400003FB0155E40B012F44EA45444FEAD53538
:100B500007D1294922462B4630460EF0CBF900201A
:100B600012E0D8F8047025483946FFF7C3FF70B18A
:100B700023483946FFF7BEFF48B1304621493A467F
:100B80000EF0C6F96FF0040008B0BDE8F08720460B
:100B9000294617A3D3E90023FFF742FF05460C4679
:100BA00010461946184A0023FFF73AFF80460F46C1
:100BB000104619464EF660220023FFF731FF8246A9
:100BC0008946104619464FF47A720023FFF728FF32
:100BD000CDE902A9CDE90623CDE90401CDE90087DD
:100BE0000A492A46234630460EF084F9B7E700BF8B
:100BF000005C260500000000DF380100F03801002D
:100C0000F3380100FC38010080EE36001439010091
:100C10001FB512480DF043FA002005F04DFC18B93D
:100C20000F480DF03CFA0CE0002301930393694652
:100C3000012302930DF009FD011E06DA09480DF0AB
:100C40002EFA002005B05DF804FB029B9B07FCD147
:100C5000039909B10448F2E70448E2E708280100D3
:100C600024280100452801005F2801007F28010099
:100C7000012910B50C4603D10EF09EF9204610BD97
:100C8000022906D9126806490EF042F96FF01500E4
:100C9000F5E702D152680349F6E70020EFE700BF0D
:100CA00092280100AC280100012910B50C4603D19F
:100CB0000EF082F9204610BD022906D912680649B5
:100CC0000EF026F96FF01500F5E702D152680349DE
:100CD000F6E70020EFE700BFC2280100AC280100C2
:100CE000012910B50C4603D10EF066F9204610BD5F
:100CF000022906D9126806490EF00AF96FF01500AC
:100D0000F5E702D152680349F6E70020EFE700BF9C
:100D1000C2280100DD280100012938B505460C462E
:100D200003D10EF049F9204638BD022906D91268D0
:100D30000C490EF0EDF86FF01500F5E7506810F073
:100D400099F95028024604D9074928460EF0E0F8E0
:100D5000F1E7064B0649D87028460EF0CBF8002084
:100D6000E2E700BF92280100F4280100F00400200F
:100D700016290100012938B505460C4603D10EF0AD
:100D80001BF9204638BD022906D912680C490EF01D
:100D9000BFF86FF01500F5E7506810F06BF95028B8
:100DA000024604D9074928460EF0B2F8F1E7064B8F
:100DB0000649187128460EF09DF80020E2E700BFB2
:100DC00092280100F4280100F004002030290100DD
:100DD000012938B505460C4603D10EF0EDF8204642
:100DE00038BD022906D912680C490EF091F86FF04F
:100DF0001500F5E7506810F03DF96328024604D964
:100E0000074928460EF084F8F1E7064B064998603A
:100E100028460EF06FF80020E2E700BF922801009C
:100E200048290100F00400207029010008B5044B96
:100E300004490F225A70044A0EF05CF8002008BDE5
:100E4000F0040020A92901008729010008B5044BFE
:100E5000044906225A70044A0EF04CF8002008BDDE
:100E6000F0040020A9290100B829010008B5044BAD
:100E7000044905225A70044A0EF03CF8002008BDCF
:100E8000F0040020A9290100D529010008B5044B70
:100E9000044904225A70044A0EF02CF8002008BDC0
:100EA000F0040020A9290100F229010008B5044B33
:100EB000044903225A70044A0EF01CF8002008BDB1
:100EC000F0040020A92901000B2A010008B5044BF9
:100ED000044901225A70044A0EF00CF8002008BDA3
:100EE000F0040020A9290100242A010010B5044BB8
:100EF000044A054900245C700DF0FCFF204610BD3B
:100F0000F00400203D2A0100A9290100034B0449F7
:100F1000D8229A706FF027020DF0ECBFF004002089
:100F2000562A0100034B0449E2229A706FF01D0219
:100F30000DF0E0BFF0040020562A0100034B0449E5
:100F4000EC229A706FF013020DF0D4BFF004002071
:100F5000562A0100034B0449F0229A706FF00F02E9
:100F60000DF0C8BFF0040020562A0100034B0449CD
:100F7000F4229A706FF00B020DF0BCBFF004002059
:100F8000562A0100034B0449F8229A706FF00702B9
:100F90000DF0B0BFF0040020562A0100034B0449B5
:100FA000FC229A706FF003020DF0A4BFF004002041
:100FB000562A0100024B034900229A700DF09ABF95
:100FC000F0040020562A0100024B034902229A70C5
:100FD0000DF090BFF0040020562A0100024B034997
:100FE00003229A700DF086BFF0040020562A0100FB
:100FF000024B034904229A700DF07CBFF0040020DC
:10100000562A0100024B034905229A700DF072BF67
:10101000F0040020562A0100024B034906229A7070
:101020000DF068BFF0040020562A0100024B03496E
:1010300007229A700DF05EBFF0040020562A0100CE
:10104000024B034908229A700DF054BFF0040020AF
:10105000562A010008B5044B044902221A70044ABA
:101060000DF048FF002008BDF0040020832A010095
:10107000692A010008B5044B044901221A70044A88
:101080000DF038FF002008BDF0040020832A010085
:101090009D2A010010B5044B044A054900241C7028
:1010A0000DF028FF204610BDF0040020B72A0100F3
:1010B000832A010037B5244D244904460DF01AFF58
:1010C0006A780F2A38D8DFE802F0082B372D2F3145
:1010D000333737373737373737351D4A1D492046BD
:1010E0000DF008FF95F902201B4920460DF002FF84
:1010F0002A78012A22D0022A22D01ABB174A18497C
:1011000020460DF0F7FEEB680193AB680093204694
:101110002B79EA7813490DF0EDFE002003B030BDC5
:10112000114ADBE7114AD9E7114AD7E7114AD5E757
:10113000114AD3E7114AD1E71149D0E7114ADEE756
:10114000114ADCE71149DBE7F0040020CF2A010057
:101150003D2A0100A9290100562A0100B72A0100F1
:10116000832A0100252B0100242A01000B2A0100FB
:10117000F2290100D5290100B829010087290100C1
:10118000DC2A01009D2A0100692A0100032B0100CD
:1011900008B500F03DFE024B0020187008BD00BFEE
:1011A000C233002010B5002104460E220D480FF076
:1011B00059FF0C4A042302F8023C0B4B901E5A784C
:1011C0004270DA7802711A799B684271836000F08C
:1011D00033FD064B0649012220461A700DF08AFEA7
:1011E000002010BD02190020F0040020C2330020AE
:1011F000802B010010B50E22044600210D480FF08F
:1012000031FF0C4A032302F8023C0B4B901E5A7824
:10121000996842701A795B8881608380827100F0DE
:101220000BFD064B0649012220461A700DF062FEA6
:10123000002010BD02190020F0040020C23300205D
:101240008A2B010001480CF02ABF00BF942B01003B
:101250007FB5002301A8CDE90133039300F0F8FD29
:101260001A4B1C6914B1039EA64204D918480CF00D
:1012700016FF04B070BDA01BFFF7B4F90546204669
:10128000FFF7B0F901462846FFF7B8FA1149FFF712
:1012900001FA054610480CF002FF104831460CF0E8
:1012A000FEFE0F4821460CF0FAFE2846FFF78CF8A8
:1012B00002460B460B480CF0F2FE0B492846FFF79E
:1012C0009BFB0028D5D00948D1E700BFF0040020DF
:1012D000B32B01000000C842523B0100CC2B01009F
:1012E000EC2B01000D2C010000002041212C0100FD
:1012F00030B585B00446002501A8CDE90155039518
:1013000000F0A6FD204608490DF0F4FDDDE90112CC
:1013100020460DF00BFE2046039A04490DF0EAFD2D
:10132000284605B030BD00BF462C0100592C0100F5
:10133000012938B505460C4603D10DF03DFE204687
:1013400038BD022906D9126813490DF0E1FD6FF08E
:101350001500F5E750680FF08DFE012804D90F49FC
:1013600028460DF0D5FDF2E74FF08044C0B20CF0F6
:101370004AFDD4F880250A4902F0010228460DF002
:10138000B9FDD4F878250749284602F001020DF08E
:10139000B1FD0020D4E700BF92280100702C0100AD
:1013A0008D2C0100EF2C0100014800F069BD00BF49
:1013B0000019002013B50C4B5B780F2B044611D19C
:1013C0000B390F290ED91A230093084A08490B2319
:1013D0000DF090FD07490B22204602B0BDE81040F9
:1013E0000DF088BD02B010BDF00400208729010077
:1013F000192D01004F2D010038B50F4D2B780446F3
:101400001BB100F005FD00232B700C4D2046E97840
:10141000FFF7D0FF0A4B0021184610220FF022FEE2
:101420006A7842706A88828000F006FC204605498E
:101430000DF060FD002038BDC2330020F004002014
:1014400000190020622D01002DE9F041204C237885
:101450000546884617461BB100F0DAFC00232370CE
:101460001C4E2846F178FFF7A5FFB8F1020F08D906
:1014700028463A6818490DF04BFD6FF01500BDE89D
:10148000F0810E22154800210FF0ECFD134A0123D4
:1014900002F8023C737802F8013CB3789370F37859
:1014A0001371B8F1020F3378D370A2F1020405D1A1
:1014B00078680FF0DFFD0A4BA060E360094800F098
:1014C000BBFB284608490DF015FD0020D7E700BFFB
:1014D000C2330020F0040020C228010002190020BD
:1014E0004512000000190020782D0100012938B5AF
:1014F00005460C4603D10DF05FFD204638BD02299C
:1015000006D9126818490DF003FD6FF01500F5E7D4
:1015100050680FF0AFFD5A2804D9144928460DF041
:10152000F7FCF2E7124CE178E0602846FFF742FF53
:101530000E2200210F480FF095FD0E4A0523901E44
:1015400002F8023C63784370A378037123784371F7
:10155000E3788371E368836000F06EFB064B012241
:101560001A700020CAE700BFC2280100982D0100B0
:10157000F004002002190020C23300202DE9F041C0
:10158000204D2B780446884617461BB100F040FCDE
:1015900000232B70B8F1020F08D93A681A49204687
:1015A0000DF0B6FC6FF01500BDE8F081174E204637
:1015B000F178FFF7FFFE0E22154800210FF052FDD3
:1015C000134A022302F8023C737802F8013CF378D4
:1015D000D370B8F1020F33789370A2F102050CD1E9
:1015E00078680FF047FD0B4B3061A860EB6020B9C5
:1015F000094920460DF08CFCD4E7084800F01CFB9C
:101600000020D1E7C2330020BE2D0100F0040020ED
:101610000219002051120000D62D010000190020EF
:101620000B4B00224FF0FF31C3F80022C3F8081320
:10163000C3F81021D3F8102101221A61D3F8102128
:10164000002AFBD00022C3F81021D3F810317047D4
:101650000010004010B5FFF7E3FF044B1B6823B1F7
:101660001B6813B1BDE81040184710BD10190020C9
:1016700010B51C4BD3F80423D104044616D5D3F877
:1016800030219AB10022C3F83021174AD3F8303103
:10169000136801331360826842B1934213480CBF50
:1016A000002240F6CD42002307F0B2FC0D4BD3F8E8
:1016B0000423120714D5D3F80C218AB10022C3F8F1
:1016C0000C210B4AD3F80C31136801331360A26864
:1016D000934205D1FFF7A4FFE368BDE81040184727
:1016E00010BD00BF0010004018190020C0040020E9
:1016F0001C190020114B37B5187011480C4606F024
:1017000007FF104B0E48D3F8002200254FF0FF32A0
:10171000C3F800522146C3F808230FF046F801230E
:1017200002460093064840F2011329460FF06AF87A
:10173000034803B0BDE8304006F0DCBEC5330020EE
:101740006420010000800040444B40F2012284B03C
:10175000C3F850260022C3F83425C3F83825C3F84F
:101760002C2501229142C3F8302528D0022920D00F
:10177000002958D1AB22C3F824254FF0AB32C3F86F
:101780001C250023FF22CDF805308DF808204FF4EA
:101790008272ADF80A2006284FF00102CDF8013020
:1017A0008DF80C2010D804283FD851D04FF4837303
:1017B00017E0CC22C3F824254FF0CC32DFE76A22B1
:1017C000C3F82425264ADAE70F28EFD102228DF844
:1017D00005207F22ADF80A308DF80C308DF80820F6
:1017E0008523204A13809DF807309DF804205B076D
:1017F00043EA82539DF8052043EA0263174A43F007
:101800000803C2F814359DF80A309DF80B101B042C
:1018100043EA01639DF808100B439DF80C1043EA5E
:101820004163C2F8183504B0704740F20232ADF897
:10183000042003228DF80720ADF80A20074A40F261
:101840000311C2F83415C2F838354FF48B73C8E76A
:101850008DF8052040F20713C3E700BF00100040D9
:101860001B81FE58C033002038B50D46FFF76CFFD2
:101870000D4C0F2814BFFF237E23012D237010D0A1
:10188000022D08D01DB9FF21601C04F0E9FC074BB4
:10189000C3F8044538BDFF22CC21601C0FF0E2FBE9
:1018A000F5E7FF22F021F8E7C634002000100040E1
:1018B0000F280DD1A1F10B030F2B0CD801EB8101E7
:1018C00001F62E11054BA1F51661C3F808157047F6
:1018D00001F51661F6E740F66511F3E700100040E8
:1018E00010F1280F10B5044648D000F11E03DAB2FB
:1018F000262A3ED8262B3CD8DFE803F0423B3B3B70
:101900003B3B3B3B3B3B143B3B3B253B3B3B273B78
:101910003B3B293B3B3B2B3B3B3B3E3B2D2F313362
:1019200035373900EC23184AC2F80C35174B1B78B1
:1019300043BB214616480CF0B2FB21461548BDE8D2
:1019400010400CF0ACBBF023EDE7F423EBE7F823F9
:10195000E9E7FC23E7E70223E5E70323E3E70423C2
:10196000E1E70523DFE70623DDE70723DBE70823BD
:10197000D9E709480CF093FB0023D4E7D823D2E73A
:10198000E223D0E710BD00BF00100040C4330020A8
:101990001336010038360100D435010010B5294C4A
:1019A000BFF35B8F54E8003F23F4803244E800210A
:1019B0000029F7D1BFF35B8FD80304D5224B23490D
:1019C000187806F03BF8BFF35B8F54E8003F23F034
:1019D000040244E800210029F7D1BFF35B8F5907C7
:1019E00005D5194B1A4A1B4918780EF03AFEBFF379
:1019F0005B8F54E8003F23F0100244E800210029E7
:101A0000F7D1BFF35B8FDA0605D50F4B124A1149A8
:101A100018780EF026FEBFF35B8F54E8003F23F4E6
:101A2000807244E800210029F7D1BFF35B8FDB050A
:101A300007D5054B064A09491878BDE810400EF055
:101A400010BE10BD14190020C333002000800040D8
:101A5000001000400041014004100040408100405F
:101A600070B50446FFF79AFFA2001A4D1A4928786C
:101A7000D2B202F1804202F580520EF0E8FDBFF3CF
:101A80005B8F002C0CBF022304230126134C06FAA3
:101A900003F354E8002F1A4344E800210029F8D149
:101AA000BFF35B8F0E49287805F0C0FFBFF35B8F53
:101AB00054E8003F43F4803344E80032002AF7D171
:101AC000BFF35B8F287806FA00F0BDE8704005F0A0
:101AD000A1BF00BFC3330020004101401419002002
:101AE0000080004070B5114C054616460846FFF7C9
:101AF00097FDC4F81055D4F8003243F00103C4F840
:101B00000032FFF7EDFE2846094D3146FFF7D0FEC3
:101B10002B7843B10020FFF7A3FF2B781BB1054BB7
:101B200001221A6070BD01232360FBE70010004012
:101B3000C4330020004001402DE9F0411B4C0E460B
:101B400017461D46FFF76CFDC4F81005D4F80032A7
:101B500043F02103C4F80032154BC4F8043539466C
:101B6000FFF7F2FD3146FFF7A3FE124B124E0022A3
:101B70001A604FF48053C4F80433337883B10120E2
:101B8000FFF76EFF33785BB10C4B01221A6055B141
:101B9000BDE8F0410A484FF4A022002307F038BA0C
:101BA00001236360F3E7BDE8F08100BF001000404F
:101BB000C633002018190020C43300200040014023
:101BC000C0040020B0F5A07F10B50C4619D10978EB
:101BD000032917D1154B607894F9041001221A706B
:101BE000134B1A78FFF77EFF6279A0790F4B002123
:101BF00019700F490B780133DBB2834298BF1A4644
:101C00000A7010BD04290CD1084B09496078097885
:101C100001221A7022790023FFF78EFF2279607962
:101C2000E4E7BDE8104003480CF039BAC4330020A3
:101C3000C53300205A3601002DE9F3410378052B06
:101C400047D8DFE803F0030C4952595C427990F918
:101C50000410407802B0BDE8F041FFF743BF44797B
:101C6000457890F904708679D0F80880FFF7D8FCA1
:101C700028462146FFF7F8FD062D5B4C06D8042DBB
:101C800006D8D4F8003243F0210307E00F2DF8D135
:101C9000D4F8003243F4001343F00103C4F80032D7
:101CA0003846C4F81055FFF71BFE504A3146284607
:101CB000FFF7FEFD00231360C4F80C31D4F80C319B
:101CC000B8F1000F02D00823C4F80433464B0122B8
:101CD0001A6002B0BDE8F0818368027941794078EA
:101CE00002B0BDE8F041FFF727BF8168407902B03C
:101CF000BDE8F041FFF7FEBC81680079F7E7447862
:101D000090F80580856890F904708679FFF788FC63
:101D100020464146FFF7A8FD334BC3F81045D3F8E2
:101D2000002242F00302C3F800223846FFF7D8FD34
:101D300031462046FFF7BCFD2D4A2E4B12881B5D15
:101D40002D485343C5F164045C43B4FBF5F41C44D3
:101D500006F0DEFB0020FFF783FE284B2648D3F871
:101D6000002200254FF0FF32C3F800522146C3F88D
:101D700008230EF008FD0095024602231E480121AB
:101D80000EF040FDEFF31186202383F31288BFF39A
:101D90006F8F1B4B1B4C01251D60207805F030FE1A
:101DA00020B1207805FA00F005F03AFEFFF7F6FDC5
:101DB0000D4A154920780EF04AFCBFF35B8F134B98
:101DC00053E8001F41F4807143E80012002AF7D164
:101DD000BFF35B8F23780120984005F01BFE86F34C
:101DE0001188BFF36F8F74E7001000401C190020AA
:101DF000C0330020424D01006420010000800040FB
:101E000000400140C33300204481004014190020E9
:101E100010B50C480C4C06F07BFB0A480EF0AFFCEA
:101E20000A4B207800221A7005F0EAFD20B12378D1
:101E30000120984005F0F4FDFFF7B0FDBDE810402B
:101E4000FFF7EEBB64200100C3330020C433002041
:101E5000084B094AD3F8103503F00F030F2B14BFBA
:101E60004FF480737F23C0E90023044B1B68836019
:101E7000704700BF00100040C63300201819002032
:101E800030B51B4A87B04FF40073CDE903230590AA
:101E900003A9184A0446184806F008FB174B984255
:101EA000014602D016480CF0FAF80022062108205C
:101EB00000250DF0B6FF2346124A009506210120A9
:101EC0000DF0B7FF012003F06FFE0F480EF0D4FBBA
:101ED0000A4B984206D00D480CF0E1F86FF00D0067
:101EE00007B030BD0A4B0C341C602846F8E700BF31
:101EF00040420F00C51B0000642001000000AD0B34
:101F00007436010071160000C333002095360100BD
:101F1000101900202DE9F04F91B08407009302F0D2
:101F200004030293C2F3C20303F10103DDF868A0C6
:101F3000039205460E46059340F09D81041D00283E
:101F40004AD101F00706341DC6F10806009B0027A0
:101F50005A1E4FF004084FF0FF3301930497B9461F
:101F6000BB4643460DB1009921600598002800F357
:101F7000D78090480099814203D38F488142C0F0B6
:101F8000CF80039911F0020CA4EB050040F0D6803D
:101F9000B9F10F0F00F2CF80002D00F0D68009F1CB
:101FA00040010DEB010EC0F3870001990EF8200CE3
:101FB0000EF8101CBCF1000F00F0C38060F07F0031
:101FC0000EF8200C013709F10109C5F108010434AC
:101FD00006914FF6DA7E8CE00729B7D86FF01B0028
:101FE00011B0BDE8F08F7A285BD84B280FD847286E
:101FF00057D829282ED8252850D052D8202818BFA5
:1020000023280CBF4FF0010B4FF0000B71E04C3850
:102010002E2846D8DFE800F06D4545454545454545
:102020004545454548454545454545454556454849
:10203000485656566D486A456D4518481845457FBF
:102040007C48454548457C0000204FF0000B4FF090
:10205000040835E02A38C0B2012101FA00F010EA84
:102060000E0F46D110F0625C2CD110EA010B40D06B
:102070006046013C4444B4FBF8F408FB04F425B189
:10208000A3EB050CA444B445A8D8002870D005994A
:10209000013905915AF8041B009163E70199013950
:1020A00001914FF0000B24E012F8010C6C2834D1A0
:1020B00012F8023C00206C2B8346C8D14FF0080870
:1020C0004346D6E70AF1070A2AF0070A0734FAE876
:1020D00002BC24F0070435B106982044B0423FF614
:1020E0007DAFC4E900BC08344FF0000B4FF0080886
:1020F000434612F8010F002853D0BBF1000F7FF4C4
:1021000072AF2528F5D1019B013301934FF0010BEC
:102110004FF00408ECE7584697E700208346A8E70D
:10212000039988077FF551AF601B4FF0010CB0F5A4
:10213000007FFFF42DAF6FF0150051E74FF0000C5A
:10214000F5E70498013004903DE7BCF1000F01D0A1
:10215000013638E70298023600287FF434AF009841
:10216000CDE90632FEF7D8FCDDE9063206442AE75F
:10217000042B08D10AF1040015B1DAF8001021602F
:1021800004348246B5E70AF1070323F0070303F19D
:10219000080A1DB1D3E90001C4E90001083408238D
:1021A000A7E7631BB3F5806FC5D23DB9A6F108045C
:1021B000E01815E734160100AC4D0100029A2860C2
:1021C0009B082B709DF81030AAB1EB70AF702FB147
:1021D00008A80022C5F1010C91450ED1C5F10103FB
:1021E0000DF120084FF0000A01930DF1300BD1459D
:1021F00012D1601BF4E66B70E8E710F8013B19069A
:1022000008D50CEB040EB64503F07F033FF6E6AEAF
:1022100004F8013B0132DFE71FB198F90020002AE2
:1022200017DB029BD3B11AF80B2004F8012B002214
:10223000019B18191044B0423FF6D0AE98F8000048
:1022400004F8010B0099039220460EF0E4FE039A75
:1022500014440AF1010A08F10108C8E798F80020BF
:1022600055F822300093029B45F822300098FEF783
:1022700053FC421CDCE76FF00D00B1E62DE9F04F96
:1022800097B000AFC7E90A3205468A4649B90378D4
:102290004678807800EB83002844564524D8A0EB8C
:1022A000050AD7F8803095F80280D7F8804003F00F
:1022B0000103FB61EB787B62B8F1000F0CBF0024D7
:1022C00004F001041BB1D7F880309A0715D4A4B9E3
:1022D000FB6A1BB1BA6A51462846984756463046B3
:1022E0005C37BD46BDE8F08F441C2046FEF714FC69
:1022F000013020440AF1010ACFE7D7F88030C3F358
:10230000C0033B622B78BB619B003B616B687B61C8
:10231000BB6905EB830BFB6A002B7BD15646D84487
:10232000BCB11C461BF8013B55F82300FEF7F4FB3B
:10233000D7F88430013043B1D7F88830A34282BF48
:10234000D7F8843023F814000134C3450644E9D19A
:10235000D846D7F8803013F0050F0CBF4FF0020BB2
:102360004FF0010B4FF000097B6A9945B7D298F8FE
:10237000013055F823A0B04B9A4508F10208C0F08F
:102380004F81AE4B3A6A9A452CBF002301232AB3F2
:1023900018F8021C7869FB620BF062FEFB6AE8B178
:1023A000A748036813F0060F14D0EA468AB06A46BD
:1023B000A44B05937B69CDE906314FF40073ADF86A
:1023C0002030A14B42F8103F00234FF4125100F08F
:1023D000C7FDD546023E09F10109C5E723B1FB69F6
:1023E00033B9A6EB0B06F6E7D7F880309B07F2D59A
:1023F0005046FEF791FBD7F884304BB1D7F88830C0
:102400009C423FBFD7F88420431C22F8143001348B
:102410000644E0E7002C69D1B8F1000F6CD0D7F882
:10242000803058076BD5C14607F1480042465946EF
:102430000EF0F1FD0BEB0803FB6000220233796A1A
:102440008A425ED3D7F8802095F801B0F9699207E7
:1024500004EB0B03DBB254BF4FEA59020022002900
:1024600040F0A680D7F8801011F0040F14BF494641
:1024700000216B70A970EA703969BA6AFB6A284654
:102480009847061EFFF62BAFBB692B707B6AEB707B
:102490004946BA6AFB6A85F801B085F8028007F1FF
:1024A00048009847B0F10009C0F2B6803B697A6AEB
:1024B000786A03EB4201FB68BA6A414403EB4000CF
:1024C000AAEB0101FB6A98470028C0F2A780B1443B
:1024D00009EB00064FF0000B07F1380AA34569D35A
:1024E0000021BA6AFB6A08469847F8E644464FF06E
:1024F000000907F1380099E74446C1469AE7A1462A
:1025000098E713F8016CDFF830C155F8260013F88E
:10251000021C6045C0F08A80DFF820C16045386A3F
:102520002CBF4FF0000B4FF0010B38B17869C7E9B1
:1025300001320BF095FDD7E90132F0B9BBF1000F84
:102540001ED0F96949B1611C04F1280007F130047B
:10255000041904F8206CCCB20FE0D7F880104907BA
:102560000BD509F1280007F1300C09F1010100EB4E
:102570000C0909F8106C5FFA81F9013202335EE749
:10258000D7F880008007DED409F1280C07F1300E5F
:10259000F44409F101000CF8101C07F1580151FA3C
:1025A00080F009F102095FFA89F900F8106CE4E79C
:1025B00000215EE71BF80A3087F8373055F8239082
:1025C000D7F884302BB3D7F888309B4521D2D7F881
:1025D000843033F81B80BA6AFB6A012107F13700A7
:1025E000984700281ADB0644B8F1000F06D1484688
:1025F000FEF792FA00F101081FFA88F8BA6AFB6A3E
:10260000414648469847002808DB06440BF1010B79
:1026100064E74FF00008DEE74E4660E606465EE6F9
:102620003B6A002B3FF4E0AE0023B1E6386A002895
:10263000A6D04FF0000B79E734160100AC4D010035
:10264000B8080020B736010004000001014B1860F3
:10265000704700BF040500202DE9F047058B0446B4
:10266000280717460CD501290CBF45F0100545F089
:102670002005258387F31188BFF36F8FBDE8F087AE
:10268000022905F0070540F0948020460BF07BFFFF
:10269000052864D801A353F820F000BF7526000078
:1026A000B32700005F270000212700003B27000020
:1026B0004D27000001F007035A1F012A1FD80022EE
:1026C00021F00701062BD4F8008089B2C4E900226A
:1026D00009D1434603E0628B013262831B68002B01
:1026E000F9D141F00201218320460BF04CFF4FF05D
:1026F000000900286DD041F02001218369E0042BFE
:102700000AD121F0070189B2218320460BF03BFF5B
:1027100010B141F0200121834FF00008C14658E07C
:102720002369D3F80090238B23F0070343F00603BB
:1027300023834FF0000846464BE02369D3F804900A
:10274000238B23F0070343F00403F1E72369D3F855
:102750000890238B23F0070343F00503E8E74FF0CD
:102760000008C146E7E7012243F00803238387F30B
:102770001188BFF36F8F002A3BD1B8F1000F4AD107
:10278000B9F1000F02D02D492046C847EFF3118759
:10279000202383F31288BFF36F8F238B23F008036A
:1027A0009BB22383D9063FD523F01002228303F086
:1027B00007056669218B002EBFF67CAF0023D4F895
:1027C000008021F00701C4E9003341F001012183B9
:1027D0009946238B03F0070AAA4502D0A268002A73
:1027E000C1D1B8F1000F02D1B9F1000FDAD0002247
:1027F000BAE7A1680029C0D00D680029BDD04F6894
:10280000334652462046B8471DB12B6829461D461F
:10281000F3E72B46FAE74146334652462046D8F8BE
:1028200000800BF0DCFEA8E79A067FF523AF23F0CB
:102830002002228303F0070527E700BF0BE6000014
:102840002DE9F047DFF85480044607464FF00109B0
:1028500094FAA4F5B5FA85F509FA05F32E0108EB0B
:1028600005156FEA030A24EA03042B7B63B158F8C9
:1028700006301B696BB94644042273682846196800
:1028800007EA0A0700F02CFB002CE1D13846BDE82E
:10289000F087284698470028F6D1ECE7AC180100ED
:1028A00010B50F490F4888B000220EF012FA00222E
:1028B0000023CDE9062300240E23CDE90334CDE91E
:1028C0000144094B094900944FF44072084806F04E
:1028D00067FC0849064806F0A1FB204608B010BD79
:1028E000F9280000380E0020392C00004036002066
:1028F000780900206B370100014806F0CDB900BF10
:102900005C0900202DE9F04780461F480F460BF078
:10291000D1FF0646002830D000252846BDE8F087C4
:10292000237B6BB12368DB680BB120469847236893
:102930001B69D3B9636804221968204600F0D0FAF5
:10294000013610344C45EBD3B8F1000FE5D0002D23
:10295000E2D02846FFF774FF0546002FF7D000218C
:102960004FF4A4700EF039F9F1E72046984700289B
:10297000E0D00AFA06F31D43E2E7044CDFF81090BA
:1029800005464FF0010ADDE730190020AC180100C0
:10299000CC180100014B53F8200070478020010043
:1029A00008B5034608462BB1044A136000F044FD05
:1029B000002008BD6FF01500FBE700BF08050020F0
:1029C00010B5044C237813B9034806F065F90123C8
:1029D000237010BDC63500205C09002010B50446E8
:1029E0000B480BF067FF5CB1BFF35B8F094B53E8FB
:1029F000001F013943E80012002AF8D1BFF35B8FB2
:102A000005480EF072F90548BDE8104006F044B9DB
:102A1000281900202C190020380E00205C09002005
:102A2000064BBFF35B8F002253E8000F43E8002101
:102A30000029F9D1BFF35B8F704700BF2819002030
:102A400070B5FFF7EDFF084C084E0546B44200D3C1
:102A500070BD63685B792BB123685B6813B129464D
:102A6000204698471034F1E7AC180100CC1801005B
:102A700010B5044C044920460BF026FC034B1C60A7
:102A800010BD00BF740800206C2001002019002038
:102A9000094A0A4808B500231370094A1360094A15
:102AA0004FF400411360FFF77BFFFFF7E1FFBDE844
:102AB000084000F069B900BFC7350020B1E8000048
:102AC000281900202C19002001460022014800236B
:102AD0000BF01BBC7408002001480BF0B2BC00BF17
:102AE00074080020024B014618680BF0F9BC00BFC7
:102AF0002019002001480BF02EBD00BF74080020F3
:102B00002DE9F041354B1878002864D0FFF7E4FF39
:102B1000044698B1BFF35B8F314B53E8001F013976
:102B200043E80012002AF8D1BFF35B8F2D4DDFF888
:102B3000B88045452DD32046FFF7D4FF2B4B2C4CB6
:102B40001B68002B19DD0EF0C2F84FF47A72A0FB5F
:102B5000020302FB0131C30BD4E9002043EA4143E5
:102B60009B1A4FEAD13140F2E93261EB0001934206
:102B700071F1000101D3FFF763FFD4E9003213F5CF
:102B80007A7342F10002C4E90032BDE8F041FFF778
:102B9000B1BF6B685B793BB121784B0706D52B68D9
:102BA00021461B68284698471035C2E720462688EC
:102BB000C1F3C20700F0B2FAC6F382160246002E35
:102BC000EDD00028EBDB01233946284600F0A2F9BE
:102BD000B042E9D3E3E7BDE8F08100BFC63500208D
:102BE0002C190020AC180100CC1801002819002075
:102BF000300E002070B50D4D297861B90120FFF726
:102C000081FE0B4C0B4EB44206D3FFF779FF002830
:102C1000FBD101232B7070BD63685B791BB1236806
:102C200020469B6898471034EDE700BFC735002069
:102C3000AC180100CC18010000212DE9F84308462A
:102C4000FFF760FE044638B340F267684FF00009B2
:102C500006F032FD194B186030B1194B1B68092B77
:102C600002DD184806F018F8174F002544B1204639
:102C7000FFF7E6FD044618B94FF0FF384FF0FF3973
:102C8000FFF73EFF064628B9B5B90E4842464B4607
:102C900006F036F83546E9E74FF0FF384FF0FF39D8
:102CA000D6E72B689B691BB100221146284698473E
:102CB0001035BD42F5D3E8E7044DFAE724190020AA
:102CC0002C1900205C090020CC180100AC18010070
:102CD00013B518480BF0EEFD174B1B7873B1EFF3EB
:102CE0001184202383F31288BFF36F8FFFF708FF4F
:102CF00084F31188BFF36F8F02B010BD0F4B1B68B8
:102D0000002BF9D050B900220023CDE900230C4854
:102D10004FF40042002306F0DFFFEDE70928EBD176
:102D200007480DF0E2FF074802B0BDE8104005F08B
:102D3000B3BF00BF2C190020C73500202419002084
:102D4000380E00205C09002010B5064B1B680446B5
:102D500098472146A06004480BF054FBBDE81040A2
:102D6000FFF7B6BF0805002074080020044A054B91
:102D70009B1AB1EBD30F34BF52F8310000207047DB
:102D800054180100AC18010030B50949094B0A4834
:102D90005B1ADB08002204319A4200D130BD11F8E1
:102DA0003250046865F3020440F8044B0132F3E743
:102DB00054180100AC180100B8080020F8B50B4FFA
:102DC0000B4BDB1B0646DD080024AC4203D14FF061
:102DD000FF342046F8BD57F8340020B13146FDF7E6
:102DE00089FE0028F5D00134EFE700BF5418010038
:102DF000AC18010000282DE9F047884615461F460B
:102E00001DDADFF89890264E4FF0000AA6EB09066F
:102E100036095446B24509F1100902D12046BDE8F1
:102E2000F08759F80C0C3B4600792A464146FFF7DB
:102E3000E1FF844238BF04460AF1010AEAE7194B70
:102E4000194AD21AB5EBD20F26D203EBC5031C796F
:102E5000BC4228BF3C46154EC0B200EB400056F8BD
:102E600025300722824023EA020304F00702824051
:102E700013430021032223FA02F000F007008142ED
:102E800002F1030238BF01461E2AF4D123F00703E2
:102E90000B4346F82530C1E70024DCE7AC180100FD
:102EA000CC18010054180100AC180100B80800202B
:102EB000F8B5094D094BED1A06460F46ED080024FA
:102EC000AC4200D3F8BD002122B23B46304601346B
:102ED0000BF010FDA4B2F3E7AC1801005418010088
:102EE00038B50B4BC31A0D461B111146426801330E
:102EF0001371436804469971FFF7DAFF63681D6038
:102F0000636801225A71BDE83840FFF759BD00BF20
:102F1000AC18010070B14168097973B1002A17DB60
:102F2000CBB20C4951F8220003EB4303D84000F028
:102F3000070070474FF0FF31EFE707490748401A95
:102F4000B2EBD00F3ABF01EBC201087918467047C7
:102F500004207047B808002054180100AC18010084
:102F60002DE9F04F8FB004AFC1F34A26B8600D468B
:102F700090467B600C0D002E65D04FF000090A23AF
:102F80004FF0040B07F1140AFE60C7E90799C7F870
:102F900024900093CDF808B0CDF804A007F11C03ED
:102FA000F9684A464046FFF769F9B0F5006F0346F5
:102FB00020D32948036813F0060F17D06C468AB057
:102FC000D8F8041004AB254DC3E9055140F2FF7158
:102FD000D9611A464FF400711984214B42F8103F11
:102FE0004FF412514B46FFF7BBFFA5462C37BD46A9
:102FF000BDE8F08FC0F30A0604F11700184420F072
:10300000070080083B60FFF75FFD66F35325044629
:1030100080B13B68134A00F11001C7E90839F96132
:10302000CDE901AB0A230093F96807F11C03404680
:10303000FFF724F966F353257B68B9682A462046D2
:103040000BF082FCD2E704F1170020F007008008A3
:10305000FFF73AFD0446EDE7C40800208037010081
:10306000040000011DE900002DE9F04F87B0DDE903
:10307000127ADDE9106B0546884614469946DFB1A1
:103080001021CDF800A03B465A460020CDF814A0F0
:10309000FEF740FFB0F5006F01460FD31D480368EF
:1030A00013F0060F32D01C4A40F2FF73022107B022
:1030B000BDE8F04F0BF0A1BC3946384604F00703D9
:1030C00005F00704E40044EA831444EA402406F1CE
:1030D0001700084420F0070080080391FFF7F4FC74
:1030E00044EA0654054640B13FB10399CDF800A02B
:1030F0003B465A461030FEF70DFF4B4622464146EE
:10310000284607B0BDE8F04F0BF01EBC07B0BDE885
:10311000F08F00BFC4080020BF370100406820B115
:10312000034BC01A40F38F0070474FF0FF307047D9
:10313000B80800200EB403B503AB014653F8042BC6
:103140000448019302F068FF02B05DF804EB03B09D
:10315000704700BF45EA0000CA0605D48B064CBF85
:1031600002490349FFF7E6BF704700BF523B010029
:10317000002B01002DE9F04F89B09846149B06936F
:10318000DDE915A39DF84C90179F059204460D4666
:103190000493B9F1000F00F0B08007F48073079337
:1031A0000BF0A6FB07F0020B0246002874D078490A
:1031B0002046FFF7BFFF0646BBF1000F08D017F00F
:1031C000440F6BD173492A462046FFF7B3FF0644EC
:1031D00007F0010353B1704B704953F82920704B2D
:1031E0002046002A08BF1A46FFF7A4FF07F48073A1
:1031F000002B07F0080318BF4FF00008002B79D010
:10320000684B694953F829202046FFF793FF05468C
:10321000059B2BB165491A462046FFF78BFF0544F5
:10322000B8F1000F05D0624942462046FFF782FF01
:10323000054460483544069B1BB15F4922460AF0AD
:10324000DEFE049B002B00F08E80DDF810803946F6
:10325000B8F1100F204628BF4FF01008FFF77CFF91
:103260000026B54250DC002633461AF803205349A5
:103270002046FFF75FFF0136102E4BD0710703D1B8
:103280004F492046FFF756FF46453346EDD34D499B
:103290002046FFF74FFFEEE706468DE74A4B1868DA
:1032A000002894D0494B4FF47A7B1B68B5FBF3F5AB
:1032B0004FF46163B5FBF0F100FB11550BFB05F515
:1032C0004FF03C0CB1FBF3F203FB1211B5FBF0FE27
:1032D000B1FBFCF300FB1E550CFB13110BFB05F5BA
:1032E0000091B5FBF0F53A49CDE901E52046FFF73D
:1032F00021FF6CE707F008058AE7B8F1010F0CBF62
:103300002C4834484D4696E72D492046FFF712FFDA
:103310000136A6E7304920460026FFF70BFF33466B
:103320001AF803202D49A2F120035F2B28BF2E227B
:103330002046FFF7FFFE0136102E0DD0720703D195
:103340001F492046FFF7F6FEB0453346E8D81C4932
:103350002046FFF7EFFEEEE7049BB3EB0803C24401
:1033600004937FF472AFB9F1000F0AD0FB0704D5C4
:103370000B4A0A492046FFF7DDFE39462046FFF793
:10338000EBFE204609B0BDE8F04F0BF04EBB00BF8E
:10339000FC37010000380100902001003B3C010097
:1033A000F7370100A4200100253801002B38010067
:1033B0002F38010045EA0000196000003438010090
:1033C0003C3801003A380100381900203419002037
:1033D000093801007BEA00003E3801004038010056
:1033E00073B542F20F738B4228BF0B4605680F4A34
:1033F00004460521684609F0C5FA63680C495B6814
:1034000006460B2228460BF002FB636832466946EB
:1034100028465B680BF0FBFA636806495B681B2271
:1034200028460BF0F4FA02B070BD00BF88470100D7
:103430006E4D0100524D0100074A002101239042C8
:1034400006D8064A01B901231360054B186070477E
:1034500040085B000121F2E740420F0034190020D0
:1034600038190020014B01221A707047C83500201E
:10347000014B002019607047501900200148FFF7E8
:10348000AFBF00BFD420010010B5064B18680C4632
:10349000FFF780FA21460346BDE8104002480F229C
:1034A000184700BF50190020D4200100F8B5094D7D
:1034B000094B0A4ED5E9004701221A700CB92C605D
:1034C000F8BD214630463A4600F01EF8241A06445C
:1034D000F4E700BF44190020C9350020CA35002098
:1034E00010B9074B18707047064B1B781BB141F29F
:1034F00088300DF0AFB9A42000210DF06EBB00BFE5
:10350000C8350020C93500202DE9F047DFF880904C
:10351000204E80460F46042599F80040ACB90DF0C6
:103520008CF93A4682464146204605F063F8044647
:1035300050460DF08AF9ECB10123337099F8003050
:103540007BB93C462046BDE8F0873A46414600201C
:1035500005F050F80446EEE72846FFF7C1FF6C1E61
:103560002546002005F090F80028EAD03378002B9B
:10357000F2D1E6E7337833B1013D2846FFF7B0FFDB
:103580003378002BC8D13378002BDAD0DAE700BFCC
:10359000C9350020C8350020014B0360002070476A
:1035A000E420010010B504460DF023F8034902465B
:1035B00020460BF09FFC002010BD00BF8A380100A0
:1035C00037B5134600220192044601AA58680A2121
:1035D0000BF010FF019D95B920EAE0744FF4004C08
:1035E000294640F2E7304FF47A720023E4FB0C01E5
:1035F000FDF766FA0DF0F1FA284603B030BD2A4611
:10360000024920460BF084FC019DF5E7B638010025
:1036100008B5034A03490BF06DFC002008BD00BF4C
:10362000A6390100AD3901002DE9F3411746002309
:10363000044601AAB86801930A210BF0DBFE019D44
:10364000C6B24DB12A46144920460BF061FC019DDB
:10365000284602B0BDE8F081042E09D90F49324650
:1036600020460BF055FC20460BF0A6FC0125EFE7A9
:103670007868FFF7A3FBB0F1000804DA7A6808491C
:1036800020460BF045FC002133460FFA88F208462D
:103690000BF030F9DCE700BFD8390100FF39010039
:1036A000163A010010B5044604F07EF807490246B8
:1036B00020460BF01FFC204605490BF01BFC05487B
:1036C000214606F041F9002010BD00BF753A010007
:1036D000943A0100D9360000F0B58FB0D0F8A07050
:1036E00004460D460DF0CCF9064605F0E5FF204BEB
:1036F0002049214A002E08BF1E46844218BF0A46B0
:10370000234628461D4900960BF0F4FBD4E90A2312
:10371000CDE90023284694F90E30227B18490BF09E
:10372000E9FB06A92022204605F088FC636E1549B6
:10373000024628460BF0DEFB05A920460DF0AEF947
:10374000024628B1104928460BF0D4FB0FB0F0BD5B
:10375000059B6422F91A4A430091B2FBF7F20B4928
:10376000CDE9017228463A460BF0C4FBEEE700BFF4
:103770009E3A01003C380100C74A0100A13A01000D
:10378000AD3A0100D93A0100F03A01001D3B0100B9
:1037900030B591B008AD04462022002128460DF036
:1037A00061FC1A22202128460DF05CFC21461048BD
:1037B00006F0CAF807AA4FF400610E480DF062F94E
:1037C000079A0095C2F5006164234B43DB0A059319
:1037D0004FF40063CDE90132064ACDE903132046D8
:1037E00005490023403A0BF085FB002011B030BDA5
:1037F000FD370000004200206E3B010070B504461A
:10380000D0F8A06088B00D4607A90DF047F9024630
:1038100028B10F4928460BF06DFB08B070BD20465B
:103820000DF02EF9079B0096F11ACDE90131094BF5
:1038300064224A43002818BF0346B2FBF6F2064949
:10384000CDE90362284622460BF054FBE5E700BFB2
:10385000F03A01009E3A0100B73B01002DE9F04328
:1038600087B00446684604F02FFF009F264A1823BD
:1038700003FB0077082120460BF02FFB009DBD4283
:1038800003D3002007B0BDE8F0832B680BB11A7892
:1038900032B92B461D4A142101A809F073F801AB77
:1038A0001B4A082120460BF018FB28460CF0D7FFD6
:1038B000184A194B0821002808BF1346174A20460A
:1038C0000BF00BFB6B699BB11E688EB133687BB14B
:1038D000134A082120460BF000FBB1464FF00008C8
:1038E0003368434506D80F4A082120460BF0F5FA05
:1038F0001835C4E759F8043F0B4A082120460BF05D
:10390000ECFA08F10108EBE72A3C0100343C010025
:10391000393C0100213C01001B3C01009A4201009E
:103920003E3C0100523B01003A3C01002DE9F041D0
:103930001446884607461022606800210DF071FC8D
:10394000B8F1020F06461DD9A0680A2200210DF029
:1039500068FCC5B2204A2B46082138460BF0BDFA58
:10396000B8F1030F1ED8102D0ED0202D0FD0082D2A
:103970000FD13378DBB2194A082138460BF0ADFA83
:1039800000200DE02025E5E733889BB2F3E733689C
:10399000F1E73846124A08210BF09FFA6FF0150044
:1039A000BDE8F081E068102200210DF03AFC0D4ADC
:1039B00003460446082138460BF08FFA102D06D036
:1039C000202D07D0082DE4D1E4B23470D8E7A4B29A
:1039D0003480D5E73460D3E77F3C0100AA3C010086
:1039E000943C0100BB3C01002DE9F04786B0002368
:1039F0000193504B91460122074688461A6002F017
:103A00004DFB4FF0FF3520262C4649464A4A40469A
:103A100002F068FB411C06D16A1C41D14749384677
:103A20000BF076FA17E073281AD0772828D061288F
:103A300011D1DFF80CA101AADAF8000010210BF077
:103A4000D9FC019B0546002BDFD0DAF800203D4968
:103A500038460BF05DFA6FF0150006B0BDE8F08750
:103A6000DFF8DCA001AADAF8000000210BF0C2FCAC
:103A7000019B0446002BC8D0DAF800203249E7E762
:103A8000DFF8BCA001AADAF8000000210BF0B2FCBC
:103A9000019B0646002BB8D0DAF800202B49D7E767
:103AA000631C01D12A49BAE75FFA86F8C6F3C40657
:103AB000002C3DD0A64213D802AB2A46701B0CE066
:103AC000B8F1100F1BD0B8F1200F1ED0B8F1080FBD
:103AD00028D1117819703244334481181029EFD954
:103AE000102CA14628BF4FF0100929464B4602AAC8
:103AF000384600F07BFF1035A4EB0904D8E71188A5
:103B000089B21970090A5970E5E7116819704FEA0E
:103B1000112C83F801C04FEA114C090E83F802C042
:103B2000D970D8E70B4A082138460BF0D6F992E74E
:103B3000204692E7A4050020093D0100103D010048
:103B400024220020CF3C0100E23C0100F53C0100B2
:103B50002D3D0100943C010070B50D4E04463378B4
:103B60000D4629B123B1BDE870400A490BF0D0B928
:103B700083F0010333702BB1074920460BF0BAF9EB
:103B80000123337029462046BDE870400BF031BA5E
:103B9000DA350020473D0100823D010070B5044642
:103BA0003B480378182B02D10B78112B31D0013A06
:103BB0000B468D189D4225D18B5C0A780370A2F1CB
:103BC0003003092B334C04D922F02003413B052B51
:103BD00004D823683049CA54013323602368022B78
:103BE00033D110222C4800210DF01BFB2B4A136807
:103BF00003F8010B13602A4A136801331360002392
:103C0000236022E013F8016B182ED3D11E78112EF9
:103C1000D0D1234D23492A6820460BF06BF920466A
:103C20000021FFF799FF204B187870B91F4A2B68C5
:103C30001168042B0ADC08B111602B6013F003013A
:103C40000BD1126813681BBA136070BD086800BA04
:103C500041F8040B043B0120EBE75B4203F0030354
:103C600058BF5942022904D1126813885BBA9BB22B
:103C7000EAE70329E9D1106802681104C2F3074397
:103C800001F47F010B4302F47F4213430360DCE73E
:103C9000DB35002054190020DD350020601900209C
:103CA00058190020AC3D0100DC3500205C190020D3
:103CB0002DE9F8430D462749274E00230B6027497D
:103CC000337080460B601746012DB94657F8044FF4
:103CD0001DD92349022220460DF0EDF970B9A378D1
:103CE000003B18BF01231C441E49022220460DF050
:103CF000E2F928B901233370013DE5E70023F2E73B
:103D000017492046FCF7F6FEC0B909F10409002264
:103D10001146D9F804000DF084FA134B0022114625
:103D20001860D9F804000DF07CFA104B10491860A7
:103D30004046FFF711FF0020BDE8F88323782D2BC4
:103D4000E5D16378002BE2D00A49224640460BF0C9
:103D5000D1F8D1E754190020DC3500205819002093
:103D6000C63D0100C93D0100601900205C1900201A
:103D70009D3B0000CC3D010007B509480CF06FFDEC
:103D800058B1042300930649064801233A2200F063
:103D900081FE002003B05DF804FB6FF01200F9E72C
:103DA0006C170100CC18010010B54468C4E900127A
:103DB000A36042684FF48063D36402F15803136335
:103DC00000230821C2E90E33C2E91133C2E90633E8
:103DD000C2E90933D1621468536302F150011364DC
:103DE000116153611362C2F89034A36823B11B6C54
:103DF00013B1054920469847A3681B6A0BB12046BA
:103E00009847002010BD00BF0D3E00002DE9F3478C
:103E100004460D468368DB6B03B19847A368DB6AF1
:103E200043BBDFF8E4A04FF0000805F13009EA6C6D
:103E300001A948460AF081FC0746002835D0A3684E
:103E400001991B6963B3024620469847064600283D
:103E500018BF48F00108314648460AF08DFC0EB103
:103E6000B742E4D0B8F1000F08D0D5E90131002005
:103E7000984703E0204698470028D2D1A368DB6921
:103E800043BB05F11007EA6A01A938460AF0A8FC0D
:103E9000064630BB20460AF043FEC5F890642BE08E
:103EA0006FF057064FF00108D5E7DAF8003013F04D
:103EB000060F04D0154A022150460AF095FDA3686A
:103EC0001B69002BCED001220DF10301204698473B
:103ED0000646C4E7204698470028D2D102B0BDE884
:103EE000F087A3680199DB685BB1024620469847DA
:103EF000014638460AF094FCD5E901310120984783
:103F0000ECE76FF05701F4E7D80800202E3F0100DE
:103F100010B581680446183100F0F2FFA168034A29
:103F200020461831BDE8104000F096BF703F0100F8
:103F30000EB403B5044904AA019200F023FE02B0B6
:103F40005DF804EB03B07047523B01000149FFF7F5
:103F5000EFBF00BF523B01002DE9F04FA9B00DF1BA
:103F60004C0B04465422002158460DF07BF80023E8
:103F7000CDE90733A3682046563304930BF026FBA4
:103F800020460BF084FA10B96069FFF7DFFFA068E4
:103F90001422002118300DF065F820460BF0EFF9DF
:103FA000A168E068B1F85020563100260BF075FE8C
:103FB00020460BF0F4FE4FF0FF37B2460596D84688
:103FC00003963546B146DDE90732012A6AD0132B44
:103FD0006BD847BB039B4BB120460BF001FFA26897
:103FE0001423563213A907A80BF069F8B9F1000F92
:103FF0000CD099F81130FE2B08D1079B28AA02EBB0
:10400000830252F8542C0AB101330793A068436A23
:10401000002B40F0B580CEB1C369B3422DD00F96CE
:1040200000F1180524E0049A0223414608A80BF089
:1040300046F80899D8F804200492034631B10129C2
:104040000AD148B16C4A20460BF03DFB6FF00705E2
:10405000284629B0BDE8F08F079B002B34D0D8F854
:10406000000000F071FF98B166B1A5680F96183591
:104070000EAE0FCE0FC533682B602046FFF748FF0A
:104080000125E5E75D4A012120460BF01CFBDDE739
:10409000079BCBB1D8F800202946204600F0F2FF5C
:1040A000022809D1079B132B94D9089B022B91D18D
:1040B000534B544A0121C6E7032805D0079B01331F
:1040C0000793012303937EE7059B33B9D8F80010CB
:1040D00009AA48460BF0CAF8054608F10408013F52
:1040E00095B3039AEB6842B1F3B120460BF06EFA38
:1040F00020460BF0E3F9444AC5E7ABB1A368DDF80D
:104100001CA0AE4603F1180CBEE80F00ACE80F008F
:10411000DEF80030CCF80030AB682BB96B7CFE2B9E
:1041200004BF2F7C07F1FF37D5F804C0BCF1000FA6
:1041300008D0AE46BEE80F000EAE0FC6DEF8003067
:1041400033606646A94603E0079B53B101230593FC
:104150001FB9089B022B7FF436AF079B01330793EF
:1041600031E7A368DB6A13B1DB68002BEED1274B84
:104170000093274A139B012120460BF0A4FAE5E7A0
:10418000079D90F82830A5EB0A05BBB190F82910DF
:104190004FF6FF72FF2918BF0A469D4202D313440F
:1041A0009D420BD983691B4A012120460BF08BFAF3
:1041B0002046FFF7ADFE6FF0150549E701210AF033
:1041C00084FDA06800F543700AF0ECFDA368294661
:1041D0000BEB8A025B6A204698470546A0684FF0C1
:1041E000FF324FF0FF3300F543700AF020FDA06866
:1041F00000210AF06AFD2BE77E3F0100923F01009B
:10420000F33F0100313A0100B03F0100DF3F010000
:10421000C74201001740010010B5836802221A75D9
:1042200083689B6C0446BBB90AF0D8FC8368D3F85A
:104230007832DB040BD50321084B094A0BF043FA13
:10424000A0686FF4805100F51E700AF0E1FC204672
:10425000BDE8104000F0E2BD10BD00BF32400100DB
:104260003B3C01002DE9F04F04468068B1B00121CC
:1042700000F51E700AF0BDFCA3681B7D022B20D147
:1042800000230993A36860689E6C03681D6909ABED
:104290000EB310221BA9A847099BA0688BB101216E
:1042A0000AF013FD099A1BA92046B047A068002117
:1042B0000AF00BFDA3689B6C002BE3D12046FFF7AF
:1042C000ABFFA0686FF0010100F51E7031B0BDE8D2
:1042D000F04F0AF09DBC01220DF12301A847099B74
:1042E000A268002BEDD09DF923109DF82330002902
:1042F000C8DB517D032900F2E082DFE811F0040001
:1043000061027802DE020D2B58D00A2B56D0B2F88B
:104310007812092B21F4FF61A2F878127AD03DD8E7
:10432000002BAFD0082B00F0F781A268D2F87422DE
:104330009507A7D5013B162BA4D801A252F823F06C
:104340008D480000574700005F4700004F470000BE
:10435000814800007D470000854200008542000042
:104360008542000085420000854700008D4700001F
:104370008542000095470000854200009F470000ED
:104380008542000085420000854200008542000011
:10439000A347000085420000B94700001B2B35D021
:1043A0007F2B00F0C681A3F120025E2ABDD8012137
:1043B000A0680AF095FC9DF82310B3E0D2F87812BB
:1043C000C1F3C70129B1D2F87812C1F3C7018B42FA
:1043D000ABD1B2F8781263F3CA01A2F87812A568DB
:1043E000B5F8501061B928460AF07AFCE0680BF085
:1043F0001BFC6069FFF7AAFD2046FFF70DFF41E7B0
:104400002046FFF7A9FDC5F82403F5E7A3680122BC
:104410005A7537E7A068D0F8743299077FF532AF44
:1044200001210AF05DFCA068B0F85030FF2B3FF48A
:1044300029AFB0F8522000F1560100F5AB700CF036
:10444000EAFDA368B3F852201344002583F85651BF
:10445000A2681BA9142302F5AB720BA80AF02FFE69
:104460000B9914293FF60EAF30AA02EB8102A36824
:1044700042F8545CB3F85220002A00F0248213441E
:1044800093F85530202B00F01A8221B1093B042B00
:104490004DD901294AD100250A950A9B30AA02EB81
:1044A0008303002653F854AC50460AF0D8FBB346B9
:1044B00081463746B04616AA4146284600F076FBAC
:1044C000034600283FD1012ED4F8088064D10A9B0E
:1044D00030AA02EB830353F8540C0AF0C0FB08F136
:1044E000180206463946284600F060FB0568284653
:1044F0000AF0B5FB864205D0821B92B2A91920466C
:104500000BF029F9A068B0F85230034493F8563004
:10451000202B30D0093B042B2DD9D0F87432DA0788
:104520002ED42021204600F041FCABE601390020CA
:104530000CAB009301900AAB1BAA0AF0C2FE054621
:104540000028AAD19EE61B6803934A4651461846A6
:104550000CF0B1FD60B9039B1846FCF7DDFA584535
:1045600038BF58461FFA80FB002E08BF4746013669
:1045700008F101089FE7012120460AF0C2FF81E609
:1045800000210AF000FC2021204600F00FFCA0686A
:1045900001210AF0F8FB75E604907FF673AE0A9AE3
:1045A00030AB03EB8202BA4652F8543C03931846F0
:1045B0000AF055FB049B0690A8F840300496A268C8
:1045C00051461832284600F0F1FA039BD0F80090CB
:1045D000D4F808800AF1010A002B38D0B9F1000F95
:1045E00038D0069A194648460CF065FD0028E6D1F9
:1045F000B7480AF034FBB8F83A2000EB0B0189B257
:10460000121A484692FBF1F292B2059107920AF013
:1046100026FB0599079A091A8BB2B8F84010059342
:10462000481CA8F84000B1FBF2F002FB101189B25F
:1046300000295ED1A64BA74ACDF80090062120465E
:104640000BF041F8059920460AF020FF05E0B9F18A
:10465000000FCDD10023A8F84030049B013B049308
:10466000ADD16069FFF772FC204600F0D7FB0A9BD2
:1046700030AA02EB830307F1010953F8540C0AF046
:10468000EEFA394611AA8046284600F08FFA07460E
:10469000A0683968FF2200F5AB700CF01EFD3B6886
:1046A00003934FF6FF77BA4616AA4946284609F102
:1046B000010B00F07BFA18B3A168036801F25511F1
:1046C000002211F801EF985C704503D110B101325E
:1046D0005245F6D1B8F1000F01D0424507DBBA428E
:1046E00006F1FF36A8BF3A46012E97B208D0D94648
:1046F000DAE7794A4B46062120460AF0E4FFA1E7B3
:10470000002F3FF4BFAD0399A7EB080292B24144DA
:1047100020460BF020F8B5E5A068D0F874329B076E
:104720007FF5B0AD01210AF0DBFA20460BF034F83A
:10473000A8E5A068D0F874329F077FF5A3AD0121EA
:104740000AF0CEFAA368D3F874321E07EDD42046DF
:104750000BF003F896E520460AF041FF92E520466B
:104760000AF034FF20460AF092FE10B96069FFF7A4
:10477000EDFBA06801210AF0B3FA3DE620460AF0FD
:1047800037FF7FE520460AF03EFF7BE5204600F03C
:1047900045FB77E5002120460AF0ACFA72E50121DD
:1047A000F9E720460AF00BFF20460AF017FAA06846
:1047B00001210AF095FA65E5204600F073FAF6E764
:1047C0005B2B02D1022353755CE5D2F8742290076B
:1047D00006D5622B07D14FF0FF3120460AF0B0FE1C
:1047E000A368002214E6662BFAD10121F5E7002127
:1047F0005175A268D2F8741289077FF543AD313B39
:104800001B2B3FF63FAD01A151F823F08948000072
:1048100095480000A94800007D480000854200003E
:10482000854200008542000085420000854200006C
:10483000854200008542000085420000854200005C
:104840008542000085420000854200009F4700002D
:10485000954700007D470000574700008542000053
:1048600081480000854200008D480000854200001C
:1048700085420000854200009948000003235375DB
:1048800020460AF0A3FEFDE40323537520460AF0F8
:1048900096FEF7E403235375A068D0F8741201F074
:1048A000010181F0010174E603235375A368D3F875
:1048B00074329B077FF5E6AC49E7002383E70029C4
:1048C0007FF435AEE7E500297FF4E3ADE3E500BF13
:1048D0003B380100764001003B3C010038B50446FE
:1048E0008068154600F51E70002933D04FF48041D2
:1048F0000AF07FF9A368DD646068036800219B68A3
:104900009847002847D120460AF073FA002842D180
:10491000A06800F52F704FF0FF324FF0FF330321F6
:1049200005F014FAA36805464FF0FF3203F5437013
:104930004FF0FF339DB10AF07AF920462B46164A14
:1049400001210AF0C0FEA068BDE8384000F54370C0
:104950000AF028BA6FF480410AF05AF9CAE70AF05F
:1049600066F90E4A022120460AF063F90C4A2946EC
:1049700020460AF05EF920460A4A01210AF059F958
:10498000606803685B6903B19847A06800F54370ED
:104990000AF008FABCE738BD7C4001007FEC00005B
:1049A00065420000A9ED000010B50B4904460AF06D
:1049B000A1FA204609490AF09DFA204608490AF062
:1049C00099FA204607490AF095FA2046064A00213E
:1049D00000F042FA002010BD93400100D1400100D8
:1049E00030410100844101001E420100F8B5164625
:1049F0000A46214904461F460AF07CFA0025AF42C8
:104A00000ED9725D1D4920460AF074FA0135102D49
:104A10000BD06A07F3D11A4920460AF06BFAEEE789
:104A2000184920460AF066FAF0E7174920460AF0CE
:104A300061FA0025BD4213D2725D1449A2F1200330
:104A40005F2B28BF2E2220460AF054FA0135102D84
:104A50000BD06B07EED10A4920460AF04BFAE9E782
:104A6000074920460AF046FAF0E720460849BDE823
:104A7000F8400AF03FBA00BF344201003438010068
:104A80003C3801003A3801003E380100403801004E
:104A90003B4201002DE9F047044680688846D0F883
:104AA000201388B015461F46002963D192464FF463
:104AB0004A720CF0D7FAE0680BF057F9A06800F5DD
:104AC00043700BF06EFF4FF42F794FF41F76A06800
:104AD00030440CF051FAA0680022831901214844A7
:104AE00010360CF020FAB6F52F7F09F11409EED13B
:104AF000A36900221A60A068022100F51E700AF066
:104B000078F8A36850225A87A36818221A87216868
:104B100020460AF023FA25F03405A368174A65F306
:104B2000070AC3F874A26068036841461D682346FB
:104B3000A8470546D0B9A36801221A75D4E90A012D
:104B400000220023CDE906230E230393109B049536
:104B5000CDE9017300940A4B4FF4006204F020FB8E
:104B6000A368C3F82003616A04F058FA284608B025
:104B7000BDE8F0876FF07705F8E700BF6BEC000049
:104B8000DD48000010B5044613460A4601460648B3
:104B900001F042FA23691B7923B12046BDE8104099
:104BA0000AF02DBA10BD00BF17F0000038B50B4653
:104BB000154648B91449154A521AB3EB920F05D25B
:104BC00051F82350284638BD84680CB90025F9E710
:104BD0000F4A94420AD30F4A944207D218462268D9
:104BE000294690472B68002BECD1EFE70A4A944204
:104BF00002D30A4A944205D3246814225343E51889
:104C0000E358F0E70133F8E7FC18010058190100F8
:104C1000341A0100341A010058190100341A010035
:104C200001490AF013BC00BF523B01002DE9F047D7
:104C30008468054604F15600FBF76EFF002294F8E5
:104C40003C8087B29146668FA6EB0806BE4209DB20
:104C5000002F21DD5632686910492244BDE8F04733
:104C60000AF0F4BB16443444563294F856A084F843
:104C70005690AB680A4968691A440AF0E7FBAB68CA
:104C80003344324683F856A0AC68638FA3EB080325
:104C9000FF1A4FF00008D6E7BDE8F0873B3C010063
:104CA000313A01002DE9F04183680646B3F850001F
:104CB000002841D0B3F8521000293DD0553103F1FE
:104CC00056020B441D46954206D3294611F8014968
:104CD000202C28D0954228D29CB2AFB2E21B92B2CF
:104CE00005F10108511C2944821A40460CF0A1F933
:104CF000B268B2F85030391B13FA81F3A2F8503081
:104D0000B268B2F850301A44002382F85630304668
:104D100009B20AF0F6FB43463046084ABDE8F041C6
:104D200008210AF0D0BC0D46CDE7294611F801490B
:104D3000202CD1D00D46CDE7BDE8F0813B3C0100F1
:104D4000F8B583681746B3F852200D46D3F87412AD
:104D5000563213444A0704461FD51846FBF7DCFEBB
:104D60000646A6B9A368B3F85020A3F85220A0685D
:104D70000AF079FB20B107B115B16069FFF750FF68
:104D80006942204609B2BDE8F8400AF0BABB0549BD
:104D900060690AF05BFB013EE3E7034A08210AF081
:104DA00092FCDFE7C74A01003B3C010013B5836872
:104DB0008DF80710D3F874220446D00725D5B3F830
:104DC0005210B3F850208A421FD0481CA3F852005A
:104DD0000B449DF8072083F85620A368D3F874127B
:104DE000890710D5D3F8743260690B4913F0040FAA
:104DF00018BF2A220AF02AFB20460AF048FB10B10D
:104E00006069FFF70DFF02B010BD01220DF107012F
:104E100020460AF066FCF6E74038010010B504466B
:104E20008368094A02210AF04EFCA368D3F8743261
:104E30009B0707D52046FFF7F9FE2046BDE8104046
:104E40000AF04BBB10BD00BF3B3C010001490AF01A
:104E500011BE00BF523B01002DE9F0410E4600217A
:104E600088B0044617460D4603AA304601F10108F2
:104E7000FFF79CFE80B965B127B13A46082120466C
:104E80000AF021FC002103AA30464F1CFFF78EFEDA
:104E900060B908B0BDE8F081006810B1FBF73CFED6
:104EA00080B2854238BF05464146DDE703688BB1D5
:104EB0001A787AB1D0F804800E4ACDE9005308215F
:104EC0000D4B20460AF0FFFBB8F1000F04D16069DA
:104ED000FFF7BCFF3946D6E72046074B074A0821B3
:104EE0000AF0F1FBAA1D92B2414620460AF0CFFD1E
:104EF000F0E700BF574201007E4D01002F3801004E
:104F0000F7B50F6805460E46AFB13846FBF704FE0D
:104F100084B20B4B0B4A009308213B4628460AF00B
:104F2000D2FB7168E21C92B239B1284603B0BDE8E9
:104F3000F0400AF0ACBD3C46EBE703B0F0BD00BF6B
:104F40007A4D01007740010010B507490446FBF790
:104F5000D1FD38B105492046FBF7CCFDB0FA80F011
:104F6000400910BD0120FCE75E42010061420100E2
:104F700008B5836902491A6809F0BCFF002008BD22
:104F800068420100F7B50C490C4C0D4E054609F07E
:104F9000B1FF0022B44202F1010702D3002003B0A6
:104FA000F0BD636A0093A368064992B2284609F0EF
:104FB000A1FF30343A46EDE778420100CC180100F9
:104FC000FC1801009042010008B5024909F0C6FF33
:104FD000002008BD533B010037B504460025A268F8
:104FE000E0680DF1060302F5AB7201210AF01FFE25
:104FF000BDF80600A36840B12A46064903F5AB7325
:10500000204609F077FF0135E9E783F8560103B040
:1050100030BD00BFA142010010B5044609F0E1FF18
:1050200003490246204609F065FF002010BD00BF7D
:10503000C23D0100022907B50BD1536800931268E5
:105040000B4B0C4909F064FF6FF0150003B05DF8DD
:1050500004FB8368084AD3F87432084913F0020F3E
:10506000074B18BF1A4609F045FF0020EEE700BFC6
:10507000AF420100C4420100AB420100CD42010039
:10508000302F01002DE9F04F074689B015468946BB
:1050900021B110460AF06FFE00285BD1032455E0D1
:1050A0005C463CE029460AF5AB700CF035F8064644
:1050B000002854D0FBF730FD82B2601C013231462B
:1050C00030440BF0B6FF2246594630460BF0A3FFA2
:1050D0004FF020033355BAF8543001331C44AAF87A
:1050E000544008F10108002401994B1C03AA4846CA
:1050F0000193FFF75BFD0646E8B1316800222846C0
:105100000BF008F80028EFD1D6F800B0D7F808A0C7
:10511000BBF1000FC4D05846FBF7FEFC84B2BAF8CE
:1051200054302344FF2BBDDD0E4A2B460321384665
:105130000AF0C9FA0124B8F1000F07D0B8682A466E
:1051400000F1540100F5AB700AF069F8204609B08F
:10515000BDE8F08F4FF0000841460224C5E7022465
:10516000E9E700BFD545010008B5044808F097FFFE
:10517000BDE80840024808F092BF00BF2746010082
:105180005C460100014805F00DB800BF0424010091
:1051900038B5044618B90F4B0F485B6898476168EB
:1051A000B1F5683F10D0B1F5680F0DD00B4DA94295
:1051B0000AD011F46861206807D0014608480BF056
:1051C000A5FB00232360656038BD14220BF04AFF65
:1051D000F9E700BF800600208A4601002C5F5CA929
:1051E000EC21002008B520B34368B3F5683F10D127
:1051F00001220368BFF35B8F53E8001F002903D12E
:1052000043E800200028F7D1BFF35B8F0DD10020C9
:1052100008BD094A93420AD000684FF0FF324FF0B0
:10522000FF3303F073FC0028F1D00448F0E7044892
:10523000EEE76FF4E040EBE72C5F5CA9E98FFFFF3E
:10524000EA8FFFFF08B5D8B14368B3F5683F10D1C6
:1052500000220368BFF35B8F53E8001F012903D1CD
:1052600043E800200028F7D1BFF35B8F0BD100206B
:1052700008BD074A934208D0006803F0BDFCF6E77A
:105280006FF4E040F4E70348F2E70348F0E700BFBB
:105290002C5F5CA9E98FFFFFEA8FFFFF10B5044682
:1052A00018B91D4B1D485B6898476368B3F5683FA4
:1052B0002FD0B3F5680F2CD0194A934219D1236827
:1052C00003BB18484FF0FF324FF0FF33214603F085
:1052D000EFFB08B923681BB90F4B13485B6898476D
:1052E0002068142200210BF0BDFE4FF46863636058
:1052F00008E0B3F5680F0DD83A2B03D040F6BA6238
:105300009342DED120680BF04CFB636843F03A0314
:10531000636010BD054AF3E7800600208A4601005D
:105320002C5F5CA9EC210020B04601003A00003A55
:1053300008B506490648402314220BF0DAFABDE806
:1053400008400449044804F0F1BF00BFEC1C0020F1
:10535000EC2100200C2401002024010038B50C466B
:1053600015460AF04EFD034B43F8305003EBC003E3
:105370005C6038BDE40600202DE9F843054600AF27
:105380000C46002948D0DFF8B890D9F800305A0709
:1053900042D06E468AB0D1E90001A3686A46DFF8C0
:1053A000A4C04FF00508CDE905C0CDE9071342F8C8
:1053B000108F00234FF421514846FDF7D1FDD9F855
:1053C00000305B07B54627D08AB0D4E90301636992
:1053D0006A46DFF874C0CDE90713CDE905C042F88D
:1053E000108F002348464FF42151FDF7B9FDD9F83D
:1053F00000305807B5460FD0E3690121134A4846EB
:1054000009F0FBFAD9F80030590705D0A369104A12
:105410000121484609F0F1FA012D0AD1EFF3058385
:1054200007480268520704D00A4A103B294609F08F
:10543000E4FA2146284603F06DF9BD46BDE8F8833D
:10544000D0080020DD4601000C4701003B47010069
:105450004A4701007847010030BFFFF7FDBF00BF9A
:10546000074A936893F90E10002907DB52699342AB
:105470001FBF044A536843F080535360704700BF16
:105480003023002000ED00E010B52D4C23685A07B2
:1054900003D02C4920460AF0C0FC2B4B9B6A9B0191
:1054A0004BD52368580703D0284925480AF0B5FC96
:1054B0001E20254B9B6AD90107D523685A0703D0C4
:1054C00023491F480AF0A9FC1F201F4B9B6A1B039E
:1054D00007D52368580703D01E4919480AF09DFCD8
:1054E0002120194B9B6A590307D523685A0703D01B
:1054F000194913480AF091FC2220134B9B6A9B0325
:1055000007D52368590703D014490D480AF085FCD4
:1055100023200D4B9B6ADA0307D523685B0703D072
:105520000F4907480AF079FC2420074A936A6FEA7A
:1055300003436FEA1343936210BD1D20B9E700BF18
:10554000D00800208B47010000ED00E0A3470100D8
:10555000B6470100D0470100EE47010013480100A3
:105560002D480100F8B5374C23685B0706460D4609
:1055700003D0354920460AF050FC344B9B6ADF04C7
:1055800051D52368580703D031492E480AF045FC0D
:1055900017202E4B9B6A190507D523685A0703D09D
:1055A0002C4928480AF039FC1820284FBB6A9B0573
:1055B00019D52368580703D0274922480AF02DFC43
:1055C000BB6BBA6A11040DD52268520704D0234A76
:1055D0001C48012109F011FA26B11C4A936A23F4F0
:1055E000004393621920194B9B6A5B0507D523681A
:1055F0005F0703D01A4913480AF00FFC1A20134B17
:105600009A6AD60511D52368590703D015490D4864
:105610000AF003FC1B200D4A936A43F47F43936214
:1056200000232B70F8BD1620B3E79B6A9A04F2D5CD
:1056300023685B0703D00C4902480AF0EEFB1C20EC
:10564000E9E700BFD00800205848010000ED00E065
:105650006E4801007F48010092480100AB480100FC
:10566000C0480100DB480100F34801002DE9F04784
:10567000454D2B68894659078046174603D0434954
:1056800028460AF0CAFB424B9B6ADA0639D52B68DA
:105690005B0703D03F493C480AF0BFFB11243C4B59
:1056A0009B6A1E0707D52B68580703D03A4936482E
:1056B0000AF0B3FB1224DFF8D8A0DAF828309907F3
:1056C00021D52B685A0703D034492F480AF0A5FB8F
:1056D000DAF83460DAF828301B0651D52B685C07FD
:1056E00005D02F4A28483346012109F086F9B9F13F
:1056F000000F04D0264A936A23F080039362132498
:1057000003E01024CBE76FF01506214B9B6AD80706
:1057100007D52B68590703D022491B480AF07DFBA7
:1057200014241B4B9B6A9A0607D52B685B0703D092
:105730001D4915480AF071FB1524154B9A6AD506C8
:1057400002D49A6A90070AD55B68190507D54146C5
:10575000304600F091FA10B180F3098802240C4B16
:105760009A6A920642BF5A6A22F400525A629A6AB0
:1057700042F0FF029A6200233B702046BDE8F087AA
:105780006FF01506BBE700BFD008002022490100DA
:1057900000ED00E0384901007F4801006B4901003D
:1057A0008349010099490100F34801002DE9F041C6
:1057B000764B8AB0D3F8048000AF0446C8F30806DD
:1057C000002585F31188BFF36F8F02F07F43B3F19B
:1057D0007F4F0AD102F00C03082B15D16C480368E7
:1057E000590702D06B490AF018FB00252C4600230C
:1057F000FB71F31E092B00F2A480DFE803F00A9589
:105800009891A2A2A2A2A29B12074CBF0C4601250E
:10581000EDE75F4E33685B0703D05F4930460AF01F
:10582000FCFA0023FB71594BDA6A900708D53368FC
:10583000590703D0594956480AF0EFFA002337E0D8
:10584000DA6A002A04DA33685A07F7D05449F2E7D3
:10585000DB6A5B00F2D53368580703D051494C48E6
:105860000AF0DBFA494BA1695A6942F480725A6125
:10587000BFF34F8FBFF36F8F31F8022C596921F4BA
:1058800080715961BFF34F8FBFF36F8F02F47F4177
:10589000B1F55F4F2ED1D2B2022A2BD1336859070E
:1058A00005D02368404A3A48012109F0A6F8236848
:1058B000FA79DAB907F1080604F1200C206861686A
:1058C000324603C2083464451646F7D17A6A002D81
:1058D00058D0C2F3080121B96FEA52226FEA42227E
:1058E0007A6207F108011846FFF746FD2837BD46E2
:1058F000BDE8F0819A6AD2B22AB1FA1D0121204690
:10590000FFF7B4FE0EE09A6A12F47F4F04D0F91D3F
:105910000120FFF727FE05E09B6AB3F5803F8DD39A
:10592000FFF7B2FD0346C3E7FA1D0021E7E7F91DC3
:105930000020EEE7164803685A073FF47FAF1B4983
:105940007AE7134803685B073FF478AF184A194BAE
:1059500018F4F87FE8468AB008BF13466A4616492D
:10596000CDE905134FF40073ADF82030103E134B12
:10597000079642F8103F00234FF41151FDF7F0FA5B
:10598000C5465BE76FF30802AAE700BF00ED00E041
:10599000D0080020E6490100114A0100284A010010
:1059A000494A0100574A0100764A0100924A010023
:1059B000B8490100CD490100B64A010004000001C8
:1059C000044B5A6942F010025A615A6922F00802E7
:1059D0005A61704700ED00E0EFF30880EFF30981B2
:1059E00001B57246FFF7E2FE01BD00BF002080F363
:1059F0001488BFF36F8F134880F3088801F0E6FE28
:105A0000002011490860BFF34F8F00F033F82020C9
:105A100080F311880D484FF0AA014FF404620AF098
:105A200049FF0A484FF40461401880F30988EFF3F6
:105A300014800221084380F31488BFF36F8F00F0B5
:105A4000E3F800008053002094ED00E0C041002006
:105A50000749D1F890200023C2F307221846934249
:105A600000DB7047C1F89830C1F8A0000133F6E7B9
:105A700000ED00E008B572B6002383F31388FFF74A
:105A8000E7FF144B4FF0FF32C3F88020C3F88420A7
:105A9000C3F88820C3F88C20C3F89020C3F8942062
:105AA000C3F89820C3F89C20C3F88021C3F8842150
:105AB000C3F88821C3F88C21C3F89021C3F894213E
:105AC000C3F89821C3F89C2162B6BFF34F8FBFF390
:105AD0006F8F08BD00E100E0084B9B6883420BD14B
:105AE000EFF3058343B1064B5A6842F080525A6087
:105AF0005A6A22F400425A6203F0E4BD30230020C7
:105B000000ED00E013498A684FF030001044EFF3D5
:105B1000098C80E8F01F202080F31288BFF36F8F7C
:105B20000D4F4FF000664A698A603E60D2F8AC00C3
:105B30000023C2F8AC3080F3118804B5104600F0A1
:105B4000FDF8BDE8044002F1300090E8F01F8CF34E
:105B5000098870473023002004ED00E01EF0040F98
:105B60000CBFEFF30880EFF30980816911F8021C84
:105B70000229FFD001B572460AF044F901BD00BF09
:105B80000028ACBF00F16040064B4FEA4111ACBFAA
:105B900000F5614000F00F00C9B2B4BF195480F89D
:105BA0000013704714ED00E040B2002807DB044A00
:105BB0004109012300F01F00834042F82130704763
:105BC00000E100E040B200280CDB4309064900F088
:105BD0001F0020330122824041F82320BFF34F8F62
:105BE000BFF36F8F704700BF00E100E0054B420933
:105BF00000F01F0053F82220012303FA00F01040A8
:105C0000704700BF00E100E00B4A08B50B4B22F0E3
:105C10007F029A60BFF34F8FBFF36F8FD3F8882056
:105C200022F47002C3F8882002F076FE03F0B0FE82
:105C300000F05AF802F0B8FE0000000000ED00E0AD
:105C400042F8203C009B42F81C3C0A49019B42F868
:105C5000183C029B42F8143C21F001014FF0807384
:105C600042F8043C42F8081C0023203A0265C0F8C0
:105C7000AC307047B9E000000A4A0346906878B13A
:105C800013F1160FD0F89C0005D0A0F140029A4203
:105C900005D8834203D2814228BF002070470020EC
:105CA000704700BF3023002008B5094B0E4615464B
:105CB000986000F043F82C4686F309880020054BD5
:105CC00098472046002100220023034C204700BFB4
:105CD000302300204DFE0000B9E00000014B1022EF
:105CE0001A61704700ED00E0044800232021C2182B
:105CF0000133302B82F80013F9D1704700E100E046
:105D000008B5EFF30583064A103B02EBC30152F8D6
:105D1000330049688847BDE80840FFF7A1BB00BFD2
:105D2000E4060020024B034A0348012100F092B828
:105D3000000004200000002030240100D0F89C3036
:105D4000054A403B1360054B4021C2E90113104650
:105D5000012100F089B800BF0822002000000B15C7
:105D600008B503461148D0F89020C2F30722013A43
:105D700093420AD90E480268520703D00D4A012106
:105D800008F03BFE6FF0150008BDC0F898300A68B7
:105D900022F01F021A4342F01002C0F89C208A68C9
:105DA00042F00102C0F8A0201846EDE700ED00E047
:105DB000CC080020CD4A0100F0B50E4685B01F4644
:105DC00004460025B54210DA606828B3AFB1431E1F
:105DD00018420DD0124803685B0704D0114A2B46C5
:105DE000012108F00AFE6FF01502104605B0F0BD63
:105DF0001F28EFD921680B42ECD1236801930AF0E8
:105E000048F8A36801A90343D0B20393FFF7A8FFA2
:105E100010F1160FE7D0421C01350C34D2E700BF59
:105E2000CC080020F34A0100044B0522C3F894205B
:105E3000BFF34F8FBFF36F8F704700BF00ED00E0DF
:105E4000BFF35F8F024B0022C3F89420704700BF5E
:105E500000ED00E010B5034C01232278FFF7ACFF02
:105E6000207010BDFD35002008B50B4A00231278C4
:105E7000FFF7A2FF10F1160F07D0084A0021D2F851
:105E80009030C3F30723984200DB08BDC2F89800A6
:105E9000C2F8A0100130F2E7FD35002000ED00E06F
:105EA0002DE9F04356485749D0F890300C68C3F3B9
:105EB00007239C4285B000F29F80FFF7C1FF49682D
:105EC0000022944201F10C0119D14F4F4F4D3C700B
:105ED0006846FDF761FB4E4C4E4E81464FF0000880
:105EE000C1451FD13B7846490020D1F89020C2F32C
:105EF000072293427ADBFFF797FF00204DE0C0F8BE
:105F0000982051F80C3C23F01F03134343F0100377
:105F1000C0F89C3051F8043C43F00103C0F8A030B5
:105F20000132CEE7009800EB08114FEA081CCB685D
:105F30002340B3F5000F43D00BD8B3F5001F2FD08B
:105F4000B3F5800F34D0B3F5801F11D008F10108EC
:105F5000C6E7B3F1807F3CD0B3F1007FF6D150F8B3
:105F60000C3088684A6809F094FF40F4802009E00A
:105F700050F80C3088684A6809F08BFF40F0885070
:105F800040F43020039001A93878CDE90123FFF7D0
:105F9000E7FE002826DA6FF0150005B0BDE8F083B3
:105FA00050F80C3088684A6809F073FF2843E9E725
:105FB00050F80C3088684A6809F06BFF3043E1E71D
:105FC00050F80C3088684A6809F063FF40F082702E
:105FD000D8E750F80C3088684A6809F05AFF40F05A
:105FE0008870CFE73B7801333B70AFE7C1F898305A
:105FF000C1F8A000013378E74FF0FF30CDE700BFD4
:1060000000ED00E03C240100FD35002000000811F7
:106010000000F0FF00000207F0B587B007460E460B
:1060200014460021102268461D460BF01BF802237F
:106030008DF802302A46054B019321466846CDE98A
:10604000047606F05BFD07B0F0BD00BFB3FE0000B4
:1060500008B5024B1B689847002008BD1422002099
:10606000034B044A1860937843F00203937070471F
:10607000142200207C05002008B50649064821F0BE
:106080000701C1F1005202F5802207F066FF0020EF
:1060900008BD00BF075A00201822002008B500F0F4
:1060A000B5F80A4941610A490122C0E900220A60A3
:1060B00008490A60084A00231360084A0361136014
:1060C000C0E90233064A136008BD00BF533B01001C
:1060D000A8050020A40500202C2200202822002052
:1060E000242200202DE9F04781468846174600F01B
:1060F0008DF8C36804461BB943691A78002A3ED15B
:106100000023E36063684B4558F8232008DB314BDC
:106110006361204600F060F84FF0FF30BDE8F08783
:10612000511C616192F800A0BAF12D0FEFD1951CBE
:1061300065615678A6602D2E04D1927872B901332C
:106140006360E4E756B9234D6561514638460AF06D
:10615000A5FF0028DDD0C4F808A0564631463846D1
:106160000AF09CFF3A2E00D070B92B7813B96368FF
:1061700001336360204600F02FF83F20CEE75D1C1E
:1061800045611E788660E9E743783A2B0BD00023FF
:1061900023612B7813B9636801336360204600F0F4
:1061A0001BF8A068BAE72B780A4A33B96368013351
:1061B0009945636004DD58F82350C4E90452EAE7C6
:1061C00062613D783A2D2046D5D100F005F8284689
:1061D000A4E700BF533B0100074B02681A60074B5E
:1061E00042681A60064B82681A60064BC2681A60E1
:1061F000054B02691A607047A8050020A40500201D
:106200002C22002028220020242200200048704751
:106210008C0500200C4B0122C3F840254FF0804331
:106220004FF08051C3F87825D1F83001082805D106
:10623000D1F83411022908BFC3F838260122C3F867
:1062400080250020704700BF00E0014020B1034BD3
:10625000800143F001031847704700BF501A010046
:10626000F7B506460D460D4883688AB21B6831466D
:106270009847002810DA00240CE02F1B042F28BFB9
:1062800004270AF0B6F93A46019001A930190AF03C
:10629000C2FE3C44A542F0D803B0F0BD3C1701005B
:1062A000084B70B5C31A0D4607499B100446594365
:1062B0000648402209F03AFF2B4601462046BDE839
:1062C0007040184744220020B76DDBB6DC16010091
:1062D00073B50C4C0C4A4023041B00930D460B462F
:1062E0000A49A41061430646094809F04BFF0146DC
:1062F00028B130462B4602B0BDE87040184702B0C6
:1063000070BD00BF44220020F1010100B76DDBB673
:10631000DC160100002270B501210446104609F088
:1063200080FD0F4801F0E4FB0E4B984215D101F0BF
:10633000EFFB26690C49304608F074F900280BDBA6
:10634000012535642469084904F11C0008F06AF944
:10635000002801DBE564002070BD6FF00400FBE75E
:106360009D6400000000AD0B5C24010010B500220C
:1063700086B00123CDE9022304ABCDE904336C469A
:10638000074A6B46CDE9004409F02BFF28B94FF4CA
:1063900080420023684602F0B3FC06B010BD00BF87
:1063A0000F02010010B5EFF31184202383F312884C
:1063B000BFF36F8F074A136823F00201DB071160F8
:1063C00002D401200AF05AF984F31188BFF36F8FC9
:1063D00010BD00BF9422002030B4104B0C2202FBF1
:1063E000003301460020D3E90E529863EFF3118089
:1063F000202484F31288BFF36F8F1C6C04F0C00458
:1064000044F002041C6480F31188BFF36F8F1DB148
:106410002B46034830BC184730BC7047442200204C
:10642000DC16010010B4EFF31180202282F31288F1
:10643000BFF36F8F17490B6843F0020413F0010399
:106440000C601AD04FF08043D3F80C14D3F80C34FE
:1064500013F0010311D0EFF3118182F31288BFF31F
:106460006F8F0D4A136C03F0C00343F002031364F3
:1064700081F31188BFF36F8F012380F31188BFF37D
:106480006F8F1BB110BC0020FFF7A6BF10BC01200E
:1064900001F050BB942200204422002010B10128BA
:1064A00004D07047034B1B6C5B0701D1FFF794BF0F
:1064B000704700BF44220020024AC3B21C2000FBE8
:1064C00003207047442200202DE9F0413849BFF3F2
:1064D0005B8F8046012251E8003F41E80020002800
:1064E000F9D1BFF35B8F33B9324933484B60CB608E
:1064F0008A6008F0AAF808F1FF33012B56D8B8F1EA
:10650000010F07D14FF08043D3F81C3403F003038D
:10651000012B4BD00AF0AEFA054610B9274B1B7879
:106520005BB9EFF31186202383F31288BFF36F8FDB
:106530000125234F4FF0804423E04FF08043022297
:10654000C3F808230646F4E7002121200AF045FBA2
:1065500007E0B8F1010F1ED0002DF5D0304609F04C
:1065600089FCD4F8183563B9D4F804214AB1C4F8C9
:106570000431D4F804310123C4F81835C7F8803148
:10658000A360D4F81824D4F81834D203E4D503F067
:106590000303012BDDD12DB94FF080430222C3F854
:1065A000042303E086F31188BFF36F8FBDE8F08109
:1065B00040220020302200206022002022360020CD
:1065C00000E100E00146024883685B68184700BFAD
:1065D0006C17010008B507480AF041F938B10648C0
:1065E000FFF73EFD0448FCF731F8002008BD6FF0CE
:1065F0001200FBE76C17010015020100EFF3118296
:10660000202383F31288BFF36F8F0A4BD3F8001156
:1066100061B10021D3F80805C3F80011D3F80031A7
:10662000C0B282F31188BFF36F8F70476FF00A001A
:10663000F7E700BF00D00040F0B503468478C67885
:10664000EFF3118E202080F31288BFF36F8F1D7837
:1066500093F801C0641B3440A24288BFA2B2AF18B5
:10666000374028461F708EF31188BFF36F8F8F1845
:106670008F4218D165450CD1EFF31181202080F3B2
:106680001288BFF36F8F1878587081F31188BFF3A9
:106690006F8F1B79A41AA34228BF074B90B224BF67
:1066A00001221A60F0BD03EB000E01309EF805E0F8
:1066B00001F801EB3040DBE700D00040DB432DE97F
:1066C000F04713F001050F46144604D02448FFF7A5
:1066D000B3FFBDE8F087B2B3EFF31186202383F355
:1066E0001288BFF36F8F0D20FFF780FA80460D20D0
:1066F000FFF768FA86F31188BFF36F8FDFF864A0A5
:10670000194ECAF80051DAF800314FF4005901234C
:10671000CAF800302546C6F88091DAF80031A3B1F6
:10672000FFF76CFF031EA4BF05F1FF35ADB2C6F83D
:106730008091A8BF7B55002DEFD1B8F1000F02D09A
:106740000D20FFF731FA2046C3E7EFF31180202335
:1067500083F31288BFF36F8F09F08CFBDDE700BF76
:10676000C822002000D0004000E100E070B50D46D6
:1067700014460CB9204670BD4FF0FF334FF0FF3286
:106780000C4802F0BDFA224629460B48FFF754FF99
:106790000646084802F080FA3EB94FF0FF324FF04B
:1067A000FF33064802F0ACFAE6E7A41BA4B2354476
:1067B000DFE700BF98220020DD220020B022002069
:1067C00038B50122114618480AF0F2F8164D012298
:1067D000002105F118000AF0EBF840F20743A5F894
:1067E00048304FF070632B630C2385F8343000245D
:1067F0000E4B85F84540A5F84640D3F8042522F015
:106800000102C3F804250121C3F80041D3F8002197
:10681000C3F80413224619600D2009F002FB0D2075
:10682000FFF7C2F9204638BD9822002000D0004072
:1068300010B5FFF7E3FE002820DB174B93F832205A
:1068400093F8314093F83310141B31EA0404C0B2BA
:106850000DD193F8472093F8464093F84810141B45
:1068600031EA04040BD10D4B01225A600EE09C1852
:106870000132114084F8350083F8321010BD9C18A5
:106880000132114084F84A0083F847100448BDE8FB
:10689000104002F001BA00BF9822002000D0004052
:1068A000B022002038B545682B69B3B110352846B1
:1068B00001F078FC044680B90146284601F03EFC10
:1068C000084B98420BD108492246284601F016FC95
:1068D00022460521062009F0A4FA002038BD6FF0F9
:1068E0000400FBE70000AD0B7D6A00002DE9F043DA
:1068F000466840F20635D006337B87B002EA0505CC
:1069000054BFC2F34010032001F01F07B5F5837F89
:10691000144647EA43178DF8030044D00DD8062DDE
:1069200016D005D8A5B1022D3FD06FF0150037E085
:10693000B5F5807FF9D101250AE040F202229542A7
:1069400035D0B5F5407F34D0B5F5007FEDD10225C7
:10695000220330D5726801238B40C2F808353269B2
:10696000A2BB07F01F037F092DD0012F7CD1414A24
:1069700002EB8302C4F30043D2F8001783F0010353
:10698000C4F3404444EA430421F4E16144EA80044E
:1069900021F0070144EA05230B43C2F80037002029
:1069A00007B0BDE8F0830725D2E70425D0E7052529
:1069B000CEE70325CCE7630341BF012372688B4018
:1069C000C2F80C35CBE74FF0A042D1E710360DF1FD
:1069D00002023946304601F097FB14F4403F8046EE
:1069E0000CD13946304609F0C6FE234B9845D6D126
:1069F0009DF80210304601F0DFFBD0E701AB4FF00D
:106A0000000903AA39463046CDE90439CDE9019998
:106A1000CDF80C9001F03EFA174B984285D114F452
:106A2000003316D09DF803308DF80E30C4F30044C7
:106A300084F001044B4603AA394630468DF80C50C9
:106A40008DF80D4001F0DCFA0B4B98427FF46DAFEE
:106A5000CBE7CDE9043303AA0DF1030339463046F1
:106A6000039301F017FAEFE703F5E07352F82330D0
:106A7000FFDE00BF000300500000AD0B420970B5FF
:106A8000034602D0012A17D070BD0D4E32695168FD
:106A90000029F9D003F01F0301250C689D4000294F
:106AA000F2D08A682A4002D04B68304698472CB111
:106AB000236821461C46F2E7024EE7E72346F8E743
:106AC0000C170100F4160100F0B54068057B01F0D9
:106AD0001F0444EA4514056987B0002D64D0B2F55F
:106AE000001F00F1100506D12146284609F045FE99
:106AF000002007B0F0BD01AE0027B2F5800F01976E
:106B0000776039D1B3F1007F14BF052304238DF8DA
:106B100004300023CDE904630393836823FA01F171
:106B200011F001011AD1B2F1A07F17D104F01F03B7
:106B3000620903F5E0732AD0012A3BD11F4A52F8BB
:106B40002330DB070AD40DF10306324621462846DE
:106B500001F0DAFA1A4B98421CD0029603AA214699
:106B6000284601F097F9174B984220D1012221467F
:106B7000284601F02DFBBBE7B3F1C06F05D0B3F1A0
:106B8000007F14BF01230223C1E70323BFE74FF0B7
:106B9000A042D4E73146284601F014FB094B984245
:106BA000DBD06FF00B00A4E76FF08500A1E76FF07A
:106BB00015009EE751F82330FFDE00BF00030050B0
:106BC0000400AD0B0000AD0B036803F01F025B096E
:106BD000026004D0012B034818BF002070474FF01B
:106BE000A0407047000300502DE9F04FDFF86C81A2
:106BF00085B01546824600EB81010127514503D13E
:106C0000002005B0BDE8F08FDAF80030C3F3C72BE1
:106C10001BF0080BC3F3C322C3F3080440F09780B2
:106C200018F802601B0E40F2FF12944208BF4FF0AA
:106C3000FF34222B00F28E80DFE803F0122227645B
:106C40002A5F648C8C8C8C67728C8C8C8C8C8C8C7A
:106C50008C8C8C8C8C8C8C8C8C757A7D8083860053
:106C6000C5F80C45601C45D003A80394FFF7ACFFA2
:106C7000039B07FA03F3C0F808354FF0010916E04B
:106C8000C5F814454FF0000946E0C5F80845E9E7A6
:106C9000C5F808454FF00009631C2BD003A80394E6
:106CA000FFF792FF039B07FA03F3C0F80C350122AC
:106CB000DAF80030019303F40040002803A80CBF69
:106CC00093464FF001090394FFF77EFF039A019B5F
:106CD00000EB8200C3F341243302D0F8002743EADB
:106CE00084031F4C43EA0B031440234343EA490344
:106CF000C0F800370AF1040A80E7C5F80C454FF0E8
:106D00000109C9E7C5F81045BCE7C5F80845002EDC
:106D1000B8D14FF000090626621CEBD00022C7E76D
:106D2000C5F80C45F3E7C5F824454FF00109F3E732
:106D3000C5F8284596E7C5F83045F6E7C5F8344567
:106D4000F3E7C5F83845F0E7C5F83C458AE76FF04A
:106D5000150056E76FF0850053E700BF814D010035
:106D6000F0F8FCFF054BD3F81C312BB9044B187815
:106D7000003818BF012070470120704700200040F4
:106D8000FF350020074BD3F8082142B10020C3F89B
:106D90000801D3F80821D3F818350B7070474FF06D
:106DA000FF30704700200040024BD3F88004C3F846
:106DB00080047047002000400020094B30B5054694
:106DC000141A002C02DDD3F8084104B930BDC3F811
:106DD0000851D3F80841D3F818450C540130EFE7B7
:106DE000002000400D4B00221A700D4B01229A60CA
:106DF0008022C3F80423EFF31183202282F3128848
:106E0000BFF36F8F074A12781AB1074A0421C2F8FC
:106E1000001183F31188BFF36F8F7047FE35002098
:106E200000200040FF35002000E100E0014B01227E
:106E30001A707047FE350020024B0422C3F8042369
:106E4000704700BF00200040024B0422C3F8082313
:106E5000704700BF0020004008B5074BD3F804037B
:106E600010F0800004D0054B1B7813B9FFF77AFFB0
:106E700008BD0020FCE700BF00200040FE350020D8
:106E8000034BD3F80801003818BF0120704700BF3A
:106E900000200040024B4FF40072C3F804237047F7
:106EA00000200040024B4FF40072C3F808237047E3
:106EB0000020004008B50B4AD2F804331B0605D465
:106EC000D2F8040310F0040005D108BDFFF7C4FF99
:106ED0000028FAD1F4E7D2F80801003818BF0120E1
:106EE000F3E700BF00200040024B1960024B1A601C
:106EF000704700BF0C230020082300200E4A0F4BD0
:106F0000117851B1D3F81C1139B18021C3F808139D
:106F10000121D960002313707047D3F8242122B1D6
:106F20000022C3F82421D3F82431054B1B6813B188
:106F3000044A116818477047FE35002000200040C1
:106F40000C23002008230020F8B50E4609F092FD1E
:106F50001B4D90BB64240127BFF35B8F55E8003FB6
:106F6000002B03D145E80072002AF7D1BFF35B8FF5
:106F700007D021200021013C09F02FFE14F0FF046E
:106F8000EAD1104B0022C3F81C21D3F81C110E4982
:106F90000A7001229A6042F21074C3F81C65FFF770
:106FA000E1FE20B9012009F050FB013CF7D1054B6F
:106FB0000122DA6000232B60F8BD01232B60E0E79B
:106FC0000423002000200040FF350020F7B5614A6F
:106FD000436805690024C2F800451F68064601AAF7
:106FE0002146384609F0A5F900280FDB019B3A68D5
:106FF00019791868FFF7F8FD002807DB6B79366907
:10700000012B06D0032B03D06FF0850003B0F0BD39
:107010001024AB79032BF7D1EB79002BF4D129792C
:1070200011B10229F0D10E212B68B3F5164F72D0A1
:107030002BD8B3F5165F70D014D8B3F5966F6ED019
:1070400008D8B3F5967F6DD0B3F5167FDCD14FF439
:107050001C3341E0B3F5166F67D0B3F5965FD3D11B
:107060003D4B39E0B3F5E14F62D007D8B3F5615F2E
:1070700060D0B3F5964FC7D1384B2DE047F61222BA
:107080009342C1D14FF4000326E0B3F5613F54D0E1
:1070900011D8B3F5963F52D008D84DF6C02293428E
:1070A0004FD0B3F5614FAFD12D4B15E0B3F5E13FB4
:1070B000AAD12C4B10E0B3F5612F45D007D82A4A4E
:1070C000934243D0B3F5E12F9ED1284B04E0284AE8
:1070D000934299D14FF080531E4A0C43C2F8243595
:1070E000C2F86C4595E8030086E8030000240423F9
:1070F000C2F80035C2F80841D2F808311D4B012111
:10710000116002202246197008F08BFE0220FEF763
:107110004BFD20467AE7184BDEE7184BDCE74FF4CF
:107120009E23D9E74FF4A033D6E74FF41D23D3E7CE
:10713000134BD1E74FF46C13CEE7124BCCE7124B55
:10714000CAE74FF46503C7E7104BC5E74FF080630C
:10715000C2E700BF0020004000B0130000A04E00B6
:1071600000F0EB0000E0D70190D0030000705F0753
:1071700040420F00FF35002000509D0000502700C6
:1071800000F0750000B0AF0300903A0100D0BE0ED1
:10719000F8B500240A4D0B4F2646131B002B02DDC9
:1071A000FFF7E0FD08B92046F8BDC5F81C61D5F829
:1071B0001C310B5D3E700134C5F81C35EDE700BF96
:1071C00000200040FF3500202DE9F04104464768CB
:1071D0000D4609F04FFC4FF02008B0B9264B1B7844
:1071E0009BB16426606809F05BF9F0B9012009F0F1
:1071F0002CFA013EF6D10021212009F0EEFCF0E747
:1072000086F31188BFF36F8FF5E7EFF311863146F0
:1072100088F31288BFF36F8F606809F041F980B975
:1072200086F31188BFF36F8FEFE7EFF311863146D6
:1072300088F31288BFF36F8F606809F031F9002876
:10724000DED0BB691D706368BA691B680020C3F893
:1072500044250122C3F84825C3F82001D3F8204172
:10726000C3F85801D3F858019A6081F31188BFF32D
:107270006F8FBDE8F08100BF22360020F7B50646CB
:1072800000220121282008F0CCFD2820FEF78CFCEC
:10729000726811681369C1F82435137D507D927DA1
:1072A00003431343C1F86C357768D7E9004313F003
:1072B000010520D0356905F10C0009F0DDF92F4BEF
:1072C00098420BD02E4803685B0703D02D4A01215A
:1072D00007F08AFB6FF0040003B0F0BD287B04F1D7
:1072E0000C0204F5907109F0B2F9287B012505FA2A
:1072F00000F000F08FFB0823C4F80035BB69C4F828
:10730000443501220023C4F84835A2606DB9D4F891
:107310002021002AFBD0C4F82031D4F820310123E9
:10732000E3604FF48073C4F80433D4F85831002B71
:10733000FBD00021C4F800157368DC6801AA204660
:1073400008F0F7FF002805DB019B2268197918680F
:10735000FFF74AFC726813680821C3F80015117A18
:1073600051B9D269C3F834250122C3F83825C3F8CE
:107370001011D3F810111A600020ADE70000AD0B1A
:10738000E0080020CA4B010070B5012383400F4A7A
:10739000BFF35B8FDC4352E8001F01EA040542E8BB
:1073A0000056002EF7D1BFF35B8F4FF4803282403E
:1073B0000748C0F80823BFF35F8FBFF36F8F03EA5E
:1073C0000100003818BF012070BD00BF1423002049
:1073D0000010014070B40E49D1E90034D01AC3182E
:1073E00044F1000422F07F46C1E90034A6F5001301
:1073F000B3F5400F09D2074B1B681A0A1B069C19EC
:10740000054B42F10005C3E9004570BC02F080BBAA
:10741000D015002018230020D815002011B3BFF389
:107420005B8F0123104A834052E800CF4CEA030CE3
:1074300042E800C10029F7D1BFF35B8F0B4A4FF43C
:1074400080338340C2F80433094BBFF35B8F1B6862
:10745000BFF35B8FC340DB0742BF064B4FF40032E4
:10746000C3F80021704700BF142300200010014022
:107470001023002000E100E00D4B1868010A00060F
:10748000BFF35F8F0B4BD3F80435181841F100019F
:10749000B3F5801F0AD2084BD3E90023904271EB69
:1074A000030303D210F1807041F10001704700BF67
:1074B0001823002000100140D81500202DE9F04FBE
:1074C00085B016461F469DF840A00446FFF75CFFB6
:1074D0000190FFF7D1FFB04271EB07035ED23E4B44
:1074E000301A67EB0101984271F1000109D36FF086
:1074F000150520460199FFF791FF284605B0BDE824
:10750000F08F364B03EB0413D3E902239F4208BFED
:10751000964254D032494FF4803804F1500508FAAD
:1075200004F8AD00C1F848832046ADB209F055F823
:1075300026F07F4B05F1804504F5A87305F58835E5
:10754000DC464FF003090293029A2CF07F4341F886
:107550002230C1F84483D1F80435224A6FF002008A
:10756000C01A604420F07F40904228D9286868B152
:10757000D1F804350393A3EB0B0020F07F40B0F566
:10758000000F1CD9204609F028F8039BBAF1000F20
:10759000ADD109EB030C09F10109D5E7BAF1000FF0
:1075A000A5D10123104ABFF35B8FA34052E8000F1F
:1075B000184342E800010029F8D1BFF35B8F074967
:1075C0000E98230101EB0412C8500F9B5360C2E9CF
:1075D000026700258DE700BF01008000C015002074
:1075E00000100140FDFF7F00102300207FB51C4CE0
:1075F0001C4BC4F80833C4F848331B4B00254FF02C
:10760000FF304FF0FF31C4F80855C3E902014FF4D1
:107610008033C4F80433154B02264FF400320121A5
:10762000C4F804631120C3F880212A4608F0F9FB4E
:107630001120FEF7B9FA0E4A0123A36023601360FC
:107640000C4B0D4A0093CDE9015500232846FFF766
:1076500035FF3046FEF738FF284604B070BD00BF46
:107660000010014003000F00C015002000E100E001
:1076700014230020D5730000FFFF7F002DE9F7439E
:107680002E4CD4F8043399070BD5D4F8043143B108
:107690002B4A0023C4F80431D4F8043113680133B1
:1076A0001360D4F80433DA0343D5BFF35B8F254B63
:1076B00053E8002F22F0010143E800100028F7D121
:1076C000BFF35B8FD30702D4D4F840318BB30025CE
:1076D000C4F84051D4F84031FFF7CEFEEFF31182E9
:1076E000202383F31288BFF36F8F174BD3E9026710
:1076F000B042B94120D34FF0FF304FF0FF31C3E922
:107700000201D3E900981D604FF48033C4F8483378
:10771000C4F84051D4F8403182F31188BFF36F8F21
:10772000B9F1000F05D0CDF8008032463B4600206D
:10773000C84703B0BDE8F083A946EDE7001001405B
:107740001823002010230020C015002030B5431C52
:10775000124C85B005D08442A8BF0446012CB8BFA6
:107760000124FFF789FE0E4B0C4DD3E90013401A9C
:10777000B0F5000F10D22218AA4228BF2A4652188C
:107780004FF0000007490091CDE9010043F10003EB
:10779000FFF794FE05B030BD2A46F0E7FFFF7F00FB
:1077A000D0150020D573000008B5FFF765FE024B29
:1077B0001B68C01A08BD00BFD0150020024AD2F8CD
:1077C0000034002BFBD0704700E0014010B54FF0B3
:1077D0008053D3F83021082A4ED14FF08042002147
:1077E000C2F80C11C2F81011C2F8381502F5404267
:1077F000D3F80414C2F82015D3F80814C2F82415DD
:10780000D3F80C14C2F82815D3F81014C2F82C15AC
:10781000D3F81414C2F83015D3F81814C2F834157C
:10782000D3F81C14C2F84015D3F82014C2F844153C
:10783000D3F82414C2F84815D3F82814C2F84C150C
:10784000D3F82C14C2F85015D3F83014C2F85415DC
:10785000D3F83414C2F86015D3F83814C2F864159C
:10786000D3F83C14C2F86815D3F84014C2F86C156C
:10787000D3F84434C2F8703508F0D9FE18B1374B4C
:10788000374AC3F88C2608F0D2FE18B1354BFB22DC
:10789000C3F8182508F0CBFE58B14FF080424FF0E6
:1078A0008051D2F8E43ED1F8581261F30303C2F8D4
:1078B000E43E08F0BCFE20B12B4B4FF40072C3F83D
:1078C00040264FF08053D3F83031082B17D14FF0BA
:1078D0008043D3F80024D20744BF6FF00102C3F8FD
:1078E00000244FF08053D3F83431042B81BF4FF084
:1078F0001023D3F808224FF08043C3F858254FF0E7
:107900001023D3F80022002A03DBD3F80432002B23
:1079100022DA164901234FF01020C1F80435122451
:10792000FFF74CFFC0F80042FFF748FFC0F80442E1
:10793000FFF744FF0023C1F80435FFF73FFFBFF313
:107940004F8F0B490B4BCA6802F4E0621343CB60C4
:10795000BFF34F8F00BFFDE710BD00BF00500040D8
:107960004881030000F000400090024000E0014028
:1079700000ED00E00400FA0530B50468CCB1BFF3B7
:107980005B8FB4FA84F3C3F11F03DBB201229A4088
:1079900024EA020250E8005FA54204D140E8002C2E
:1079A000BCF1000FF6D1BFF35B8FE6D102480B703C
:1079B00030BD0248FCE700BF0000AD0B0200AD0B7C
:1079C00010B50368CB40DB0714D401238B40026859
:1079D000BFF35B8F43EA020150E8004F944204D1A9
:1079E00040E8001CBCF1000FF6D1BFF35B8FEED175
:1079F000014810BD0148FCE70000AD0B0400AD0BD1
:107A0000034BD3F8003523FA00F000F00100704773
:107A100000F00140014BC3F80405704700F001403D
:107A2000014BC3F80805704700F00140024B00F518
:107A3000117043F82010704700F00140034B00F52F
:107A40001170002243F82020704700BF00F0014071
:107A5000F7B50446B8B3012833D104224FF480733C
:107A600001464FF0804003440244C0F8081300254B
:107A7000012111601D608C421B688DF8071008BF42
:107A80000DF1070542F210774FF08046012C1FD010
:107A9000D6F81834C3F300432DB3D6F8182402F0F7
:107AA00003022A6043B19DF80730012B04D1012065
:107AB00008F0CBFD013FE9D1012C02D10B4B002294
:107AC0005A7103B0F0BD0C224FF482730221C8E753
:107AD000D6F80C34C3F300432DB1D6F80C2402F0D1
:107AE00001022A70DEE7002BE1D1E5E71C2300202C
:107AF000044B1A7922B9012218609A800248704713
:107B0000024870471C2300200000AD0B0C00AD0B99
:107B100008B5074B1B682BB10020FEF767F808B9C2
:107B2000FEF742F84FF080430022C3F8182508BD45
:107B30001C23002010B510B1012844D010BD4FF017
:107B40008043D3F81814D3F81824C80322D502F0C0
:107B50000303012B01D0CBB900234FF08042022058
:107B6000C2F8183508224FF4827303F180430021D4
:107B7000196002F180421C6801241460174A1268DF
:107B80002AB34FF08043C3F80403D7E70020FFF780
:107B90005FFFE1E7D3F81424D107DDD5D3F81C2427
:107BA0009207F3D40D4A12681AB10222C3F80423D3
:107BB000C4E7D3F80421002AFBD00022C3F8042133
:107BC000D3F80431BAE700224FF48073CDE71A6886
:107BD000002AFCD019601B68B0E700BF1C230020FE
:107BE000F8B54FF080431C4ED3F80443012500271D
:107BF00004B9F8BDB4FA84F0C0F11F00830003F5A6
:107C000080739BB203F1804305FA00F2196892B2C7
:107C100024EA02040029EBD01F601B684FF0804368
:107C2000012AC3F8082305D0022A08D03368C0B25D
:107C30009847DDE77379002BDAD17271F6E7D3F854
:107C40001814D3F818148907F0D1C3F81855C3F8DD
:107C500004239D60CCE700BF1C230020036803F0D1
:107C60001F025B09026004D0012B034818BF0020EB
:107C700070474FF0A040704700030050034A43098B
:107C800000F01F00D35C1844C0B27047894D01005A
:107C900070B50546FFF7F2FF0C4C08300E4634F87D
:107CA0001030DA0508D5C3F3432304EBC30228469A
:107CB00054F8333052689847A3682BB1E2683146D4
:107CC0002846BDE87040184770BD00BFD8050020A9
:107CD000024611F0010010B50DD18B07C1F3400031
:107CE00012D50A49D1F820055060C1F820050038A6
:107CF00018BF012008E04FF0A044D4F820351360ED
:107D0000C4F82035002BE8D010BD00BF00030050A0
:107D100010B5FFF7B3FF124A083032F81030D9051A
:107D20001CD5C3F3432123F4F85322F8103002F199
:107D30000E04002034F8023F13F4807F03D0C3F315
:107D4000432399420AD001303028F3D1002342F86E
:107D500031300448BDE81040FFF732BE10BD00BF0F
:107D6000D80500205006002008B5FFF787FF034B19
:107D7000083033F81000400B08BD00BFD8050020C4
:107D800008B5FFF77BFF034B083013F81000C0F372
:107D9000401008BDD8050020F0B505460020044677
:107DA000012607468C420BD1114BD3F87C2132B10E
:107DB0000022C3F87C21D3F87C3140F00040F0BDB4
:107DC000E3B29B0003F580729B0806FA03F31D42A1
:107DD0000BD002F1804202F5C042D2F800C0BCF1E3
:107DE000000F02D01760126818430134DAE700BFB1
:107DF0000060004008B5FFF741FF054B083013F85D
:107E00001000C0F3400080F0010000F0010008BD48
:107E1000D8050020F7B506460846FFF72FFF194F93
:107E200000F108050C4637F81530DB0727D530463A
:107E300008F07EFC2046FFF7A3FF40B12046FFF785
:107E400093FF316800F5A270002341F820302046EE
:107E5000FFF75EFF002301A827F815300194FFF714
:107E6000FDFE019B00EB8300074BD0F80027134079
:107E700043F00203C0F80037044803B0F0BD0448E3
:107E8000FBE700BFD8050020F0F8FCFF0000AD0BB9
:107E90000400AD0B2DE9F043164685B08046084638
:107EA000FFF7ECFE0D463168044609B3504F00F170
:107EB000080937F819309B0703D52846FFF760FFFC
:107EC00018BB00220B46CDE900228DF80E208DF85C
:107ED0000F200DF10E010DF10F02284608F0D0FB26
:107EE00037F8193023F0020343F0010327F8193063
:107EF000736843B33E4A1878596804F1080732F8AA
:107F0000173013F0020F02D0A9B13A481EE023F057
:107F10002003DB04DB0C22F8173061B10328F4D80E
:107F20007168496891F800C0D8F8001088B90CF55C
:107F3000A27C41F82C0032F8173023F01C0343EAEE
:107F4000800322F81730B3684BBB2B4805B0BDE85F
:107F5000F08301EB8C0143EA4C33D1F810E52EF0AD
:107F6000030EC1F810E5D8F8001001EB8C0E43F0B9
:107F70002003DEF8101522F8173021F44F3121F4D8
:107F80004071CEF810152902DEF8108501F47C51FD
:107F900041EA004141EA0801CEF81015CBE7D3E9E8
:107FA00000672846FFF7B4FE002ECED0104DD5E96D
:107FB0000023964203D19F4201D1002209E00F48DD
:107FC0000DF10F01FFF7D8FC0B4B9842BED19DF885
:107FD0000F2045F8326005EBC20308345F6035F8C6
:107FE000143043EA422343F4807325F81430ACE79D
:107FF000D80500200400AD0B0000AD0B500600209A
:108000002DE9F0430C4685B08046204611461E46B9
:10801000FFF734FE054629B32046FFF7EBFE18B103
:108020002046FFF7ADFE18BB314F05F1080937F8C0
:10803000193003F01C0313B14B78012B18D0012326
:108040008DF80F300023CDE900134A1C8B1C20460D
:108050000DF10F0108F014FB37F8193043F003035A
:1080600027F81930002E40D02046FFF7C3FE18B184
:10807000204805B0BDE8F08396F800C0D8F800307D
:108080001B4F0CF5A27243F8220005F1080237F8E5
:10809000121021F02001C904C90C27F812107578BC
:1080A0001DB3D8F80000B67800EB8C002D04D0F892
:1080B000103523F4991323F4F853C0F81035230234
:1080C00003F47C5305F440353605D0F810E52B4316
:1080D00006F4801641EA4C31334341F0200143EA73
:1080E0000E0327F81210C0F810350348C1E700BF8F
:1080F000D80500200400AD0B0000AD0B014BC3E917
:1081000002127047D805002010B508461446FFF744
:1081100037FE50B10846FFF7B1FD054B083033F884
:10812000103004485B0B237010BD0348FCE700BF10
:10813000D80500200000AD0B0400AD0B70B5164D46
:1081400095F8804006462CBB2146602205F11000C0
:1081500008F088FF30682E6F21468E420ED1002332
:10816000C0F87C31D0F87C3140F30730FDF71CFDBE
:1081700001230A4885F88030AB6770BDCBB29B0005
:1081800003F580727C2B08BF845001F1010108BF08
:108190008358E2E70248F0E7D80500200000AD0B65
:1081A0000C00AD0B034B93F88000003818BF012082
:1081B000704700BFD80500200148FFF701BC00BF91
:1081C0004C0600200148FFF7D7BB00BF4C0600203B
:1081D00073B503680C461146D3F80423002AA8BFE0
:1081E0004FF000420546A8BFC3F804232046FFF71E
:1081F000C7FDE8B12046FFF7FDFDC8B12046FFF7F7
:10820000B3FD82002C6802F580730026E650E35827
:108210002B681344D3F8102542F00102C3F810254F
:1082200021B12A6801238340C2F8043302B070BD33
:108230002046FFF723FD0F4B083033F81030C3F30F
:108240008203042B12D0052B12D001A80194FFF752
:1082500005FD019AD0F81035D34003F00103991CB5
:10826000204602B0BDE8704008F053BA0321F7E79A
:108270000221F5E7D80500202DE9F04F654B664F48
:10828000D3F80403396FC0B289B040F00040FFF763
:1082900083FD051E30DAB946002359F87C1F06A875
:1082A000CDE90633FFF714FD5C4B02930DF118087E
:1082B0004FF0000A029A12F8013B0292DA0803F02A
:1082C000070319F8022022FA03F3DA071AD40AF195
:1082D0000103022B08F104084FF0010AEAD1396FBB
:1082E0004FF00040FFF758FDF96F06A8FFF7F0FCCC
:1082F0000028D9D125F000450124002D72D109B004
:10830000BDE8F08F464B53440393D8F80060002E2D
:10831000DDD0039B96FAA6F61C78B6FA86F646EAF6
:1083200044142046FFF7AAFCF2080830012337F86E
:10833000101018F80200059406F0070603FA06F676
:1083400020EA060008F80200C1F3820B05A8CDF868
:1083500004B0FFF783FC059A02F5E072CB0650F8F3
:108360002260C6F3014624D520460199FFF790FC10
:1083700005A80594FFF772FC059B03F5E073F6B2C0
:1083800050F82330C3F301439E4207D10021204619
:1083900008F0BFF93146204608F0BBF905A805945E
:1083A000FFF75CFC059B012202FA03F3C0F82035BD
:1083B000ABE7022E14BF02210321204608F0A9F9E1
:1083C000BBF1030F04D0022E07D1BBF1010FE5D1A1
:1083D00001992046FFF75CFCE0E7032EDED1BBF1FC
:1083E000020FF4E795FAA5F3B3FA83F304FA03F264
:1083F0009B0003F1804303F5C04325EA0205D3F84F
:108400001005D3F81015C0F30520C1F30141FFF7A3
:108410003FFC72E700600040D8050020994D010044
:10842000994D010001460148FFF7A6BA5C060020FD
:10843000F8B51B4A0C68B2FBF4F304FB132565BBCB
:1084400094422AD85A1E12EA030526D1B3F5007FBA
:1084500023D802680F79D2F804454E7967F30104F6
:10846000C2F80445D2F8081593FAA3F3B3FA83F3DC
:1084700066F30101C2F80815C2F810350068402300
:1084800000F58072D550D1580433582BFAD140F3FF
:108490000730FDF789FB0348F8BD0348FCE700BF40
:1084A0000024F4000000AD0B0400AD0BF8B5067914
:1084B0000D4C0C257543671997F808C0BCF1000FE7
:1084C00010D1625161B18B687B60FFF7B1FF0C2363
:1084D00003FB0644054BC21A534253412372F8BDB5
:1084E0000248F4E70248FAE7242300200000AD0B1D
:1084F0000C00AD0B036801221A600279034B0C21BA
:1085000001FB023302221A72704700BF24230020AD
:10851000036801221A610179024B0C2000FB013330
:108520001A727047242300202DE9F04100254023D2
:108530002946012003F1804202F5014214682CB162
:10854000116012689A0800FA02F215430433582B9E
:10855000F0D10E4B0E4FD3F80463402406F47C1682
:108560004FF00108A30808FA03F31E4208D02B427B
:1085700006D03B6823B104F58070796880B29847D3
:108580000434502CEED1BDE8F08100BF00800040E3
:108590002423002008B5124BA8220021184608F019
:1085A00061FD032202610F4942610F4A8161C2618C
:1085B0004FF480620262002282624262C2620166FD
:1085C0000A49416610218166094902670346C2666D
:1085D000426711F8010D98540132102AF9D108BDF3
:1085E000100400200D4C01001000002000000020AD
:1085F000AB4D01002DE9F74FDFF88880182606FB08
:10860000008700FB066646447D6AD7F828C0736879
:10861000AC4581468B46144603EB050025D83B6AE2
:10862000A3EB050A0AF1FF3E724507D82C4408F077
:10863000F2FC7C62012003B0BDE8F08FE644724595
:108640001ED85246019308F0E6FC019B2C44E41A24
:1086500005D0706822460BEB0A0108F0DCFC1823F9
:1086600003FB0988C8F82440E4E70CF1FF3CACEBBD
:10867000050C944504D3254408F0CDFC7D62D9E770
:108680000020D8E710040020034B182202FB00331F
:108690009A6A586A801A70471004002010B4084A79
:1086A00008490023C85C12F8014D844204D101330B
:1086B000102BF7D110BC704710BCFFF76BBF00BF89
:1086C000AB4D010010040020034B03600348C01AA7
:1086D0001823B0FBF3F07047DC160100841701008B
:1086E000014B9868983070473023002010B504463D
:1086F000FAF780FA054803685B0703D0044A0121B2
:1087000006F072F9204608F0B5F800BFD008002046
:10871000164C01002DE9F047044600AF0D46EFF37B
:108720001189202383F31288BFF36F8FDFF8D08085
:10873000344AD8F80030966859075DD0042898BFAD
:10874000314B117C94BF53F82030304BEA468AB04D
:108750006A462F48CDE9073140F20133ADF82430A5
:108760002C4BCDE9050442F8103F254800234FF477
:108770003151FAF7F5FBD54665B1EB69C3F3080350
:1087800043B1D8F800305A071FD0234A1C480121B2
:1087900006F02AF9D8F800305B0716D01EBB1F4838
:1087A000E8468AB06A461E4B0790CDE9053640F28E
:1087B0000133ADF820301B4B42F8103F1048002326
:1087C0004FF41151FAF7CCFBC54629462046FFF776
:1087D0008DFF89F31188BFF36F8F3046FDF77CF969
:1087E000BD46BDE8F087304608F04AF90028D6D0EB
:1087F0000378002BD3D0D3E7002DBED1E5E700BF2F
:10880000D00800203023002068250100254C0100FD
:108810003B4C010005000001634C0100334C01009A
:10882000844C01000400000138B5094B53F8204086
:10883000013053F82050A54200D838BD636823B1F9
:10884000204608F01FF80834F5E723689847FAE750
:108850007C25010070B52B4B2B4C2C4D86B0012292
:1088600003201A70FFF7E0FFFCF77EFC08F026F803
:108870000420FFF7D9FF2646AE4204F130040FD39F
:1088800000F022FE204CAC4226D300F031FEF8F777
:10889000BFF91F4A137B23F00103137306B070BDA9
:1088A00054F80C3C059354F8103C049354F8143CD1
:1088B000039354F8183C029354F81C3C019354F869
:1088C000203C009354E90A2354E90C0100F0F4FB26
:1088D00054F8303C5E65CEE7D4E90A23B3F1FF3F9C
:1088E00008BFB2F1FF3F05D052EA0301206803D16F
:1088F00000F0BCFE3034C6E70649183001F092F8AB
:10890000F8E700BF22360020841701008417010019
:1089100098160020970B010008B50348034A002170
:10892000121A07F0C7FF08BD78090020243600207E
:1089300070B5174E174D184986B0B82303FB006673
:10894000164B059301220F23CDE903320023CDE915
:108950000133142303FB005504464FF4C07000FBA1
:1089600004110F4B00954FF4A072304600F0A4FBA9
:10897000737B0C4AEE6023F0040373734FF40463BB
:1089800004FB033313442C746B6006B070BD00BF4E
:10899000E015002030230020004A0020E64C0100B2
:1089A0007D090100C04100207FB50020FFF73CFF9A
:1089B0002D4B83F308882D4D2D4E6B6943F40073C6
:1089C0006B610024E02385F82230EC772C766C76FE
:1089D000AC7685F820406B6A43F4E0236B6285F83F
:1089E0002340FCF7EDFFFDF779F94FF0FF33AB6261
:1089F000EB62FDF755FAFDF795F9FAF749F81D4BCB
:108A0000B36040F201129A81C3E92744C3F8A84039
:108A100007F024FF0120FFF707FF0220164DFFF7A4
:108A200003FF00F099FD154B75610593012314496F
:108A300000944FF40062CDE90343CDE90144114BAA
:108A4000284600F039FB6B7B064623F004032846DA
:108A50006B7308F063F82046FFF76AFF094A314656
:108A60002846FDF721F900BF004A002000ED00E094
:108A7000302300205017002098160020EB4C0100F6
:108A8000804B00205588000038B5074C074DAC429C
:108A900001D3002038BD204607F011FF08B91C346F
:108AA000F5E76FF01500F5E7E4080020E408002082
:108AB00073B50C46EFF31181202585F31288BFF3BF
:108AC0006F8FC5685DB125602B68C3608369013312
:108AD0008361002081F31188BFF36F8F11E052EAA8
:108AE000030603D125606FF00B00F3E7CDE9002307
:108AF0000246083000F04CFC18B9034B9B685B69D8
:108B0000236002B070BD00BF302300202DE9F34187
:108B1000044617461E46EFF31188202383F312887C
:108B2000BFF36F8F324BC2689B6872B18068984206
:108B300017D057EA060216D188F31188BFF36F8F5A
:108B40006FF00F0002B0BDE8F08193F90E102161C3
:108B50000132C4E9023288F31188BFF36F8F00201D
:108B6000F0E72169F3E793F90E1090F90E20914296
:108B7000A8BF11466FF07E039942B8BF19468A42DA
:108B80002DDD07F006FF0546CDE90076194822469F
:108B9000414600F0FDFB0028E1D0EFF311862023D1
:108BA00083F31288BFF36F8FA068D0B12368216967
:108BB0009C420AD04BB193F90E309942A8BF194696
:108BC0006FF07E039942B8BF194607F0E2FE40B14C
:108BD0000848314600F052FC6FF00A00B2E7002569
:108BE000D2E7002DF4D186F31188BFF36F8FF3E73E
:108BF0003023002023360020F8B583680546002B7B
:108C000040D0234A926893423FD1C368012B03D9D5
:108C1000013BC3600020F8BDEFF31187202383F3ED
:108C20001288BFF36F8F0169806807F0B2FE2C686D
:108C3000A54207D10023C5E9023387F31188BFF3AA
:108C40006F8FE7E7002CF5D0D4E9003213605A604B
:108C5000637B002623F002036373C4E90066A66009
:108C600004F1180008F00EF8AC6094F90E302B6196
:108C70002046C4F8B06007F051FF0648394600F0BE
:108C8000FDFBC7E76FF01500C5E74FF0FF30C2E707
:108C9000302300202336002070B5EFF31186202307
:108CA00083F31288BFF36F8F0468A0421BD0D4B146
:108CB000D4E9003213605A60637B002523F002037D
:108CC000C4E900556373A56004F1180007F0DAFFEA
:108CD000C4F8B050204607F021FF31460748BDE8F0
:108CE000704000F0CBBBD0E902329A4218BF01338A
:108CF00083600221103008F025F9EEE723360020CA
:108D000013B5EFF31181202484F31288BFF36F8F22
:108D1000846844B1013C846081F31188BFF36F8F94
:108D2000002002B010BD52EA030406D181F311887D
:108D3000BFF36F8F6FF00F00F3E7CDE9002302461A
:108D4000014800F025FBECE7233600202DE9FF4128
:108D50004F4E04462027EFF3118887F31288BFF3A4
:108D60006F8FD4F8B850F5B9022104F1D00007F0A4
:108D70002FFE002868D004F1C805002201212846F2
:108D800007F044FF0028F8D1002302934FF0FF3290
:108D90004FF0FF33CDE90023414604F1C0023D48C6
:108DA00000F01CFDD7E7D4F8BC202B68C4F8B8301D
:108DB000954208BFC4F8BC30D4F8D03043F0020369
:108DC000C4F8D030EB6823F0040343F00103EB60F8
:108DD0006B6888F31188BFF36F8F28469847EFF3CD
:108DE000118887F31288BFF36F8FEB68D80623F0E2
:108DF000010236D4EA60EB689A0716D5306823F092
:108E00000203EB6088B10368002170B142689542AB
:108E100035D1036869BB72683360904200D17360DA
:108E2000002340F8083BFFF737FFD4F8D03023F099
:108E30000203C4F8D03088F31188BFF36F8FDB05CD
:108E400089D400F091FB86E7D4F8D030D9069BD5C1
:108E5000C4F8D00088F31188BFF36F8F04B0BDE869
:108E6000F08123F01103EB6005F11000FFF714FF10
:108E7000C1E70B607368984208BF7160D0E7014694
:108E80001BB11A6818461346BFE71A46FAE700BF37
:108E90005423002023360020F8B5C3689A070446FF
:108EA0000E46C3F3400540D45F0740D40B680BB9AE
:108EB00083680B60E368D80744BFA36833603768F2
:108EC0004CBF0225012547B31A4B9B68BB421ED1FC
:108ED00007F0D0FD80F00100C0B2D7F8D030D9073C
:108EE000C3F380021CD5F2B1F8B100232360D7F898
:108EF000BC3073B9C7E92E44384607F083FDE368F8
:108F000043F00403E3603368A3602846F8BD002003
:108F1000E3E71C60C7F8BC40EEE76FF0150506E01C
:108F20006FF0120503E01B07DFD56FF00F0500237C
:108F30003360EAE730230020F0B589B00446002012
:108F4000C4E92E000E9D04F1C000C4E9300004F114
:108F5000C800C4E932004DB32879002840F201105E
:108F600008BF0120C4F8D00000204FF0FF364FF0BA
:108F7000FF37CDE90330CDE90100CDE906670C4BA1
:108F80000094204600F00CF955B1296811B1204633
:108F900000F044F86B791BB1237B43F0010323738A
:108FA000204609B0BDE8F04000F060BB0120D9E7E1
:108FB0004D8D0000F7B50C46019016461D46EFF3A7
:108FC0001187202383F31288BFF36F8F084607F0C1
:108FD0000AFD55EA060309D101A92046FFF75CFF07
:108FE00087F31188BFF36F8F03B0F0BDE3680749C3
:108FF00043F00803E360019BA36204F110003246D2
:109000002B4600F00FFD0120EAE700BF130A010024
:1090100001460148FFF7CEBF2818002010B50446CE
:1090200008B9054B9C681F2204F1780008F055F838
:10903000002084F8970010BD302300202DE9F04770
:109040000C4681B37AB390F80D90184F561E002548
:109050006019B9F1000F04D104F805902046BDE86D
:10906000F087B7F804A019EA0A0F1AD0FB8839680C
:10907000A6EB0508984528BF9846424607F0CBFF67
:1090800039EA0A0945440CD0A6EB0508B8F1010FEE
:1090900028BF4FF0010860190549424607F0BBFFA1
:1090A00045440837D4E7034CD8E700BF94250100B6
:1090B000F34C0100533B01002DE9F04FD51D85B065
:1090C00025F0070504461F467F3500F15803C0E927
:1090D000163325F03F05129B23730020119BA373C9
:1090E0000E463F2D4FF00401DDE90EBAC4E906003B
:1090F000DDF84C80A0606173E07306F14003A5F1D8
:10910000400905D880F31188BFF36F8F084602DF4E
:109110004A46AA21184607F0A5FF109BC4E9270973
:1091200035444FF00009C4F8A4902A46CDE901A3C4
:10913000CDF800B03B4631462046FCF781FD109B40
:10914000C4F85490C4E9197BC4F86CA02367EFF30A
:109150001183202282F31288BFF36F8F0F4E326A81
:109160006267346283F31188BFF36F8FB8F1000F29
:1091700011D01F22414604F1780007F0AEFF84F8B9
:109180009790B3680BB1D3F8A830C4F8A83028463C
:1091900005B0BDE8F08F84F87880F2E73023002036
:1091A000F0B587B000250595109D04950F9D03959A
:1091B0000E9D0295DDE912760D9D01950C9D0095A1
:1091C0000446FFF779FFB6F1FF3F08BFB7F1FF3F55
:1091D00005D056EA070305D1204600F047FA20469D
:1091E00007B0F0BD03493A46334604F1180000F0D9
:1091F00019FCF4E7970B01000A4A93686FF00A0123
:10920000C3F8B0100849C3F8AC004B6843F0805372
:109210004B60002383F31188BFF36F8F9368D3F8FB
:10922000B00070473023002000ED00E070B590F9E9
:109230000D20437B002A31DBD9062FD182696ABB1E
:109240001A4C63F07F032246437352F8183FE169DA
:10925000934207D1C0E900210860E0610FE08B4232
:10926000F8D01B68002BF5D093F90E6090F90E50E2
:10927000AE42F4DD5968C0E9003108605860A56964
:10928000954200D005B9E568A3685A7BD20606D19D
:10929000DA897F2A03D9AA690AB9636170BDAB4232
:1092A00002D0284600F0DAFA6561F7E730230020A3
:1092B00038B590F90D20437B002A014604DA03F00B
:1092C0007F03437307F0F2FB0D4D2A46AB6852F85B
:1092D000184F944200D004B9EC688B4207D05A7BF7
:1092E000D20604D1DA897F2A01D9A2692AB1A34220
:1092F00002D0204600F0B2FA23466B6138BD00BFB1
:109300003023002070B590F90D20437B002A0146E0
:1093100004DA03F07F03437307F0C8FB4B7B1B4C5D
:1093200063F07F0322464B7352F8183FE069934283
:1093300007D1C1E900200160E1610FE09842F8D057
:109340001B68002BF5D093F90E6091F90E50AE42D8
:10935000F4DD5868C1E9003001605960A569A3686F
:10936000954200D005B9E5688B4207D05A7BD206FA
:1093700004D1DA897F2A01D9AA692AB1AB4202D085
:10938000284600F06BFA2B46636170BD3023002045
:10939000F8B5124B0C461146114A98681060DDE989
:1093A0000676EFF31182202282F31288BFF36F8FCB
:1093B0009D68284607F08CFBB6F1FF3F08BFB7F168
:1093C000FF3F06D007493A46334605F1180000F042
:1093D00029FB2046BDE8F840FFF70EBF30230020F0
:1093E0005C230020970B0100F8B50446EFF31186CB
:1093F000202383F31288BFF36F8F437BDA0649B2D1
:1094000017D18269AAB903F07F03437307F04EFBBB
:10941000194D437B817363F07F032A46437352F8EF
:10942000183FE86993420ED1C4E900200460EC6162
:1094300014E0A173002086F31188BFF36F8FF8BD8D
:109440009842F1D01B68002BEED093F90E708F423A
:10945000F6DD5968C4E900310C605C60AC69944287
:1094600000D004B9EC68AB689C4202D0204600F002
:10947000F5F96C610120DEE73023002049B9EFF3F4
:10948000058030B9054B5A699B689A4201D0FFF7B5
:10949000B3BE81F31188BFF36F8F70473023002074
:1094A000034648B9EFF3058232B9064A516992681A
:1094B000914201D0FFF7A0BE83F31188BFF36F8FF5
:1094C000704700BF30230020EFF31181202383F386
:1094D0001288BFF36F8F054B9A68D37B013BD37320
:1094E00081F31188BFF36F8F704700BF30230020D6
:1094F00070B5EFF31186202383F31288BFF36F8FCB
:10950000144DAB68DA7B0132DA732A4652F8184FF1
:10951000944200D004B9EC685A7BD20604D1DA89AF
:109520007F2A01D9A2692AB1A34202D0204600F0C5
:1095300095F923466B6186F31188BFF36F8FEFF3C4
:109540001180202383F31288BFF36F8FBDE8704032
:10955000FFF7A6BF30230020024B03F11802C3E936
:10956000062270473023002070B5EFF311862023C8
:1095700083F31288BFF36F8F1A4CA168E0690B6800
:10958000814214BF1A46002249680B605960A368E3
:10959000E1692AB9144AC3E900210B60E3610AE0DA
:1095A00092F90E5093F90E00854216DD5168C3E919
:1095B00000210B605360A5690B4B9D4200D005B99B
:1095C000E568A3689D4202D0284600F047F965612E
:1095D0003046BDE87040FFF70FBE8A42DAD012680D
:1095E000D7E700BF302300204823002050EA0103C2
:1095F0002DE9F04105460E4604D1FFF7B5FF0020E6
:10960000BDE8F081831C71F1FF3324DB07F05BFBC5
:109610002C18EFF31188202383F31288BFF36F8F88
:109620000F4F104BB8681860FFF742FEB8680E493C
:109630002A463346183000F0F5F9BA68537B43F0F8
:10964000040353734046FFF7D7FD07F03CFB201A95
:1096500020EAE070D4E76FF00104241AD9E700BFD4
:10966000302300205C230020970B010038B504460E
:10967000183007F007FBEFF31185202383F31288DE
:10968000BFF36F8F637B5A0704D485F31188BFF350
:109690006F8F38BD23F0040363732046FFF7C6FDC8
:1096A000EFF30583002BF0D129460248BDE838408E
:1096B000FFF7E4BE23360020014B9868704700BFD7
:1096C000302300202DE9F8430446EFF311872023CF
:1096D00083F31288BFF36F8F067B16F001060DD05F
:1096E00087F31188BFF36F8F002383F31188BFF3D3
:1096F0006F8F0423184602DFBDE8F883437B1A0707
:1097000004D587F31188BFF36F8FF5E7D90943F0CC
:10971000080254D14273A36813B1204607F0CEF972
:1097200004F1180007F0AEFAA56D04F15808A84539
:1097300011D04FF0000975B1284607F0BFF905F1C7
:10974000180007F09FFAC5F8B0902846FFF76EFDA5
:10975000A56DA845EFD11E4DAB689C4204D1EFF337
:109760000586003E18BF0126D5F81880194A904595
:1097700002D0B8F1000F01D1D5F80C80434502D0DA
:10978000404600F06BF82046C5F8148000F0BEF8A3
:109790004EB1114BAB6040F201129A810022C3E935
:1097A0002722C3F8A820AB689C42AAD1EFF3058317
:1097B000002BA6D13846BDE8F843FFF71DBD03F0E6
:1097C0007F0343F00803437307F070F9A3E700BF7A
:1097D000302300204823002050170020D3B5DDE9B6
:1097E0000667089CCDE90067FFF7D2FD1CB1034B6B
:1097F0009B685B69236002B0D0BD00BF30230020AE
:10980000044BC01A044BC0105843044B01221A5495
:10981000704700BF08180020ABAAAAAA2336002070
:10982000C3897F2B12D80A4B1B6863B1094B90F98F
:109830000E201B689A4209DB437BDB0606D1064BF0
:10984000C31A18BF012303F0010070470023FAE791
:109850006423002060230020E015002070B50E4B2B
:109860000E4C1E7C182303FB06440546204607F0D9
:1098700009FA0B4B002228469A55FFF7D1FF48B151
:10988000084B09491A68013A2046D317BDE87040D1
:1098900000F0C8B870BD00BF3023002008180020B9
:1098A00023360020642300200198000038B5EFF330
:1098B0001185202383F31288BFF36F8F104B114A59
:1098C0009C681068A04206D1FFF7C8FF85F3118895
:1098D000BFF36F8F38BD00211B7C11600A4AD35C37
:1098E000002BF3D02046FFF79BFF0028EED0637BD0
:1098F000DB0602D12046FFF705FD2046E4E700BF66
:10990000302300205C23002023360020EFF3118158
:10991000202383F31288BFF36F8F0A4A136A8342AE
:1099200007D15B6F136281F31188BFF36F8F7047AC
:109930001346002BF7D05A6F8242F9D1426F5A6713
:10994000F1E700BF30230020F8B506460F46EFF3DD
:109950001183202282F31288BFF36F8F0B490C6AA8
:10996000154624B983F31188BFF36F8FF8BD83F3D5
:109970001188BFF36F8F39462046B047EFF311834C
:1099800085F31288BFF36F8F646FEAE730230020FE
:109990000748084A084908B5121A06F08DFF07481B
:1099A000074A0849BDE80840121A06F085BF00BF03
:1099B000C004002074090020B44D0100B804002048
:1099C000C0040020AC4D0100024B1868984208BF4B
:1099D0000020704760060020034B1B680BB9FDF7A1
:1099E000E3BE0020704700BF6823002030B570B18F
:1099F0000B4B5B6898420AD0036843B1D3E904215A
:109A0000D0E90445121941EB0501C3E90421D0E96D
:109A1000003213605A600023C0E9003330BD00BF3C
:109A200060060020B3F1FF3F08BFB2F1FF3FF8B579
:109A300004461D4616465AD08160EFF31187202355
:109A400083F31288BFF36F8F013275F1FF3321DA90
:109A50002C49D1E900206FF001039B1A4FF0FF322F
:109A600062EB00009E1B60EB0500012E70F100030D
:109A700001DA01260020C4E90460FFF7A5FF224EA9
:109A800084467068BCF1000F0DD1C4E90060046029
:109A900074601CE0FFF7A0FF013645F100053618A1
:109AA00045EBE070E7E7DCE90425D4E904319342B3
:109AB00071EB050E1CDAD21ADCF8043065EB0105F7
:109AC000CCE90425C4E900C31C60CCF80440FFF7CE
:109AD0007BFF844207D10D4B1C6824B907F0B9F80D
:109AE0002146FDF733FE87F31188BFF36F8FF8BD72
:109AF0009B1A61EB05018445C4E90431C5D0DCF84B
:109B000000C0BFE720180020600600206823002066
:109B10002DE9F0470246EFF31185202383F31288E5
:109B2000BFF36F8FDFF89890DFF89880C9F80000D6
:109B3000FFF74AFF00260027D8E900134FEAE27E2C
:109B400050B1D0E9044CA2427EEB0C0A19DAA41AF7
:109B50006CEB0E06C0E90446521843EB0E030024DA
:109B6000C8E90023C9F8004007F073F82146FDF763
:109B7000EDFD85F31188BFF36F8FBDE8F047FFF768
:109B800095BE611843EBE473C0E90467C8E90013AC
:109B9000FFF72CFF85F31188BFF36F8F8368984719
:109BA000EFF31185202383F31288BFF36F8FD9F869
:109BB0000020121BC9F80020FFF706FFBCE700BF1A
:109BC000682300202018002010B5EFF31184202313
:109BD00083F31288BFF36F8FFFF7FEFE054A03463B
:109BE000D2E90001181841EBE37184F31188BFF347
:109BF0006F8F10BD20180020F8B50446EFF31187D1
:109C0000202383F31288BFF36F8F026822B187F39A
:109C10001188BFF36F8FF8BDD0E90A36581C46F1A2
:109C20000001022871F1000127D3012B76F1000118
:109C3000BCBF012316465D1E46F1FF3607F047F80C
:109C4000013041F10001401946EB0101012871F199
:109C500000013ADB07F03BF8013041F100016FF001
:109C60000102401946EB0103121A4FF0FF3161EB7C
:109C7000030318492046FFF7D5FE236B0133236306
:109C8000236A6BB187F31188BFF36F8F236A204675
:109C90009847EFF31187202383F31288BFF36F8F68
:109CA00054F8185FA542B2D0002DB0D0284606F077
:109CB00044FF0023C5F8B03087F31188BFF36F8FDE
:109CC0002846BDE8F84006F029BF6FF001024FF0CA
:109CD000FF33CEE7F99B00002DE9F04105461C4615
:109CE00090461F46EFF31186202383F31288BFF3BB
:109CF0006F8FB4F1FF3F08BFB2F1FF3F05D186F38C
:109D00001188BFF36F8FBDE8F081531C74F1FF33EE
:109D100009DB012A74F10003BCBF0122002412F107
:109D2000FF3844F1FF37284606F0ACFFDDE90601B5
:109D30000023C5E90A012B63034942463B462846F6
:109D4000FFF770FEDBE700BFF99B00002DE9F74F3E
:109D50001D46274B9F68012387F8603087F86130E4
:109D600052EA050316460CBF0123002307F16002E7
:109D7000804607F02BF88146EFF3118B4FF0200A55
:109D80008AF31288BFF36F8F97F860404CB9014691
:109D90005A46404606F0C5FF8BF31188BFF36F8F1C
:109DA0000BE0002387F8603056EA050309D18BF3F6
:109DB0001188BFF36F8F6FF00A04204603B0BDE82F
:109DC000F08FCDE900650B4A0B485946FFF7E0FAE2
:109DD0000446EFF311858AF31288BFF36F8F2A468A
:109DE0004946404606F09DFF85F31188D6E700BF3F
:109DF00030230020680600202436002010B50346DA
:109E0000EFF31184202282F31288BFF36F8FC160B9
:109E1000012181600068834205D184F31188BFF37A
:109E20006F8F002010BDD0E9003213605A6000230C
:109E3000C0E9003307F031F802482146FFF71EFB66
:109E4000EFE700BF2436002038B5064C064DAC4283
:109E500001D3002038BDD4E90112204607F099F85B
:109E60001434F4E7E4080020E40800201FB5094A90
:109E700092E8030002AB83E803004FF48062009392
:109E8000054906484FF0FF33FFF756F8002005B0AC
:109E90005DF804FB401A0100C05300202818002080
:109EA000F8B50D4E0D4C0E4D33680E489847677847
:109EB0002B680C48984733680B489847022F08D105
:109EC0002478E31F5C425C412B6807489847204692
:109ED000F8BD0024F8E700BF780600206C230020BE
:109EE000740600204C0500205405002070B51C4E5F
:109EF0001C4C33681C4898472378590744BF03F02B
:109F0000FB0323709A0705D500F0C0F8237823F0EF
:109F100002032370154D14482B6898473368144882
:109F20009847637813B1134807F068F800230421B9
:109F30001048637000F0CAF82B680D4898473368E2
:109F4000094898472378DB0705D507F054F82378AC
:109F500023F0010323702B680348BDE870401847C5
:109F6000780600206C230020540500207406002091
:109F70004C050020702300202DE9F041FFF790FFF1
:109F800018B100242046BDE8F081364F36483B68C2
:109F90009847044620B16FF08F04FFF7A7FFF1E761
:109FA000324D2B78D80706D407F023F82B7843F0EE
:109FB000010304462B702E4E2B483368984710B18E
:109FC000002CE8D0E9E7002CE7D13B682648984709
:109FD00004460028DFD12B78990706D400F04EF80C
:109FE0002B7843F0020304462B7033681E489847D1
:109FF0000028E5D1002CD0D13B681B4898470028A9
:10A00000C9D13368184895F8008098470028C2D114
:10A010003B681848984704460028BCD16B7843B980
:10A0200018F0010F05D0144806F0E6FF022304469D
:10A030006B7033680F4898470028C1D1002CACD111
:10A040003B68094898470028A5D12B7806485A074D
:10A050005CBF43F004032B7033689847002890D00E
:10A0600099E700BF78060020540500206C230020EB
:10A07000740600204C05002070230020024B0122B2
:10A0800083F8802500207047742300202DE9F041DB
:10A090000A4C002526464FF001080327C4F820800B
:10A0A00027772046013506F087FF202D04F12C0488
:10A0B000F4D1002386F88035BDE8F08174230020B8
:10A0C000014B1B68184700BF7006002010B50A46F8
:10A0D000044619B1024B00211B68984710BD00BF10
:10A0E000D4250100014B1B68184700BF9C060020C7
:10A0F000014B9B68184700BF9C060020014BDB68A2
:10A10000184700BF9C06002010B50C4C236813B103
:10A110000B4B1B682BB900F029FE30B9084B01220C
:10A120001A6001232360002010BD0138062801D9E0
:10A13000044810BD044B53F8200010BDFC2800203B
:10A14000F8280020FE8FFFFFD8250100BFF34F8FB6
:10A150000549064BCA6802F4E0621343CB60BFF3C3
:10A160004F8F00BFFDE700BF00ED00E00400FA05DF
:10A1700010B4094B09490A4C4FF0FE32C3F80024D1
:10A180004968C3F80424C3F80824C3F80C24002346
:10A19000C4F8003510BC084700B00250800600200B
:10A1A00000A00250D0E90012014BC3E90012704731
:10A1B000800600202DE9F043134B144E002814BFF5
:10A1C00004461C4683B02368B34219D00D4620468E
:10A1D0004FF4E07104F10409174604F58E7800F09D
:10A1E000E9F8484600F0ACFC404600F0DBFA0849CC
:10A1F00000972B464A46404600F0EAFA08B9266026
:10A20000002003B0BDE8F08300290020A5BCC95A96
:10A21000C9AB000070B51D460C4B002818BF0346A3
:10A220000B481E68864282B00DD1002603F58E7061
:10A2300000963346144600F017FB002818BF34463A
:10A240002C6002B070BD0348FBE700BF002900206E
:10A25000A5BCC95AE88FFFFF10B5044650B163682A
:10A2600013F0685F05D0064A934202D000232360B2
:10A27000626010BD034B04485B689847EFE700BF7E
:10A280002C5F5CA980060020F4250100C8B143685A
:10A290000D4A934213D013F0685F0ED0012350E8AB
:10A2A000002F194640E8001C9CF0000FF7D1012A4E
:10A2B000F5D0BFF35F8F0020704704487047044813
:10A2C00070476FF4E04070472C5F5CA9E98FFFFF97
:10A2D000EA8FFFFF80B14368094A93420AD013F026
:10A2E000685F05D0BFF35F8F002303601846704797
:10A2F00004487047044870476FF4E040704700BF5F
:10A300002C5F5CA9E98FFFFFEA8FFFFF10B50446C1
:10A3100020B1044B63600022226010BD0248FFF7A9
:10A3200027FFF6E73A00003A1C26010070B5D0E995
:10A330000023174C174D6360D0E90230C4E90230A6
:10A3400022604868D1F800C0134BC3E900C0D5F8BB
:10A350001801D1F808C0C3F808C010F0685FD1F840
:10A360000CC00969C3F80CC0196110D00B49C5F8BD
:10A37000BC110023C5E9453105F58A70C5F8B8312F
:10A380009047236805F5DC70BDE87040184770BD44
:10A390009C06002000290020880600202C5F5CA974
:10A3A00038B131B1014400220346013081421A70B4
:10A3B000FAD1704738B131B101440022034601306F
:10A3C00088421A70FAD170472DE9F04FB2F5C07F7C
:10A3D000B5B000F2D780DFF8B49114460D464FF4C3
:10A3E000D07200210DF15C080746484606F03AFE9F
:10A3F000404601F03FF9002309F11806A9F8103092
:10A4000063BA29462246A9F812303046202389F83B
:10A41000173006F000FE5E4B079303F104338022F1
:10A42000089303F104330993325503F1043307A968
:10A4300040460A9301F034F9824600287FD104F1A6
:10A4400019030BAE0FAC0293039701960494019885
:10A45000DFF840B11022002106F004FEDDF808A06C
:10A4600005940E9B5BF8044C5BF80C7C0B995BF835
:10A47000100C5BF8085CDDE90C625C40019B7E40DF
:10A48000554081EA00071A4601214046CDE90B7686
:10A49000CDE90D5401F01EF9BAF1100F94BFAAEBEB
:10A4A0000A0AAAF1100A0BF1100B002865D1BAF1C3
:10A4B000000FD6D1059C01992046102206F0ABFD75
:10A4C00099F8033010340133A04589F80330BED128
:10A4D000049C039F019E80222146404601F0E0F843
:10A4E000824670BB07F120093D4613AB1A46012195
:10A4F000404601F0EFF81022824613A92846154481
:10A50000BAF1000F1DD106F086FD4D45EDD1404654
:10A5100001F0C0F81D484FF4D071FFF74BFF204603
:10A520002021FFF747FF07A81021FFF743FF304620
:10A530001021FFF73FFF504635B0BDE8F08F0FAC5C
:10A540000BAE404601F0A6F810484FF4D071FFF76B
:10A5500031FF20462021FFF72DFF07A81021FFF72C
:10A5600029FF10213046FFF725FF20213846FFF74D
:10A5700021FF504635B0BDE8F08F039F019E049C3B
:10A580008246DEE76FF0370AF3E700BFD02A0020EB
:10A5900000010203E02A00202DE9F04188B00446C2
:10A5A0000D4620220021684606F05CFD04F12006DD
:10A5B0006F46E27B0132D2B2E273002A4DD1A27B18
:10A5C0000132D2B2A273002A47D1637B0133DBB2DE
:10A5D0006373002B41D1237B0133DBB22373002B48
:10A5E0003BD1E37A0133DBB2E372002B35D1A37A9E
:10A5F0000133DBB2A372002B2FD1637A0133DBB2BC
:10A60000637253BB237A0133DBB223722BBBE37932
:10A610000133DBB2E37103BBA3790133DBB2A37176
:10A62000DBB963790133DBB26371B3B923790133E9
:10A63000DBB223718BB9E3780133DBB2E37063B92A
:10A64000A3780133DBB2A3703BB963780133DBB28B
:10A65000637013B92378013323703B4622460121EE
:10A66000304601F037F8804650BB103708AB9F42A8
:10A670009FD1029AAB68039F0799534002933046DB
:10A68000EE68009B7E400396049F2E697E400496F0
:10A690006E69059F7E400596069FAE697E400696D0
:10A6A000EE697140079129684B40009301996B68EE
:10A6B00080224B406946019300F0F2FF804638B19A
:10A6C00068462021FFF776FE404608B0BDE8F081DD
:10A6D00010220DEB0201204606F09DFCF0E700BFC2
:10A6E0002DE9F84304468069B0F5C07F52D81D4675
:10A6F000C0F5C073AB424DD3C5F5C0731B1A93426E
:10A70000164647D3DFF898904FF4C0720F4648467C
:10A71000002106F0A7FCD4F89430A269D4F8980080
:10A7200049469847002838D1D4F818803DB1D4E97B
:10A7300025302A4609EB0801984770BBA84407B1A9
:10A74000C6B9174942460846FFF73EFE054638B1EE
:10A7500013484FF4C071FFF72DFE2846BDE8F8837B
:10A760000F492046FFF718FF05460028F0D10123C6
:10A770002361EDE709EB08003946324606F04BFC51
:10A780000749B04442460846FFF71EFE054600282A
:10A79000DED1E5E76FF03705DFE76FF03305DCE783
:10A7A000702C002010B5A4220446002106F05AFCAB
:10A7B000064B4FF0FF314FF6F0722161E26104F178
:10A7C0009C001B68BDE81040184700BF7C060020B5
:10A7D0002DE9F04385B005460F46164600211022AC
:10A7E0006846994606F03EFC1D4B05F19C081B6827
:10A7F0004046984720B10446204605B0BDE8F083A6
:10A8000005F12004204600F035FFAA69C5E9257648
:10A810002E69E2B92022002EAA611FDB204669467C
:10A82000802200F03DFF044630B90C9A3346494679
:10A830002846FFF755FF04460A4B40461B689847D9
:10A84000002818BF0446204605B0BDE8F083002E5E
:10A85000E4DA172A02D801325608DFE70026DDE7DE
:10A8600078060020740600202DE9F04F8DB0B2F577
:10A87000806F169F00F2E380B7F5807F00F2DC80E6
:10A88000044615460E462022002104A8984606F0EC
:10A89000E9FB6C4B04F19C091B68484698478346CA
:10A8A000002840F092802269E3699A4200F3918087
:10A8B0006369002B40F08D80002F40F0A980DFF805
:10A8C00088A16F46002D00F0988004F120086F46A3
:10A8D0000EE0102DAB4628BF4FF0100B30465A4605
:10A8E000394606F098FBB5EB0B055E4400F0858019
:10A8F000E37B0133DBB2E373002B4DD1A37B013348
:10A90000DBB2A373002B47D1637B0133DBB26373EC
:10A91000002B41D1237B0133DBB22373002B3BD1CE
:10A92000E37A0133DBB2E372002B35D1A37A013332
:10A93000DBB2A372002B2FD1637A0133DBB26372D7
:10A9400053BB237A0133DBB223722BBBE379013390
:10A95000DBB2E37103BBA3790133DBB2A371DBB9D3
:10A9600063790133DBB26371B3B923790133DBB2AD
:10A9700023718BB9E3780133DBB2E37063B9A37859
:10A980000133DBB2A3703BB963780133DBB2637090
:10A9900013B92378013323703B46224601214046F8
:10A9A00000F098FE8346002893D0DAF8003048463D
:10A9B00098472021034604A8002B18BF9B46FFF7A9
:10A9C000F9FC10213846FFF7F5FC58460DB0BDE8FC
:10A9D000F08F3A46414600232046FFF781FEDFF81C
:10A9E00068A000283FF46DAFDAF800304846984779
:10A9F000834600283FF465AFE7E704A92046FFF748
:10AA0000CBFD83460028D0D1236901332361CCE7F5
:10AA10003A46414604A8FFF7D7FC834618B1DFF851
:10AA200028A06F46C1E704A92046FFF7B5FD83467D
:10AA300000283FF444AFF2E76FF0370BC5E76FF043
:10AA4000350BC2E778060020740600202DE9F0439C
:10AA5000202B8BB01D4606468846914626D8DBB291
:10AA600002AF8DF80480B0468DF8053058F8041B0D
:10AA700021B9404600F072FE044640B9012333601C
:10AA8000022201A9404600F07DFE044638B1384656
:10AA90002021FFF78FFC20460BB0BDE8F0832A464B
:10AAA0004946404600F06EFE0446F0E702AF194604
:10AAB000104600233A4600F0EBFF04460028E6D19A
:10AAC0002023B9461D46CCE7F0B5D0F8F830A7B042
:10AAD000002BD8BF02AE2CDDD0F80C410546002378
:10AAE00002AE0193A4F10107D0F80001D5F8FC40B3
:10AAF00001AB90223146A047B7FA87F77F09044699
:10AB000010B9019B3BB9A7B130469021FFF752FC29
:10AB1000204627B0F0BD014632462846FFF796FF93
:10AB200050B9D5F80431019A1344C5F80431002F07
:10AB3000EAD16FF03C04E7E70446204627B0F0BDB9
:10AB400070B50025044604F5887614222946C0F81D
:10AB5000F850FC3006F086FA08222946304606F006
:10AB600081FA154B30461B689847204640F8045B35
:10AB700000F0DAFD114B30461B689847D8B9D4F87D
:10AB8000F830AB4211DC03EB830204EB820220219C
:10AB9000C2F808110121C2F80C1101330849C2F8AA
:10ABA0000001C2F8FC10C4F8F830064B30461B68B0
:10ABB000BDE87040184770BD7C0600207806002074
:10ABC00079B50000740600202DE9F047202A88B0EE
:10ABD00079D83E4B00F588791B68044648461746ED
:10ABE000884698470546F8B9D4F8F83040F201167F
:10ABF000002B64D02046FFF767FF054638B9D4F82C
:10AC0000F830002B14DC013EF2D16FF03B056E46AC
:10AC100020213046FFF7CEFB2D4B48461B68984756
:10AC2000002818BF6FF01D05284608B0BDE8F08762
:10AC3000D4E94132934203D3D4F80C21012A02D043
:10AC4000013ED7D1E1E71F2BFAD96E4601462022FB
:10AC5000304604F1040A06F005FA3146504600F089
:10AC6000BBFD05460028D3D1504600F071FD50468B
:10AC700000F05AFD2946504600F070FD05460028B8
:10AC8000C6D150462022314600F07CFD0546002802
:10AC9000BED1034632462021304600F0F9FE05467B
:10ACA0000028B5D1D4F8F830002BC4BF0023C4F875
:10ACB00004313A464046314606F0ADF9A8E76FF058
:10ACC0003F056E46A4E76FF03B05ADE77806002030
:10ACD0007406002030B58DB00021282202A8019111
:10ACE00006F0C0F902A800F0FBFE044610B12046B1
:10ACF0000DB030BD174D4FF0FF31286800F044F91A
:10AD0000044620B11448FFF733FA012C18D0002074
:10AD100000F06AF9D0B9114A02A901A800F01EFC9E
:10AD20000446012000F060F960B9286800F034F9A9
:10AD30000028DCD00A48FFF71BFA20460DB030BDD2
:10AD40000524F2E70748FFF713FAEEE70648FFF796
:10AD50000FFAE0E7D006002040260100F02D002089
:10AD600098260100782601005826010030B583B0EE
:10AD700000F05CF828B100F0ABF80324204603B0E3
:10AD800030BD00F077F8D8B900F02EF9E0B9224CC8
:10AD9000D4F828391B0EF02B0AD1D4F8242A1F4BE3
:10ADA0009A4231D000F044F8072400F091F8E5E72A
:10ADB00000F03EF800F08CF80624204603B030BDC9
:10ADC0000424204603B030BD00F032F800F080F8D3
:10ADD000FFF780FF044698B9114D2B68002BCDD1A9
:10ADE00002460146FFF7E6F950B90E4901AB682269
:10ADF000FFF710FA20B90C4B2B60204603B030BD92
:10AE00000524204603B030BD012000F0EDF80028F5
:10AE1000DAD1C4F80C0ADBE700B002500000E020F1
:10AE200010300020143000205AEA5A5A002070478F
:10AE300000207047430504D5044B4FF0FF32C3F8A0
:10AE40000821024BC3F8080A704700BF00B0025047
:10AE5000014BC3F8040A704700B0025008B100F07B
:10AE60006BB84FF47500704708B100F04FB84FF45D
:10AE70007500704710B5114800F072F800B110BDB0
:10AE80000F4800F06DF80028F9D10E4C204600F074
:10AE900067F80028F3D10C4B0C481C6000F060F8F8
:10AEA00001460028EBD100F02DF8044608B12046F9
:10AEB00010BD00F07BF82046FAE700BFE006002056
:10AEC000DC060020D8060020D0060020D406002092
:10AED00008B5084800F04EF8074800F04BF807485E
:10AEE00000F048F8064800F045F8BDE8084000F0DA
:10AEF0000BB800BFE0060020DC060020D8060020CA
:10AF0000D406002000207047704700BF10B4094CE1
:10AF10000246D4F8003A1342FBD021B1D4F80431F0
:10AF20000B60C4F80831034BC3F8082A002010BC9A
:10AF3000704700BF00B00250044AD2F8003A1842ED
:10AF4000FBD0C2F8080A0020704700BF00B00250D2
:10AF500006F06FB806F086B80A46002106F082B8FF
:10AF600008B5034B02681B6810689847002008BDAD
:10AF70009C06002008B5034B02685B681068984780
:10AF8000002008BD9C060020024B02689B681068E8
:10AF9000184700BF9C06002008B5034B0268DB6819
:10AFA00010689847002008BD9C06002070B5094C29
:10AFB000094D2069AB68984718B1084B08485B6891
:10AFC0009847084AEB68206900211160BDE870408D
:10AFD000184700BF880600209C060020800600203D
:10AFE000B02601007C300020F8B51A4D1A4E0446F8
:10AFF000B26828699047E8B9184F3B684CB1A3B1D3
:10B00000012B19D0013B3B602869F3689847002069
:10B01000F8BD43B9124A0121C2F800151149D1F80F
:10B020001029002AFBD101333B60F3682869984757
:10B030000020F8BD0C48F8BD0A4AD2F81039002BA0
:10B04000FBD1074A6FF07E40C2F80035FFF700FFE2
:10B050003B68D7E7880600209C0600207C30002053
:10B0600000A0025000B00250E98FFFFF2DE9F04729
:10B07000002878D00C46002975D01D46002B72D0D0
:10B0800007461AB1012200232A6003602B68002BB7
:10B0900064D02946204600F0DBFD804600285FD1C1
:10B0A0002868214600F0BAFD8046002858D12B6858
:10B0B000082B6CD0042B6DD0A3F10209B9FA89F9E1
:10B0C0004FEA5919354E0121C6F8C411C6F840118E
:10B0D000C6F8C411636AC6F83031D6F830219342FD
:10B0E000F6D14FF0000A4FF0FF30C6F82CA1FFF761
:10B0F000A1FE6FF01B03C6F800315046FFF7A8FE13
:10B10000C6F80C91D6F8040A40F48060FFF7A0FE60
:10B110000A23C6F83831089B012B29D02369204A1D
:10B12000A2FB03231B09626A02FB03F303EB430345
:10B130001A4ADB039B09C2F8D8310123C2F82C312B
:10B140003B682A6823F07F4343EA02633B602A6836
:10B1500043EA02233B604046BDE8F087DFF84480C5
:10B160004046BDE8F087DFF840804046BDE8F08704
:10B170004FF08053D3F80C2C013206D0D3F80C3C9E
:10B18000074AA2FB03231B09CDE71623CBE74FF0A9
:10B19000030997E74FF0020994E700BF00B002509F
:10B1A000ABAAAAAA310CF100350CF10050B34B1E2A
:10B1B000B3F5047F26D24FF0000C30B5CD00E64643
:10B1C0006446630904F01F0150F823301F2923FA55
:10B1D00001F306D003F001031CB901249E46A446E6
:10B1E000EFE79E4504F1010406D09E464FF0010CA6
:10B1F000AC42E6D1002030BD0CF1010C9445F7D1F2
:10B20000014830BD00487047360CF100C8B32DE945
:10B21000F0434C1EB4F5047F1CD2DBB1D2B14FF029
:10B22000000ECF007646F046754603F1FF396C09F3
:10B2300005F01F0150F824401F2924FA01FC0CD00E
:10B240000CF0010C4DB90126E0463546B646EEE756
:10B25000964218D90D48BDE8F08373450CD0C4451B
:10B2600008BF0136F145F3D00EF1010E0135BD42A4
:10B27000DDD10020BDE8F0834FF0010EE0467646B8
:10B28000F4E7024870479E46F0E700BF370CF10034
:10B290002DE9F04F91B00D46DDE91B4182460029B2
:10B2A0006ED1286906901A981C6000230360002A5A
:10B2B00000F02E819C4B6A6AD3F83811D3F83031F4
:10B2C0009A4269D10A2967D19AF80330089304F1A8
:10B2D000080306990793954B934CA3FB01239B0806
:10B2E00003EB4303A1EB43030393042305931A9B4E
:10B2F000069E1E60002E00F0E980002700F0B8FCDA
:10B300000997BAF1000F00F0D580DDF81C804FF0EE
:10B310000109002D00F0CE80089B002B3ED008A92B
:10B32000284600F095FC00283AD0814B984220D066
:10B33000089B082B00F0E4805B0000220893009239
:10B3400008AB29465046FFF791FE7A4B984200F031
:10B35000D38070B9DAF80020130A03F47F03134393
:10B3600023F07F43CAF80030059B013B0593BED113
:10B370000020039000F07CFC039811B0BDE8F08F32
:10B380004FF08050D0F80C6C013614BFD0F80C0C84
:10B390004FF40470069086E76748EAE76548C4E71B
:10B3A0000898294600F03AFC0028BED1089B082BDB
:10B3B00000F0A880042B00F0A880A3F10203B3FAE8
:10B3C00083F35B090493C4F8C491C4F84091C4F8B2
:10B3D000C4916B6AC4F83031D4F830219342F6D16D
:10B3E0004FF0000BC4F82CB14FF0FF30FFF722FDF7
:10B3F0006FF01B035846C4F80031FFF729FD049B8A
:10B40000C4F80C31D4F8040A40F48060FFF720FD42
:10B410000A23C4F838312B69ABF1553BABFB03234E
:10B420006A6A1B0902FB03F303EB4303DB039B097B
:10B43000C4F8D831C4F82C91DAF80030089923F018
:10B440007F420B0243EA01631343CAF8003009A8A4
:10B4500000F0D4FB099B03F01A0303437FF468AFA9
:10B46000ABFB063BD4F814310A93D4F818310B9394
:10B47000D4F81C310C93D4F820310D93D4F8243136
:10B480000E93D4F828310F93B7EB9B0F01D1039B98
:10B4900093B9404618220AA9183EFFF759FD08F152
:10B4A0001808013796B100F0E3FB00230993002D43
:10B4B0007FF432AF214838E74046F61A1A460AA907
:10B4C00098440137FFF744FD002EECD1069F079EFC
:10B4D0006A6939463046FFF769FEAA6940B94FF4F8
:10B4E000806339463046FFF791FE00283FF440AFB5
:10B4F0001A9A0023136018E72B6A002B3FF439AF28
:10B500000F4836E7032304935DE7022304935AE7C9
:10B51000009108AB012229465046FFF7A7FD0028FD
:10B520003FF4D5AE25E700BF00B00250ABAAAAAAEF
:10B53000020CF100310CF100300CF100350CF1007F
:10B54000320CF10010B4DDE901340194039C029443
:10B550000024039410BCFFF79BBE00BF10B586B05B
:10B5600005AB0124CDE901240093002204ABFFF7D1
:10B570008FFE06B010BD00BFF0B587B0002966D0C1
:10B580001E46002B63D01446002A60D0314F0D4672
:10B5900038684FF0FF31FFF7F7FC00284DD100204D
:10B5A000FFF722FD002844D12B4800F099FA03460A
:10B5B000D8B101204FF0FF35FFF716FD002834D138
:10B5C00026484FF40871FEF7EBFE25480421FEF7EC
:10B5D000E7FE21482821FEF7E3FE3868FFF7DCFC90
:10B5E00000282ED1284607B0F0BD1C4A029205AAB9
:10B5F000019204AA03900092174919481A46FFF7CE
:10B60000A1FF03460028D4D128461D46059B049976
:10B610009C42224628BF1A4632600831FFF798FC48
:10B620000120FFF7E1FC0028CAD00E48FEF7A0FD7C
:10B63000C6E70D48FEF79CFDB6E70C48FEF798FDFF
:10B64000ADE70B48FEF794FD284607B0F0BD4FF07C
:10B65000FF35C7E7D006002084300020AC30002042
:10B660008030002078260100582601004026010085
:10B67000D026010010B5044630B1002201236265D6
:10B68000A265E365236610BD0148FEF771FDF4E78E
:10B69000E826010018B174220021FFF75BBC704757
:10B6A00090B1A1B110B5802A4FF00004846380F8F6
:10B6B0003C4006D1102204631044FFF749FC2046A9
:10B6C00010BD6FF01F0010BD6FF0210070476FF0CC
:10B6D0001F00704728B322B31BB3012921D870B5CE
:10B6E0000446816B86B017D0012917D1102500219F
:10B6F0000DEB0506616310460095019602AA2946E6
:10B7000000F0C2FA50B92B46324602A9204600F09A
:10B7100043FD18B906B070BD0029E7D06FF02100D5
:10B72000F8E76FF02100704710B5044628B12046B5
:10B73000F421BDE81040FFF70FBC0448FEF718FDE8
:10B740002046F421BDE81040FFF706BCFC260100AE
:10B7500010B1F421FEF724BE704700BF08B521B137
:10B76000012908D06FF0360008BD012100F058F81B
:10B770000028F7D108BD022100F052F80028F9D0C6
:10B78000F0E700BF30B505468818B0F5801FA1B0BE
:10B790000B46144601D8802A0CD9B3F5801F17D95F
:10B7A00022461946284600F07DF8044684B9204612
:10B7B00021B030BD6846FFF7CBFB224669462846DC
:10B7C00000F070F8802104466846FFF7C5FBEDE7FE
:10B7D0006FF03604EBE700BF70B5E8B10E46D9B1A3
:10B7E000044600F031F80546B0B92368012B0BD0B0
:10B7F000022B01D0284670BD1C2204F108013046FE
:10B80000FFF7A6FB284670BD202204F10801304650
:10B81000FFF79EFB284670BD6FF03605EAE700BFD4
:10B8200078B138B504460D46F021FFF795FB40236B
:10B830002560E365204600F05BFA003818BF012060
:10B8400038BD0120704700BF70B5056EA4B0044636
:10B8500004AEE5B90122002362603046CDE9003331
:10B8600002AA294600F010FA10B1012024B070BDE0
:10B870002A4602A9204600F063FA0028F5D12046A6
:10B8800000F074FB0028F0D1206624B070BD802D3C
:10B890002A4600F1640128BF80223046FFF758FB9A
:10B8A000256ED7E7002800F0AE802DE9F04F144652
:10B8B000A5B0002A3DD00F46002949D0B2F5803FFF
:10B8C0000546006E20D34FF6FF7805F1640AEB6D54
:10B8D0001A1AB2FBF3F103FB1122002A65D183424D
:10B8E000B9464FF6FF7672D0B6FBF3FB03FB0BFBBA
:10B8F000BBF1000F30D1002E45D1A4F57F44FF3CB1
:10B90000B4F5803F4744E2D2EA6D161AB6FBF2F373
:10B9100002FB1366A64228BF2646002E75D182423E
:10B9200000F08D80B4FBF2F602FB06F62EB9002C77
:10B9300079D1002025B0BDE8F08F0023CDE9003398
:10B9400002AA3146384600F09FF9002800F09580A1
:10B95000012025B0BDE8F08F0023CDE9003302AA15
:10B960005946484600F090F90028F1D102A95A46FC
:10B97000284600F0E5F90028EAD1A6EB0B06286E70
:10B98000D944002EB9D01930494605EB8000324623
:10B99000FFF7DEFAA4F57F44286EFF3C3044B4F58F
:10B9A000803F4744286692D2AEE7424528BF4246D0
:10B9B000504439461646FFF7CBFA286EEB6D3044FB
:10B9C000834207EB06092866A8EB06068CD1802B7C
:10B9D00028BF80231A46514604A8FFF7B9FA00236E
:10B9E000CDE9003302AAE96D04A800F04DF9002862
:10B9F000AED1EA6D02A9284600F0A2F90028A7D12D
:10BA0000EB6D286670E70120704705F16403394645
:10BA100032461844FFF79CFA286EEA6D3044A41BA6
:10BA2000374428667BE72B6E193305EB83002246EB
:10BA30003946FFF78DFA2B6E23442B6679E7802A6F
:10BA400028BF802205F1640104A8FFF781FA0023D2
:10BA5000CDE9003304A8E96D02AA00F015F9002829
:10BA60007FF476AFEA6D02A9284600F069F9002854
:10BA70007FF46EAFEA6D286654E702A93246284685
:10BA800000F05EF900287FF463AF3744A41B4EE753
:10BA9000F8B51C46054611480E461746FFF744FE0A
:10BAA00021460E48FFF75AFE044620B10B48FFF727
:10BAB0004FFE2046F8BD094832462946FFF762FE90
:10BAC00004460028F2D139460448FFF785FE0446B3
:10BAD0000248FFF73DFE2046F8BD00BFCC320020F3
:10BAE00030B583B01C2301A90546019300F032F85C
:10BAF000044638B9019B1C2B07D0144C1C21284646
:10BB0000FFF72AFA204603B030BDD5E90112131E13
:10BB100018BF012300392A6818BF01219B0043EA9E
:10BB20004103002A18BF43F00103EA680120E861DD
:10BB30002AB9C5E90834002BE4D1054CDEE743F00F
:10BB400008032046C5E9083403B030BD370CF000C7
:10BB50000E0CF00018B111B10B681C2B01D00120A4
:10BB600070474FF08053D3F8102C013214BFD3F834
:10BB7000102C41F25C224FF080530260D3F8142C59
:10BB8000013214BFD3F8142C41F664124FF08053E5
:10BB90004260D3F8182C013214BFD3F8182C40F6A9
:10BBA000D8624FF080538260D3F81C2C013214BF4E
:10BBB000D3F81C2C41F288324FF08053C260D3F886
:10BBC000002C013214BFD3F8002C90224FF0805388
:10BBD0000261D3F8042C013214BFD3F8042C512293
:10BBE0004FF080534261D3F8082C013214BFD3F8D0
:10BBF000083C40F2373383610020704708B50146A6
:10BC00004FF48060FFF730F9034B0022C3F8C821DE
:10BC1000C3F82C2108BD00BF00B00250013807282E
:10BC200005D8DFE800F0100E040A040404060748F3
:10BC30007047CB684B62002070478B684B620020D6
:10BC400070474B68F6E70B68F4E700BF310CF10072
:10BC50000B6802E0082B0B6006D8026A13424FEA19
:10BC60004303F7D00020704700487047310CF100C3
:10BC7000044B0022C3F82C214FF48060C3F8C42188
:10BC8000FFF7D8B800B00250F0B583B01D46B0F150
:10BC9000005F4FF000038DF8073024D38C468444B6
:10BCA000BCF1804F04461ED817460DF10703012250
:10BCB00000F064FE0646B0B9099A9DF807303C6072
:10BCC0003B7192B14DB1024608990DF10703284628
:10BCD00000F054FE38B99DF80730099A30461560D7
:10BCE000137103B0F0BD4FF47506304603B0F0BDDC
:10BCF000D8B108B50368012B04D0022B0FD043B193
:10BD00000B4808BD0B4920220830FFF721F900201D
:10BD100008BD094914220830FFF71AF9F7E7074967
:10BD200020220830FFF714F9F1E74FF47300704751
:10BD30000100F3000C2701004C2701002C27010013
:10BD40002DE9F843002900F0F9800446002800F0AE
:10BD5000F980036890460F46002B00F0C380013B3A
:10BD6000012B00F2D78079484FF0FF314FF00209E4
:10BD7000FFF70AF9002840F0BF800020FFF734F9F0
:10BD80000646002840F0C280714AD2F81C39002BC8
:10BD9000FBD16F4DD5F8203C002BFBD14FF0FF308D
:10BDA000FFF748F8D5F8040A20F04000FFF750F8F4
:10BDB00001230722C5F81838C5F80029C5F8C4378B
:10BDC000A36CC5F8CC37E36CC5F8D037C5F8C0977D
:10BDD00023685BB1013B012B18D8636AC5F85C3658
:10BDE000236AC5F85836E369C5F85436584BA2693A
:10BDF000C3F850266269C3F84C262269C3F8482666
:10BE0000E268C3F84426A268C3F84026504AD2F834
:10BE10001039002BFBD1B8F1000F5FD06368012B04
:10BE200008BFC2F884364A4B3A68C3F8282C402031
:10BE3000C3F82C8CFFF712F80646454AD2F81039A1
:10BE4000002BFBD1424AD2F8203C002BFBD12368C7
:10BE50005BB1013B012B18D8D2F85C366362D2F893
:10BE600058362362D2F85436E361394BD3F8502662
:10BE7000A261D3F84C266261D3F848262261D3F838
:10BE80004426E260D3F84036A360314AD2F8CC179A
:10BE9000A164D2F8D017E16400230121C2F8C417CD
:10BEA000C2F88436C2F8C837D2F81039002BFBD15B
:10BEB000C2F81838002E3BD1254BD3F8040A40F0C5
:10BEC0004000FEF7C5FF0120FFF78EF860BB1F485A
:10BED000FFF762F810BB3046BDE8F8830423C2F8D0
:10BEE000C837AAE719484FF0FF314FF00109FFF7B3
:10BEF0004BF800283FF441AF1648FEF739F900200F
:10BF0000FFF772F8064600283FF43EAF1248FEF7EE
:10BF10002FF939E7114E3046BDE8F8831048FEF797
:10BF200027F93046BDE8F8830E48FEF721F9CEE741
:10BF3000102104F10800FFF70FF8BDE70A4E304664
:10BF4000BDE8F8834FF47306C5E700BFE0060020A4
:10BF500000B0025040260100582601000100F30005
:10BF600098260100782601000300F30098B370B40E
:10BF7000D0E90241D0E9042326BA0DBA14BA19BA9D
:10BF8000D0E9062312BAC0E904418261D0E908422F
:10BF9000C0E902651BBA25BAC0E9073514BAD0E971
:10BFA0000B23816A12BA09BAC0E90941C262D0E919
:10BFB0000D421BBA25BAC0E90C3514BAD0E91023DA
:10BFC000C16B12BA09BA1BBAC0E90E41C0E910230D
:10BFD000002070BC70474FF473007047002847D0B2
:10BFE00090F83C30002B34D0032B10B513D02248EE
:10BFF000224C2268224B1268C3F80024226852683F
:10C00000C3F8042422689268C3F808242268D2681E
:10C01000C3F80C2410BD016B006C184C00F0A8FB99
:10C020000028E6D12268164B1268C3F80024226863
:10C030005268C3F8042422689268C3F8082422686E
:10C04000D268C3F80C2400F0A1FB0028D1D1002055
:10C0500010BD0B4B0269C3F800244269C3F80424E5
:10C060008269C3F80824C269C3F80C240020704711
:10C070004FF47100704700BF0900F100CC060020AA
:10C0800000B00250374A38B50446D2F81039002BB8
:10C09000FBD1344AD2F87034002BFBD1314AD2F8AC
:10C0A000203D002BFBD12F4AD2F8203C002BFBD1A6
:10C0B0002C4AD2F8383D002BFBD12A4DD5F8383C1C
:10C0C000002BFBD14FF0FF30FEF7B4FE636BD5F8C9
:10C0D000040A23F00403032BE36D39D0012B0CBFBA
:10C0E00020F0800020F02000FEF7B2FE1D4A012360
:10C0F000C2F80039D2F81039002BFBD1194AD2F816
:10C100007034002BFBD11749C2F8BC34D1F8103978
:10C11000002BFBD1134AD2F87034002BFBD1626B99
:10C1200022F00401032918BFA36B0E494FEA8202D3
:10C1300018BF03F0010302F01C021A43C1F8C02427
:10C14000636B072B04BF0123C1F87C34002038BD8A
:10C15000012B0CBF20F0400020F01000FEF778FE0D
:10C16000C4E700BF00B00250094A0A4B11680968D1
:10C17000C3F8001411684968C3F804141168896889
:10C18000C3F808141268D268C3F80C24704700BFC3
:10C19000CC06002000B002502DE9F04F85B00029F8
:10C1A00000F0EC809046002A00F0E8800546002868
:10C1B00000F029819946C36D0E46002B52D1B9F586
:10C1C000805F54D295F83C30042B00F0FF800027AC
:10C1D000AD484FF0FF31FEF7D7FE002840F0D58084
:10C1E0000020FEF701FF002840F0D880A748012377
:10C1F000C0F81038D0F81049002CFBD16B6B032B22
:10C200003ADC002B3BDAA24CA04AD2F81039002BC2
:10C21000FBD1002F40F0D1806B6BEA6D23F004035B
:10C22000032B9A4BD3F8040A00F09F80012A0CBF1D
:10C2300040F0800040F02000FEF70AFE934B002201
:10C24000C3F810280120FEF7CFFE002840F0B1808F
:10C250008D48FEF7A1FE002840F0A480204605B0DE
:10C26000BDE8F08F012BADD1B9F5803FAAD3894C41
:10C27000204605B0BDE8F08F063B012BC3D8AB6B61
:10C28000012B00F2BE80EB6D012B7CD82B6E012BB5
:10C2900000F2E8802846FFF7F5FE04460028B3D1F7
:10C2A0002846FFF79BFE04460028ADD16B6B072B99
:10C2B000A9D801229A4012F08A0F40F0D58012F0DE
:10C2C000440F40F0BA80D2079DD523F00403032B1E
:10C2D00032680DD02B6ED8F80010012B6B4B0BBFC2
:10C2E000C3F8281DC3F8301DC3F82C9DC3F8349D36
:10C2F000EB6D012B654B0BBFC3F8282CC3F8302C1A
:10C30000C3F82C9CC3F8349C6B6B23F00403032B01
:10C3100000F0A2802B6E012B14BF20208020FEF79E
:10C320009DFD044600287FF46FAF584BD3F81049A9
:10C33000002CFBD1696B072914D801228A4012F026
:10C340008A0F40F0BB8012F0440F0BD0D3F860246A
:10C350002A60D3F864246A60D3F86824AA60D3F80A
:10C360006C34EB600123AB654EE7012A0CBF40F053
:10C37000400040F01000FEF76BFD5FE7464C2046A2
:10C3800005B0BDE8F08F454C3EE74548FDF7F0FEAF
:10C390000020FEF729FE00283FF428AF4148FDF7B2
:10C3A000E7FE23E74048FDF7E3FE204605B0BDE881
:10C3B000F08F3E48FDF7DCFE4AE7042385F83C3069
:10C3C000202105F11000FEF7C7FD25E7296B286C39
:10C3D00000F0C0F998B9364F2C4C3B681B68C4F884
:10C3E00000343B685B68C4F804343B689B68C4F85D
:10C3F00008343B68DB68C4F80C34296B31B1012781
:10C40000E6E62C4C00E74FF4710427E72B6D01930F
:10C41000EB6C009305F1100A4FF0100BCDF808A05B
:10C42000CDF80CB0D5E91123286C00F0B9F900283B
:10C4300051D1002385F83C30E1E7144B2A68C3F85A
:10C4400060246A68C3F86424AA68C3F86824EA68A8
:10C45000C3F86C246B6B38E7EB6D012B14BF102015
:10C4600040205CE7144CCFE6084B2A68C3F8402410
:10C470006A68C3F84424AA68C3F84824EA68C3F881
:10C480004C246B6B21E700BFE006002000B0025097
:10C490000100F1000500F1000B00F1000300F100C4
:10C4A0004026010058260100982601007826010048
:10C4B000CC0600200200F1000400F100D3F8402473
:10C4C0002A60D3F844246A60D3F84824AA60D3F8D9
:10C4D0004C34EB6046E73B681B68C4F800343B68AB
:10C4E0005B68C4F804343B689B68C4F808343B6854
:10C4F000DB68C4F80C3459465046FEF72DFD98E72A
:10C500002DE9F04109B302B30446002800F0AF80E2
:10C510001D46436B072B0E461BD05DB9032B10D174
:10C52000836D73B900F1640345668566C56605676A
:10C530000B6010252B4631462046BDE8F041FFF741
:10C540002BBE2F463846BDE8F081764F3846BDE811
:10C55000F081C36D002B40F08D80B5F5805F80F0D9
:10C5600090801DB9A36D002B40F08B806E484FF07A
:10C57000FF31FEF709FD002840F08F800020FEF714
:10C5800033FD002840F08580684A0123C2F8103846
:10C59000D2F81039002BFBD1636B032B4FDD063B28
:10C5A000012B4ED8A36B012B6DD8E36D012B78D8EE
:10C5B000236E012B77D82046FFF764FD074600283D
:10C5C00040D12046FFF70AFD074600283AD1626BAA
:10C5D000072A36D80123934013F08A0F40F0818058
:10C5E00013F0440F6FD1DB072BD5504B0122C3F85A
:10C5F0007C24C3F8BC543168002D56D1A16D09B913
:10C60000C3F82425494BD3F81079002FFBD1616B77
:10C61000072917D801228A4012F08A0F6FD112F031
:10C62000440F0FD0D3F860242260D3F864246260F2
:10C63000D3F86824A260D3F86C34E36002E0002BE6
:10C64000B0DA3B4F394AD2F81039002BFBD1C2F88F
:10C6500010380120FEF7C8FCB8B93348FEF79CFC3F
:10C6600000283FF46FAF3348FDF782FD6AE74FF4CF
:10C67000710767E7012B7FF474AFB5F5803FFFF4D6
:10C6800070AF2D4F5EE72D4FDCE72D48FDF770FDB5
:10C69000E3E72C48FDF76CFD76E72B48FDF768FDD6
:10C6A0006CE72A4FCEE72A4FCCE7E26D012A33D060
:10C6B000C3F8301C1020C3F8345CFEF7CFFB0746EC
:10C6C00000289FD0BEE7194B2268C3F86024626837
:10C6D000C3F86424A268C3F86824E268C3F86C2431
:10C6E00083E7124B2268C3F840246268C3F84424ED
:10C6F000A268C3F84824E268C3F84C2475E7D3F86D
:10C7000040242260D3F844246260D3F84824A26015
:10C71000D3F84C34E36095E7C3F8281C4020C3F8F5
:10C720002C5CCAE70B00F100E006002000B00250CC
:10C730000100F100982601000500F1000200F1005F
:10C740007826010058260100402601000300F10070
:10C750000400F10029B9044B002814BF184600203A
:10C7600070470248704700BF0100F7000300F70060
:10C7700029B9044B002814BF18460020704702480E
:10C78000704700BF0100F7000300F700034B0020D3
:10C790000122C3F8380AC3F87824704700B0025069
:10C7A0002DE9F047CCB00024579DDDF85881824632
:10C7B00089461646214674220EA81F4604F052FCF4
:10C7C000802221462CA82B9404F04CFC8423B5F540
:10C7D0007F6FCDE90A44CDE90C44059363D8FFF798
:10C7E000C3FC05AB30462BAE01930295DDE9542323
:10C7F0003946009600F062F800284FD103238DF8E7
:10C8000013309DF813308DF87430072300221C90EC
:10C8100010210EA81B9301240123CDE92423CDF878
:10C820006890CDF878A026940DF12009FEF794FBCE
:10C83000102200920599CDF804900AAB304606AA62
:10C84000FFF722FA074670B11DE00EA908EB0700BA
:10C85000FEF77EFB10210EA8FEF77EFB0134AD1B18
:10C860003744E4B224D0102D4A46059B8DF8AC40E5
:10C8700006A90EA82E4628BF1026FFF741FE324615
:10C880000028E2D007460EA874220021FEF762FBC2
:10C89000FFF76AFC38464CB0BDE8F087054F3846D4
:10C8A0004CB0BDE8F087044F38464CB0BDE8F08787
:10C8B0002F46E8E70E00F1000F00F1002DE9F041EE
:10C8C00082B01E460A9D0023B5F57F6F01933ED8C6
:10C8D000ED00B5F5807F174601F1FF3234BF032329
:10C8E00004233F2A0C46009331D880B366BB089AD4
:10C8F0006AB3099A116851B3A2191344994226D315
:10C90000089B01462246581CFEF722FB089B04F1B7
:10C9100002081C440023637026BB089B0095FF2D72
:10C9200003EB080017D92B029BB243EA152302221E
:10C9300001A90193FEF70CFB08F10203099A0020FC
:10C94000136002B0BDE8F0810FB1402ECFD90A4884
:10C9500002B0BDE8F08101226946FEF7F9FA08F15C
:10C960000103EBE7089B324603EB08003946FEF76C
:10C97000EFFAB044D1E700BF060000800020187035
:10C98000704700BF0CB430B589B005460C461C2278
:10C99000002101A804F066FB02238DF806300E4B3F
:10C9A0000293059523462CB1B4F1004F28BF4FF0F8
:10C9B0000043013B1D440DAA0C99069501A8009265
:10C9C00000F09CF814B1059B00221A7009B0BDE874
:10C9D000304002B0704700BF1B1601002DE9F04146
:10C9E0000126B24201DCBDE8F08107463B461F4606
:10C9F00013F8014B002CF6D0252CF8D11D78252DED
:10CA000007F10207F2D00023DFF8EC809C461C46B9
:10CA10001F2C27D8A5F1200EBEF1100F06D828FA3A
:10CA20000EFE1EF0010F53D12E2D3CD02E2D27D8F7
:10CA3000242D33D02A2D36D0BCF1000FD3D0B445ED
:10CA4000D4D145F02007A7F1650CBCF1020F0B68AB
:10CA500001D9612F42D1073323F0070308330B605C
:10CA60000136BEE77F2CDFD96C2D23D01DD8682D71
:10CA700027D06A2D01D04C2DDED144F4207408E07B
:10CA8000A5F1300EBEF1090FEED80A2404FB03E332
:10CA9000202417F8015B002DBAD1CDE7BCF1000FBF
:10CAA00018D0B34218D00023F3E7742DF1D07A2DBB
:10CAB000EFD0C1E7250648BF44F4007444F0800479
:10CAC000E7E7E50548BF44F4007444F48074E0E708
:10CAD0000024DEE79C46E6E76325B2E7692D02D035
:10CAE00007D8632D03D0250601D5A405B3D404339C
:10CAF000B5E7732DF6E700BF892801002DE9F04F57
:10CB00008378D0F804909DB09C07CDE90712804649
:10CB100015D50B920B460025187890B1252814D016
:10CB2000013305934146C847002805F1010580F20D
:10CB3000EA8398F8023043F0040388F802304FF09B
:10CB4000FF3528461DB0BDE8F08F93F801A09A1C70
:10CB5000BAF1250F0592E5D04FF0000B5E465F4617
:10CB60005C461F2C23D8AAF12003102B22D8DFE823
:10CB700003F01521211B2121210B21212113211833
:10CB80002121090044F00104059B13F801AB059332
:10CB9000BAF1000FE5D11BE044F0020444F00404B4
:10CBA000F2E744F00804EFE744F01004ECE77F2CD0
:10CBB00000F2EC80BAF12E0F00F0CC8000F2A680DB
:10CBC000BAF1240F00F0CC80BAF12A0F00F0AF8048
:10CBD000BBF1000F06D0089B07980B935A460BA990
:10CBE000FFF7FCFE002E4AF0200BB8BF24F04004F3
:10CBF000ABF16503BCBFA4B20026022B03D9BBF185
:10CC0000610F40F07E826FEA0A0A0AF02003069361
:10CC10000B9B073323F0070303F10802BBF1610FFD
:10CC2000D3E900010B9204F0400340F0DC80002BBC
:10CC300008BF4FF0FF36069B00930CAA334604F062
:10CC400066FC0130C3B2B3420393A8BF03F1FF36C1
:10CC5000DDF830A0012344F4C05404934FF0700B6E
:10CC60000AF10903122B0DD90AF16303C62B40F216
:10CC7000EA800AF2E73340F2CE7293428CBF04237B
:10CC8000032304939DF83430D80700F1DE80A20717
:10CC900000F1DD80C4F380025201D2B213F00C0F18
:10CCA00000F0E080002A0CBF03230423BB4210DA0B
:10CCB0002407A7EB03070DD42F44414620200392FD
:10CCC000C847002805F10105FFF633AFAF42039ACC
:10CCD000F3D100273AB141461046C847002805F174
:10CCE0000105FFF626AF9DF83430AA4C13F0080F6B
:10CCF000A94B08BF1C462646324616F8010B0028F1
:10CD000040F0A7802C1B02EB040B70E1AAF130036A
:10CD1000092B3BD814F0400F4FF00A0202D002FB5F
:10CD2000063631E702FB073744F020042CE7BBF15D
:10CD3000000F7FF429AF0B9B600603F104020B92F6
:10CD400001D51E6820E71F68002FEDDA7F4244F00E
:10CD5000280419E763063FF5F4AE44F0400413E7F6
:10CD6000BBF1000F3AD014F0400A089B07980B93D0
:10CD70000CBF3A4632460BA9FFF730FE0B9B1A1D3B
:10CD80000B92BAF1000FDCD11F68FDE6BAF16C0F0F
:10CD900016D00CD8BAF1680F19D0BAF16A0F03D0C7
:10CDA000BAF14C0F7FF414AF44F42074ECE6BAF1FE
:10CDB000740F3FF4E9AEBAF17A0F3FF4E5AE07E73E
:10CDC000200648BF44F4007444F08004DCE6E30528
:10CDD00048BF44F4007444F48074D5E65E4634469B
:10CDE000BB463746D0E6002B08BF0626BBF1650FD1
:10CDF0000DD1721CD2B244F480541346112A4FF064
:10CE0000000228BF112394464FF0650B07E0BBF1E9
:10CE1000660F10D144F40054B44601221123CDE929
:10CE2000002C0CAA00F01AFBC3B203930223DDF816
:10CE300030A0049314E716F0FF02DED194464FF0C1
:10CE4000650B0123EBE702231BE72D2226E72B22AC
:10CE500024E7069BC01A4146C0B2C8470028BFF667
:10CE60004BAF66E614F4405F40F08F80039B703355
:10CE7000002E6B4408BF01263B3B039919B113F800
:10CE8000011D302973D014F0100F039B18BF3346D7
:10CE90001AF1040F70DBB2456EDA534544F40054C6
:10CEA00076DD0AF101069E1B2AEAEA73013302B11C
:10CEB0000133002E72D0711C0B449F42CCBFFF1A6D
:10CEC000002714F0090F03D12F44BD426AD1002777
:10CED0003AB141461046C847002805F10105FFF662
:10CEE00028AE230511D541463020C8470028FFF65B
:10CEF00020AE069BC3F17800414600F0F800C84719
:10CF0000002805F10205FFF614AE200703D42F44D4
:10CF1000BD4251D10027A1046CD52AEAEA73AAEBDD
:10CF2000030A7642039A92453CBF0CAA524403F18D
:10CF3000FF3334BF507930209E4205F1010B43DCB2
:10CF400041460493C8470028049B0AF1010AFFF6F2
:10CF5000F0AD5A1C09D141462E200493C847002841
:10CF6000FFF6E7AD049B05F1020B5D46DAE7039996
:10CF70000139C9B2039180E75E1E14F4006F049971
:10CF800014BF052303230B4491E7A0048CD4F4E7DA
:10CF9000002689E7374D01005B380100E10648BFF4
:10CFA00001338AE7414620200992C8470028099AA0
:10CFB00005F1010589DABCE541463020C847002863
:10CFC00005F10105A4DAB4E541460393C8470028FA
:10CFD000FFF6AFADE6060AD5039B013307D105F195
:10CFE000020B41462E20C8470028FFF6A2AD5D4641
:10CFF0005F441BE29DF835004146C8470028FFF614
:10D0000098AD002E62DD41462E20C8470028FFF66D
:10D0100090AD01240CAA03990994A142CABFA1189A
:10D02000302048794146C8470028FFF682AD0134D8
:10D03000A642099B0CAAEEDAAC1C1C44069BABEB87
:10D0400003004146C0B2C8470028FFF672ADBAF1EE
:10D05000000FB4BF2D202B204146B8BFCAF1000AF3
:10D06000C8470028FFF665AD049B042B3AD14FF466
:10D070007A76BAFBF6F505F130004146C0B2C847F2
:10D08000002804F10304FFF654AD06FB15AA64263C
:10D09000BAFBF6F505F130004146C0B2C84700289A
:10D0A00004F10104FFF645AD06FB15AA0A26BAFBFA
:10D0B000F6F505F130004146C0B2C847002804F13A
:10D0C0000104FFF636AD06FB15AA13E0E40601D411
:10D0D0006C1CB3E741462E20C847002805F1020426
:10D0E000ACDA26E5049B032B04F10204CFD0049BA9
:10D0F000012BDBD10AF1300004F1010B4146C0B233
:10D1000071E7AAF16303122B00F2E580DFE813F068
:10D1100013005400E300E300E300E3005400E300E5
:10D12000E300E300E300E300FD00DD00E300E300D3
:10D130002900E300AB000B9B1A1D0B921B688DF8B6
:10D14000303001260DF1300A20072CD50AEB060BF2
:10D1500054465C4529D1A5EB0A0A04EB0A0BBF1B18
:10D1600045E70B9B1A1D0B92D3F800A0AA4BBAF10E
:10D17000000F08BF9A4614F0400F14BF31464FF01D
:10D18000FF31504603F0BCFF0646DDE74146202054
:10D19000C8470028FFF6CDAC013CA642F6D32F4489
:10D1A0003D1B2746D2E73C46F7E714F8010B414602
:10D1B000C8470028CDDABCE421060B9B32D5A20576
:10D1C0002BD5073323F0070303F108020B92D3E9B1
:10D1D000000124F0100B00291FFA8BFB32DA4042C9
:10D1E00061EB41014BF4806B0CAC0A23224604F046
:10D1F00079F81BF0400FA0EB040200F09F802BF0A9
:10D20000010396429BB240F3A280BAF1000F40F0B6
:10D21000A0802BF011039BB21FE01A1D0B9218681F
:10D22000C117D6E71A1D0B92E005196801D408460C
:10D23000F6E7A2054BBF48B208B241F3C01141F373
:10D24000C031C6E750EA0103CED16306CCD5002E2B
:10D25000CAD124F01104A3B23246344640F206414A
:10D260000B4272D126E024F01004A4B20A2314F079
:10D27000800C0B9A4FD014F400711DBF073222F0BE
:10D28000070202F10801101D15BF0B910B90D2E9A6
:10D290000001106850EA01024AD124F0160B620620
:10D2A0001FFA8BFB48D5002E46D124F01704A3B2F9
:10D2B00032463446190762D4D90704D5A74275DD32
:10D2C0003C1BA6183C46A34653E044F01004102330
:10D2D0004FF0780ACBE7BBF1780F04D1CAF178039D
:10D2E00043F01003C3E7BBF1620F12D04146252083
:10D2F000C8470028FFF61DAC41465046C8470028E5
:10D30000FFF617AC0235059B06E408234FF0000A30
:10D31000ADE70223ABE7111D0B9114F48071106887
:10D32000B8D014F400711ABFC0B2614680B2B1E740
:10D3300024F006041FFA84FB0CAC57E714465B4646
:10D34000D9068BD5BAF1000F05D10134B2E71446E6
:10D35000F6E73446F4E70234ACE741462020CDE955
:10D360000332C8470028FFF6E4ABDDE903320BF1D6
:10D37000010B5F45F1DC2C1B04EB0B055C46D90669
:10D3800016D5414630200392C8470028FFF6D1AB9E
:10D39000039ABAF1000F32D0023541465046C847D1
:10D3A0000028039AFFF6C5AB2E441DE016468AE717
:10D3B00040F206410B42F7D013F0020F14BF2B20AE
:10D3C000202013F4806F039205F10105414618BF38
:10D3D0002D20E4E7414630200392C8470028039AF5
:10D3E00005F10105FFF6A5AB731B9A42F2DB164669
:10D3F0000DF1300A2EB902EB050B3F1BF7E50135A5
:10D40000D2E7013E41461AF806000392C8470028B9
:10D41000039AEFDAFFF78DBB3B4D01004146202018
:10D42000C847002805F10105FFF683AB7B1B002BE5
:10D43000F4DC68E71FB502AB0093074A4FF0CC332A
:10D4400004F02FF8DDE90201C00840EA4170C90884
:10D4500005B05DF804FB00BFCDCCCCCC2DE9F04F7E
:10D460009BB00F0D0A939DF8903005920C93C1F379
:10D470000A52C1F31303C90F044607917AB950EA5F
:10D4800003017CD1059930234B71079B0A6043F05F
:10D4900002030B71012630461BB0BDE8F08F40F24D
:10D4A000FF718A420AD10343079B059A14BF43F0D8
:10D4B000080343F0040313710026ECE7A2F2354A97
:10D4C00043F48015234301BF27F001077F057F0D3B
:10D4D000B7FA87F704F001024FEA85080CBF7F090D
:10D4E0000127BAF1000F089248EA94784FEA8406BF
:10D4F000C0F2B680504600F0EDF9BAF1030FC8BF94
:10D500000138049000F0F2F9049B7C30A3EB0A0A86
:10D51000824416A9184600F07DFA12AB019310ABB5
:10D520000093204653462946029716AA03F001FFAE
:10D53000049B152B04460D4600F28E8014ABA94ABD
:10D54000009330464FF0CC334146DDE9109A03F0AA
:10D55000A8FF149B159A9B0843EA827303EB83038D
:10D56000B34210D14146304600F0C8F9049B8342D3
:10D570008CBF4FF000084FF00108002715E0DFF8DE
:10D5800068A21D469EE7089B002B55D1013E48F13D
:10D59000FF31F01B61F1000100F0B0F9049BDDF8F0
:10D5A000208083428CBF002701270C9B002B40F07A
:10D5B000C880DDF828900026069609964FF00A0BE1
:10D5C000DDE91001FFF736FFDDE912A3CDE90D011A
:10D5D000194650460F93FFF72DFF0A460D990B9001
:10D5E00003468B420E9B72EB03010F9B80F0C480BD
:10D5F000204629460F92FFF71DFF0B9B0F9A1392AF
:10D600000BFB03F50D9B10930E9B11930B9B129339
:10D61000069B002E14BF4FF0000808F001080133EC
:10D620000BFB1046554514BF002707F00107F6B263
:10D63000069304460D46C3E7B01C48F1000100F014
:10D640005DF9049B83428CBF00200120B9EB0000F0
:10D650006AF10002CDE910024FF000084746A4E746
:10D66000CAF1000B584600F03BF9BAF1FF3F0CBF7E
:10D670008146A0F10109ABEB090B0AEB09035846FF
:10D68000049300F033F916A9A0F17D0A584600F082
:10D690004DF912AB0193A9EB0A0A10AB0093204697
:10D6A00029460297534616AA03F043FEB9F1010F2B
:10D6B00004460D460ED8089B13B94FF0010874E7D5
:10D6C000109B119A013B42F1FF32CDE910324FF02D
:10D6D000010852E7B9F13E0FBED84FF0FF33A9F170
:10D6E000200003FA09F203FA00F0C9F1200123FA3D
:10D6F00001F102430A4303FA09F328EA020826EA81
:10D70000030656EA08060CBF4FF001084FF0000868
:10D7100033E700FB02F6A1FB0012013332448C42D6
:10D7200075EB0206F5D2049ADDF828901344259A89
:10D730001344D20F9342B8BF13469945A8BF9946E8
:10D7400039E70A21002201230846E8E70BFB01FE26
:10D75000A0FB0B010CF1010C7144844275EB010E2E
:10D76000F4D2CC450DDDB9F1000F02D154EA050128
:10D7700007D0012309933BE70A2000214FF0010C59
:10D78000EBE7002F32D04FF00A0B50461946FFF757
:10D7900051FE0BFB00F252450B910E9026D1DDE9B4
:10D7A0001001FFF747FE8A460D9029462046FFF7F5
:10D7B00041FE0D9A0E9B1293CDE9102A0B9A1392FB
:10D7C000069A002E14BF4FF0000808F0010801323D
:10D7D0000BFB10469A46F6B20B9B069204460D468A
:10D7E000D3E700BFCDCCCCCCCCFBFFFFB8F1000F12
:10D7F00005D0052E03D104F001060436F6B2069BCF
:10D80000DDF810809844099B53B9DDE912239D424D
:10D8100008BF944204D1089B002B47D1002F45D06C
:10D82000042E94BF0026012630194FF00A0245F15C
:10D830000001002301271446904271EB030537D203
:10D84000EEB1B9451BDA0C9B6BB1259ADDF8289037
:10D8500008EB07031344012BB8BF01239945A8BF68
:10D8600099464F450BDD05304FF00A024FF000039B
:10D8700041F10001F3F724F908F10108013F4F4598
:10D88000A8BF4F463EB20FFA88F8059B08FA87F703
:10D8900006F10508013F98444FF00009B1450EDB41
:10D8A000059B1A461F60079B1371F4E50126BBE731
:10D8B00004FB03F5A2FB042301372B44BCE70A2237
:10D8C0000023F3F7FDF8303208F8012D09F10109C2
:10D8D000E4E700BF014B5843800C7047413401001E
:10D8E000014B5843000D7047FB2E0B00024B584371
:10D8F000C00C0130704700BF4F9312000A4A70B548
:10D9000003464FF0CC3600204FF0333506FB03F4CE
:10D9100002FB0144A3FB023121449D4275EB01044B
:10D9200001D30130F2E770BDCDCCCCCC2DE9F04F66
:10D930001A23354EB0FBF3FA03FB1A0389B00446F1
:10D940000D4606EB0A1653B9D6E90023C1E90023B8
:10D95000D6E90201C5E9020109B0BDE8F08F2B4A02
:10D9600002EBC303D3E9008904AB0093D6E9022399
:10D970004046494603F095FD06AB0093D6E90023E7
:10D9800083460F464046494603F08BFDDDE90662BB
:10D9900016EB0B0652EB07084FF0000328BF0123DC
:10D9A000814633B1049B059A013342F10002CDE96F
:10D9B000043220460391FFF799FF07461A2000FB27
:10D9C0000AF0FFF793FF3F1A324643460399009748
:10D9D000484603F07DFD4FEA141C0D4A640004F034
:10D9E0001E0352F82C40DC4004F00304241841F1DB
:10D9F0000001C5E90041DDE90423009730464146B6
:10DA000003F066FDA6E700BF281B0100581A0100BD
:10DA1000602701002DE9F04F1A27DFF8E4A000F19C
:10DA20001905B5FBF7F56F433A1A4FEA051B89B0A4
:10DA300004460E460AEB05150AD1D5E90023C1E9D3
:10DA40000023D5E90201C6E9020109B0BDE8F08F63
:10DA50002C4B03EBC203D3E9008904AB0093D5E957
:10DA600002234046494603F01CFD5AF80B206B6820
:10DA7000013ACDE9020106A963F100030091404695
:10DA8000494603F00EFDDDE906528A4602996D18FB
:10DA9000039952EB01084FF0000328BF0123814690
:10DAA00033B1049B059A013342F10002CDE90432FF
:10DAB0003846FFF71BFF07462046FFF717FF3F1AC0
:10DAC0002A46434600974846514603F001FD4FEA77
:10DAD000141C0D4A640004F01E0352F82C40DC4074
:10DAE00004F003040134241841F10001C6E90041A7
:10DAF000DDE9042300972846414603F0E9FCA2E74C
:10DB0000F81B0100581A0100B42701002DE9F04765
:10DB1000089D0F4604468C46002B48D18A42164683
:10DB200061D9B2FA82F34BB1C3F1200201FA03FCCE
:10DB300020FA02F29E4042EA0C0C9C404FEA164E3C
:10DB4000B7B2BCFBFEF1220C0EFB11CC42EA0C4238
:10DB500001FB07F0904209D9B21801F1FF3C80F0B7
:10DB6000EE80904240F2EB8002393244121AA4B2A5
:10DB7000B2FBFEF00EFB102244EA024400FB07F762
:10DB8000A74209D9341900F1FF3280F0DA80A742A8
:10DB900040F2D7803444023840EA0140E41B0021BF
:10DBA0001DB1DC400023C5E90043BDE8F0878B428E
:10DBB00006D90DB1C5E9000100210846BDE8F0878E
:10DBC000B3FA83F1002948D1BB4202D3824200F26A
:10DBD0000781841A67EB030201209446002DE4D0EC
:10DBE000C5E9004CE1E7002A00F09280B2FA82F326
:10DBF000002B40F0A8808A1A4FEA164E1FFA86FCC6
:10DC00000121200CB2FBFEF70EFB172240EA024274
:10DC10000CFB07F0904207D9B21807F1FF3802D287
:10DC2000904200F2E2804746121AA4B2B2FBFEF024
:10DC30000EFB102244EA02440CFB00FCA44507D969
:10DC4000341900F1FF3202D2A44500F2CB80104615
:10DC5000A4EB0C0440EA0740A2E7C1F120068B4088
:10DC600022FA06FC4CEA030C07FA01F420FA06F348
:10DC7000F7404FEA1C49234300FA01F81FFA8CFED3
:10DC8000B7FBF9F01C0C09FB107744EA074400FBD2
:10DC90000EF7A74202FA01F20AD91CEB040400F1C4
:10DCA000FF3A80F09B80A74240F29880023864449B
:10DCB000E41B9FB2B4FBF9F309FB134447EA0444A5
:10DCC00003FB0EFEA64509D91CEB040403F1FF3744
:10DCD00080F08280A6457FD9023B644443EA00403D
:10DCE000A4EB0E04A0FB02E7BC427346B94663D323
:10DCF00060D05DB1B8EB030264EB090404FA06F6E8
:10DD000022FA01F31E43CC40C5E9006400214CE730
:10DD10006208480842EAC1710B0C43EA00438AB228
:10DD200042EA0342B3FBF6F1E407B4463746B6468F
:10DD30001F23B0FBF6F0D21B41EA004161E76146C8
:10DD400014E7104628E7C3F1200120FA01F29E40B3
:10DD500027FA01F19F403A434FEA164E1FFA86FC1C
:10DD6000B1FBFEF70EFB1710110C41EA004107FB57
:10DD70000CF8884504FA03F43AD9711807F1FF301A
:10DD800001D288451FD8A1EB0801B1FBFEF808FBC2
:10DD90000CF70EFB181192B242EA0142BA422FD29E
:10DDA000B21808F1FF31C6D2BA42C4D2A8F10201BA
:10DDB0003244C0E7F0459CD2BEEB020367EB0C0790
:10DDC0000138B94695E7A6EB08084144B81EB1FBF7
:10DDD000FEF808FB0CF7DCE73B467FE7504667E7B9
:10DDE0000846FBE63444023832E7023F32441BE780
:10DDF000A1EB08013846B1FBFEF808FB0CF7C8E7B9
:10DE0000414698E77047C0B94FF08043D3F880256A
:10DE1000D2070DD44FF08052D2F83011082906D124
:10DE2000D2F83421022A04BF0122C3F83826012087
:10DE30004FF08043C3F880057047012809D14FF0A7
:10DE40008042D2F8783503F0010383F00103C2F871
:10DE500078357047836800EBC101B3F5004F2CBFE4
:10DE600051F8220031F81200704700EBC1018068C0
:10DE7000B0F5004F2CBF41F8223021F81230704726
:10DE800008B50122FFF7E6FFD04008BD8368B3F56F
:10DE9000004F00EBC10108D34B681AB143F00103F6
:10DEA0004B60704723F00103FAE74B881AB143F047
:10DEB00001034B80704723F00103FAE7530001226E
:10DEC000FFF7D3BFB0F5004F28BF0139B1FA81F198
:10DED000C1F11F0070472DE9F0410D4686680446E8
:10DEE000FFF7CEFFB6F5004F014601D3012832D02F
:10DEF0003046FFF7E7FF04EB80010E6996B9E3684F
:10DF0000012282401343E36002220D612B46294621
:10DF10002046FFF7AAFF032229462046BDE8F0412C
:10DF2000FFF7A3BF022231462046FFF793FF2946A1
:10DF3000034607462046FFF798FF0322334629464B
:10DF40002046FFF792FF39462B462046FFF78DFF0C
:10DF500002223146E1E7BDE8F081B2F5802F34BFFF
:10DF600004230823D21A2DE9F0418C18CD1D25F089
:10DF7000070524F00704641B0026E4080560214619
:10DF8000AC60EE602046FFF79DFF820002F11B07A8
:10DF9000FF083146043205F1100003F063F83A46F9
:10DFA00031462846FFF78AFF334632463146284637
:10DFB000FFF75BFFA4EB0708284631460122FFF775
:10DFC00065FF42463946FFF779FF3B463246394600
:10DFD0002846FFF74AFF21462846FFF76FFF4346D2
:10DFE000324621462846FFF740FF214628460122B7
:10DFF000FFF74CFF3946BDE8F041FFF76CBF2DE954
:10E00000F04706460D46174698462BB398F8004051
:10E0100093F80190DB78A40004EB430498F80230F5
:10E020001C4444444FF0000ACA4509D3D8F80420E0
:10E0300008F1080339463046AC46BDE8F047604772
:10E0400014F8013B48F823402046F2F765FD013003
:10E0500004440AF1010AE7E76FF01500BDE8F08714
:10E0600030B502460024002012F8013B43B178B1DC
:10E070008C4207D1702B04D0A3F140053A2D07D86C
:10E08000002030BDA3F140053A2D01D80134EAE764
:10E09000252B08BF80F00100E6E7002070470FB491
:10E0A00007B504A951F8040B019100F010FC03B06E
:10E0B0005DF804EB04B07047044608B50846114605
:10E0C0001A46A047FBF7F8FAF7F706FD10B5036903
:10E0D000024613F0080009D11368D4689C4297BF28
:10E0E000126AE31AD31A01200B6010BD00231846F0
:10E0F000FAE713B501A90446FFF7E8FF20B1019B39
:10E10000E268013B13440193206A019BC01A013865
:10E1100002B010BD10B5044650182269236AD20718
:10E1200002D5013B184010BD984228BFC01AFAE73B
:10E1300010B504460A46C168FFF7ECFF2369E060AA
:10E1400023F00803236110BD38B50D46C2698B006A
:10E15000016843F0020342F82130044601682A4670
:10E16000FFF7D8FFE36861682060984202BF236927
:10E1700043F0080323612A462046FFF7CBFF606087
:10E1800038BD2DE9F74FC768C669994606EB870386
:10E19000019316F8273003F00303022B08BF56F84B
:10E1A000273090464FF000020CBFC3F39D0A924601
:10E1B000C8F8002004468B46C9F80020BAF1000FC9
:10E1C00006D05146FFF7B4FFE368A360012003E0E7
:10E1D0000269900703D4002003B0BDE8F08FA26964
:10E1E00006EB8700904716F82720D1070546F2D5A1
:10E1F00093071DD5BBF1000F03D059462046FFF70A
:10E20000A3FF61682A462046FFF784FFD4E9021382
:10E210008B42606005D12A462046FFF77BFF01460E
:10E22000A0602369216043F00803E1602361CDE72A
:10E2300001462046FFF77CFFE268A260BBF1000FB9
:10E2400003D02168E26942F821A005EB0B02C9F86E
:10E25000002021682046FFF75DFF2369206043F01E
:10E260000803236116F8273023F0010306F827304E
:10E27000019BC8F80030A9E770B504461546FFF7C2
:10E2800049FF2368834205D12369216023F00803F5
:10E29000236170BDE269AB0043F0020342F8213014
:10E2A000204661682A46FFF735FF6060F1E738B520
:10E2B00003695B07044606D5456AFFF71AFF8542E6
:10E2C0002CBF6562606238BD38B50D4604461C221D
:10E2D000002102F0C7FEEB68A361AB6863612B68A5
:10E2E000E3616B682362002262622A6923B1591ECE
:10E2F000194208BF42F001022261012204F1280004
:10E300000021BDE8384002F053BB2DE9F04F98469C
:10E31000036A87B000258B4204460E469346039558
:10E320000595AA4638D3EFF31189202383F3128889
:10E33000BFF36F8F059A2AB129462046FFF79CFF4D
:10E340000023059304A92046FFF7C0FE0499B142BB
:10E3500007462AD32268E36913F8221021F003014B
:10E3600003F8221003EB820A216832462046FFF7A9
:10E37000D1FEE3682060984212D0002789F311880B
:10E38000BFF36F8F039929B162690AB120469047A4
:10E3900000230393002FC6D1504607B0BDE8F08F8D
:10E3A000236943F008032361E7E718B12046FFF72C
:10E3B000CBFEE3E75BEA08031CD0019102F05AFBB5
:10E3C0000199B8B9B9F1000F14D189F31188BFF3DD
:10E3D0006F8F5A46434604F12800FAF791FCEFF399
:10E3E0001189202383F31288BFF36F8FB0FA80F76F
:10E3F0007F09C3E705AB03AA20462568FFF7C1FEE6
:10E400000746BBE770B50446836908460D46984742
:10E410000246EFF31186202383F31288BFF36F8F38
:10E420002B7843F001032B7061682046FFF772FEE2
:10E4300060602046FFF73BFF86F31188BFF36F8FC4
:10E4400070BD2DE9F04104462026EFF3118586F3D7
:10E450001288BFF36F8F2369A268190702D463681B
:10E46000934200D2236A9B1A002B37D0E06910F840
:10E47000221011F0030300EB82082FD0022B03D1EE
:10E4800050F82270BF0805D1CB0717D4A3694046C6
:10E4900098470746A1683A462046FFF73BFE3946B3
:10E4A000A0602046FFF744FE012385F31188BFF3E7
:10E4B0006F8F002BC9D14046BDE8F08141F00201C9
:10E4C00000F822104046A369A768984739460246DB
:10E4D0002046FFF71FFE0023A060E6E79846E4E72A
:10E4E000F8B50446836908460D4698470646EFF39B
:10E4F0001187202383F31288BFF36F8F2B7823F0CB
:10E5000001032B7023699B0705D5E268E36903EBE0
:10E5100082039D421AD12B7823F002032B70D4E999
:10E520000231994204D132462046FFF7F3FDA06044
:10E5300031462046FFF7FCFD87F31188BFF36F8F4C
:10E5400004F12800BDE8F840FAF7A6BB2B6860F399
:10E550009F032B60F0E7EFF31181202383F31288F0
:10E56000BFF36F8F02698368120702D442689A4230
:10E5700000D2026AD31A81F31188BFF36F8F181E7D
:10E5800018BF01207047038B13F0070306D10368FF
:10E59000002B18BF032008BF00207047022B05D1B5
:10E5A000408BB0FA80F0400980007047012B04D105
:10E5B0000368002B18BF0520EDE70020704710B559
:10E5C0000C4600B111B96FF0150010BD081D00F028
:10E5D00087F80028F9D1A368032BF6D9F3E72DE9D2
:10E5E000F0410D4607461946281D90461E4600F08C
:10E5F0008BF8044638B13346424629463846A4468D
:10E60000BDE8F0416047BDE8F08110B4EFF311823E
:10E61000202484F31288BFF36F8F416110BC012165
:10E62000F4F71AB838B50C46054658B151B10B6825
:10E6300043B14B6833B11C22002102F013FD2C6161
:10E64000002038BD6FF01500FBE7F8B504460E4614
:10E65000FFF7B5FF051E3BDBEFF31182202383F3A9
:10E660001288BFF36F8F638B278B4FF6FF718B423E
:10E6700007F007072ED0062F2FD8DFE807F0182E57
:10E68000082E180418006FF08505002303E00133FD
:10E6900063830225012382F31188BFF36F8FBBB11F
:10E6A00000233A4631462046FFF799FF10E0002349
:10E6B0003360636823B9C4E9006627B13D46E4E7E7
:10E6C0001E606660F9E702212046F3F7C5FF3D466C
:10E6D0002846F8BD6FF00A05D7E76FF00405D4E7C8
:10E6E000034640B1426802F00302022A06D0032A20
:10E6F00004D0012A05D06FF0150070471A68002A6F
:10E70000F9D000209860704710B54268816002F02F
:10E710000302022A03460AD0032A0BD10468002010
:10E7200000225A6008B1FBF769FB204610BD006863
:10E730000024F5E700242046F2E7F0B5C6684568F6
:10E74000C369AF1B04464069BB4298BFFF1AA5EBE3
:10E750000000944698BFF6181A1AD81B2368AD1B00
:10E7600062452B4428BF62460B606368904228BF15
:10E77000104603446360F0BDD0E90123D21A8A42F7
:10E780000CD31944C368C269C0E90111C91A8A428D
:10E7900001D9002070471344C360FAE76FF01500F9
:10E7A00070472DE9F34180460E46154600272A465C
:10E7B00001A94046FFF7C1FF3146044602460198D1
:10E7C00002F029FC2D1B2744264401D0002CEED159
:10E7D00039464046FFF7D0FF384602B0BDE8F08129
:10E7E000F0B5044686690569C069A368AF1BB842E5
:10E7F000944698BF3618A3EB05022368A5EB0605DF
:10E8000098BF3F1A2B446245A0EB070028BF624621
:10E810000B602369904228BF104603442361F0BD7A
:10E82000D0E90423D21A8A420CD31944D0E9063223
:10E83000C0E90411C91A8A4201D900207047134463
:10E840008361FAE76FF0150070472DE9F3418046C8
:10E850000D4616460027324601A94046FFF7C0FF85
:10E8600004462DB102460199284602F0D4FB254406
:10E87000361B274401D0002CEDD139464046FFF726
:10E88000CFFF384602B0BDE8F081704703785B07E0
:10E890005FBF03684288C3F34A2303EB12105DBFD6
:10E8A000173020F0070080080020704700207047D4
:10E8B00001F09FBE0346BFF35B8F53E8000F421C7D
:10E8C00043E800210029F8D1BFF35B8F70471FB5E3
:10E8D0000023CDE90201CDE900331A461946184656
:10E8E000F4F7C2FB05B05DF804FB0120F4F776B83D
:10E8F0000020704718B140680079F4F77BBA4FF0F8
:10E90000FF30FAE710B543685B79044613B1002184
:10E91000F4F7CEFA636800225A7110BD70B5D2E9DF
:10E9200001369B1B8B420C4615460AD313680A46D8
:10E930000146981902F06FFBAB682344AB60204698
:10E9400070BD6FF01B00FBE770B50E46154619460B
:10E95000044618B9BDE87040F4F740B833B1C2F3CB
:10E960004A231030120D184402F055FBC4E900563A
:10E970002046BDE87040F4F7E7B92DE9F3415F1C8C
:10E980004FEA8708064608F1170020F007008008C4
:10E990000C461546F4F798F80023ADF805308DF8CD
:10E9A00007308DF8047068B10346019A43F8102FC0
:10E9B000A8F104012A46294452F8045B43F8045F95
:10E9C0008A42F9D1A20102F4E07242EA482222F01E
:10E9D0007F4222F47002002322F03F02314602B04F
:10E9E000BDE8F041FFF7B0BF07B50123019201AACE
:10E9F000FFF7C3FF03B05DF804FB07B5CDE90023C3
:10EA000002236A46FFF7B9FF03B05DF804FBF8B5CF
:10EA100006460D4614461F4604B9F8BD2146284651
:10EA20003A46B047241A0544F6E710B542688168B3
:10EA30000446D2E900230068FFF7E9FF636800227B
:10EA40001A6010BD38B54B681A68CB689A42054603
:10EA50000C4602D10846FFF7E8FF6368BFF35B8FFF
:10EA600053E8002F511C43E800100028F8D1BFF3F1
:10EA70005B8FA3689D54002038BD0A2838B5044632
:10EA80000D4602D10D20FFF7DDFF29462046FFF796
:10EA9000D9FF002038BD2DE9F043054687B0084670
:10EAA0000E8891F80090D1F808800C461746F4F7CC
:10EAB00035FB011EC6F38216C9F3C2091EDB4846A8
:10EAC000F4F754F903462146608851F8102B01965B
:10EAD000C2F34A22002A01EB0204C0F30B1008BF64
:10EAE00000210022CDE90407CDE90214009241463D
:10EAF0002846F4F73FFB07B0BDE8F0830023E2E7C8
:10EB000003785B075FBF03684288C3F34A2303EBC4
:10EB100012105DBF173020F00700800800207047FA
:10EB200083689B6903B11847704708B54368197338
:10EB300011B11868FFF7F4FF002008BD10B5406858
:10EB400030301C46FFF781FE2060002010BD10B55C
:10EB50004068046800F58B6002F0C7F82046FFF7B4
:10EB6000DFFFA3685B6A0BB120469847002010BD09
:10EB70002DE9F04145681E462B7B0C46174693B1A4
:10EB800001EB0208A04507D13760D5E9013101202A
:10EB900098470020BDE8F081286814F8011B8368BD
:10EBA0005B689847EEE705F11000FFF7FAFD05F501
:10EBB000926330600121BFF35B8F53E8002F43E87D
:10EBC00000100028F9D1BFF35B8F002AE1D128683B
:10EBD00083685B69002BDCD09847DAE78268002302
:10EBE00082F856308268A2F852308268A2F850301B
:10EBF000704710B50346BFF35B8F53E8000F40EA40
:10EC0000010243E80024002CF7D1BFF35B8F10BD55
:10EC100010B50346BFF35B8F53E8000F00EA010213
:10EC200043E80024002CF7D1BFF35B8F10BDF9F748
:10EC30006DBF73B50901856801F51F71044616465D
:10EC40000D4401AA6946284602F09EF9009B23B1B3
:10EC5000284602F096F92046B04702B070BD08B5CC
:10EC600010B1F1F759FF80B208BD8B6820B903F5E8
:10EC70001F700021FBF7C2B803F52B70F9E738B518
:10EC80008368D3F87832DB0704461BD4C06900F0F0
:10EC900095FE606803685B689847054620B9E068A0
:10ECA00000F0F0FFA3681D75A3685B6C13B12946E3
:10ECB00020469847A3680022C3F82023FAF7FCFCFB
:10ECC000F6F70AFF6FF00F05EEE700F51E7019B1B9
:10ECD0004FF40061FFF78DBF6FF40061FFF798BF3D
:10ECE00000F51E7011B10421FFF783BF6FF004011E
:10ECF000FFF78EBFF7B504468068D0F878325B071F
:10ED00000D4605D50021FFF7EBFFE06800F08CFF12
:10ED1000E368DB6863B98DB3A66806F15607384629
:10ED2000FFF79DFF60B3394606F5AB70F1F7ECFED7
:10ED3000A268E0680DF106035632294600F077FF1D
:10ED400058B9A06800F5AB715630F1F7DDFEA06848
:10ED50005630FFF784FFADF80600204600F02FFC88
:10ED60002046F5F763FFA268BDF80630A2F85230DE
:10ED7000A2682046A2F8503000F0A0FB03B0F0BD1E
:10ED800086F85601D4E708B500F51D7029B10121B8
:10ED9000FFF72FFF00F0010008BD6FF00101FFF742
:10EDA00037FFF7E7F9F728BF73B500230446009350
:10EDB000204600F035FCE06900F043FE05462046A1
:10EDC000A668F6F72BF8A368B3F8503006F51F765F
:10EDD00023B14FF4F670002101F0FFFE01AA69464D
:10EDE000304602F0D1F815B1009B002BE0D002B004
:10EDF00070BD10B583681A7D012A044625D1D3F869
:10EE00007822510408D5D3F87422520704D401465D
:10EE1000DA6CC06900F0BBFDA0684FF0FF324FF024
:10EE2000FF3300F54370FFF702FF6069F5F78EF8D6
:10EE30002046F5F7F1F9204600F0C1FCA06800F586
:10EE40004370FFF7AFFF002010BD6FF08500FBE7B8
:10EE5000F8B5044680681F46037D022B0D46164612
:10EE600007D0BDE8F8404FF4805100F51E70FFF761
:10EE7000C0BE4FF0FF324FF0FF3300F54370FFF795
:10EE8000D6FEA368D3F87822100508D49A6C32B95C
:10EE9000D3F87432990602D5204600F0C1FB3B46F8
:10EEA00032462946204600F009FCA368D3F87822B0
:10EEB000120508D49A6C32B9D3F874329B0602D585
:10EEC0002046F5F7ABFF606900F099F8A068BDE84F
:10EED000F84000F54370FFF765BF0CB407B504AB0D
:10EEE00053F8042B0193FFF7B3FF03B05DF804EB75
:10EEF00002B070470EB403B503AB082153F8042BDE
:10EF00000193FFF7A5FF02B05DF804EB03B0704773
:10EF10000EB403B503AB012153F8042B0193FFF7A3
:10EF200097FF02B05DF804EB03B070472DE9F041A4
:10EF300007460E4614460D460CB9BDE8F081102C6C
:10EF4000A04628BF4FF010082A46A91B4346384662
:10EF5000F5F74CFDA4EB08044544EDE7F8B505468C
:10EF60000F46D1B10846FFF77AFE0646A8684FF46F
:10EF70002472002300F54370FFF759FE044618B1D0
:10EF80006FF00F042046F8BD731C142BA86800D83E
:10EF900036B900F54370FFF705FF6FF01504F1E790
:10EFA0003946F1F7B1FDAB6883F83C60A86800F51D
:10EFB0004370FFF7F7FEE5E710B5044680684FF0B1
:10EFC000FF324FF0FF3300F54370FFF730FE20466D
:10EFD000F4F79EFFA068BDE8104000F54370FFF70E
:10EFE000E1BE18B18368D3F8240370476FF01500B1
:10EFF00070478368996409B9FFF7F0BD704710B591
:10F0000002698368126801680446C06898472369EA
:10F0100000221A6010BD38B5CB681B7C022B054658
:10F020000C4604D10A2802D10D20FFF7F4FF236912
:10F0300022681B68D5542269136801331360236961
:10F040001A6863689A4202D12046FFF7D8FF002071
:10F0500038BD08B510B1F1F75FFD80B208BD10B53D
:10F06000047B438922442144B2FBF3F003FB1022CA
:10F07000B1FBF3F003FB1010101A10BD10B5047BA8
:10F08000438921441019B1FBF3F1B0FBF3F0401AAE
:10F0900010BD30B5057B43892944B1FBF3F403FB74
:10F0A000141101312A4401340180B2FBF3F103FB56
:10F0B0001122848001324C1CC480428030BD2DE975
:10F0C000F74F002607468846144699460660B24622
:10F0D0002378002B00F09F80202B23D0093B042BAA
:10F0E00020D93B685A1C3A6048F823403B684B459E
:10F0F00000F0918000262578002DE9D0002E7BD1EC
:10F10000272D03D05C2D10D0222D6BD12046FFF788
:10F11000A0FF611C0246204601F08BFF2E46A3464D
:10F120005C46E8E704F801ABD2E704F1010B2046A6
:10F13000FFF78FFF59460246204601F07AFFEFE7BE
:10F140005C2D56D162789642F1D0302A21D102232B
:10F150000025E25CA2F13001C9B2072916D8ED0002
:10F160000133EDB2052B45EA0105F2D1591E2144C8
:10F17000204601930091FFF76CFF019B0099023B31
:10F18000C21A204601F055FF2570C9E7DBB2022BF9
:10F19000ECD1782A2DD102210025635CA3F1300245
:10F1A000D2B2092A08D82D01EDB215434B1C042B0D
:10F1B0004FF00301DAD0F0E7A3F16102052A05D888
:10F1C0002D01EDB2573B1D43EDB2EFE7A3F1410234
:10F1D000052A03D82D01EDB2373BF4E7022908D008
:10F1E0000323C3E7202D3FF473AF093D042D7FF6C1
:10F1F0006FAF04F1010B93E7B54204F1010B9FD10E
:10F200002046FFF726FF59460246204601F011FF2F
:10F21000A346002684E7304603B0BDE8F08FF8B57A
:10F220000E4611460746154601F076FF0446E0B14A
:10F230002846FFF70EFFA742054607D214F8013C07
:10F24000202B02BF0135ADB204F1FF342046FFF799
:10F2500000FF3388421C5B1B521B33806119204620
:10F2600092B2BDE8F84001F0E4BEF8BD2DE9F041EE
:10F270000F4686B01646044670B1034601AC00F155
:10F28000100518685968224603C20833AB42144679
:10F29000F7D11868106001AC4FF0000841463246C3
:10F2A0002046F5F783FC08F10108054628B12968D6
:10F2B0003846F1F71FFC0028F0D1284606B0BDE81B
:10F2C000F0812DE9F0471C46DDF820809DF8249060
:10F2D00000230F46164623602368BB4205461BD217
:10F2E00056F8230000F047FD2368824618B1013329
:10F2F00023602846F0E756F8231042462846FFF7D9
:10F30000B5FF48B123685A1C2260B9F1000FE3D061
:10F310008045E1D1236055462846BDE8F08770B5A9
:10F320000546FFF796FE044628B12B460026621ECE
:10F33000591B8A4200DC70BD13F8012B202A02D031
:10F34000093A042AF3D8591B89B28AB29442EED9F9
:10F350006A5C202A02D0093A042A03D80136B6B2E0
:10F360000131F2E7002EE2D08AB2A21A1846013229
:10F37000294401F05EFEA41B0346A4B2D6E7F8B50B
:10F38000846894F8563006462BB9B368B3F8502019
:10F39000A3F85220F8BD04F15600B4F85030C2185A
:10F3A00012F8012C202A1CD0093A042A19D900226B
:10F3B000C25413461D460133425D202A9BB200EB26
:10F3C0000501F7D0093A042AF4D9002DDDD0B4F8AC
:10F3D00050707A1C521B7F1B01F02BFEA4F850705A
:10F3E000D3E7013B9BB2A4F85030002BD5D184F871
:10F3F0005630CAE773B503782D2B04460D461646E2
:10F4000006D16FF0150333600025284602B070BDA9
:10F4100000F055FD002303602A4601A9204601F0B3
:10F4200000FF054600F04BFD0368222B02D16FF070
:10F430002103E8E700F043FD0368002BE1D1019BC5
:10F44000A342DED01B78002BDFD0DAE70EB403B581
:10F4500003AA52F8041B0192F5F794FB02B05DF881
:10F4600004EB03B0704710B50446F1F755FBB4F850
:10F47000503013FA80F038B1638FB0FBF3F203FB26
:10F480001200B0FA80F0400910BD7047704738B5DF
:10F4900084682046F1F740FBD4F87452B4F8523037
:10F4A000C5F3400580B205FB0300638FB0FBF3F2A8
:10F4B00003FB1200B0FA80F0400938BD10B50446D5
:10F4C000FFF7E5FF18B9A068FFF7CDFF20B160692D
:10F4D000BDE81040F5F7A4BB10BD10B50446806828
:10F4E000B0F85020B0F852103030FFF7D2FDA068CD
:10F4F000FFF7B9FF20B16069BDE81040F5F790BB98
:10F5000010BD38B5054680680C46B0F85210B0F80A
:10F51000502030300C44FFF7BCFDA868A4B2B0F80E
:10F52000521022463030FFF7A9FDA8682246B0F8F5
:10F5300052103030FFF793FDAB68A3F8524038BD4E
:10F540002DE9F0410C1E064633DA644224B24FF036
:10F55000FF35A4B2AFB213E0B368B3F852C0B3F84A
:10F56000508003F1560E6146002269B96B1C22D10E
:10F57000A1EB0C0109B23046FFF7C3FF013CA4B276
:10F58000002CE9D1BDE8F081884501D1012DEFD0F3
:10F590001EF8013023F020004138192807D9303BEC
:10F5A000092B04D9002AE3D1394489B2DDE70122CD
:10F5B000FAE70125CDE7B8F1000FE9D1D8E7836874
:10F5C000B3F85210494209B2FFF79BBF8368B3F802
:10F5D0005010B3F85230C91A09B2FFF792BF8368CE
:10F5E000B3F852301BB14FF0FF31FFF78ABF7047BD
:10F5F0008368B3F85220B3F850309A4202D2012106
:10F60000FFF77FBF70478368B3F85220A3F85020FC
:10F610008368B3F852201344002283F856207047C1
:10F620008068B0F85020B0F852103030FFF731BD8C
:10F630002DE9F041054686B00F4614460026A4B9D0
:10F6400006B0BDE8F081D3F878229207FBD5BFF36E
:10F650005B8F03F51E7353E8001F21F0020143E89E
:10F660000012002AF7D1BFF35B8F68680368224657
:10F67000D3F80C80B9196B46C047009A1644A41AF7
:10F68000002ADCD1AB68197D0329EED00229DAD833
:10F6900003F52B73012101A801F045FC4FF0FF3267
:10F6A0004FF0FF33012101A8FAF750FBA86800F5DD
:10F6B0002B7001F066FCD8E7FFF7BABF114640692E
:10F6C0001A46F5F75FBA0CB407B504AA406952F8B8
:10F6D000041B0192F5F756FA03B05DF804EB02B093
:10F6E00070472DE9F0418768B7F85060B318FF2BD9
:10F6F00005468846144626DCB7F85230F61A5633CB
:10F700001F44B6B232463946381901F092FC2246FF
:10F710004146384601F07FFCAA68B2F850302344D5
:10F72000A2F85030AB68B3F850201344002283F89D
:10F730005620AB68D3F87412890706D4B3F8522068
:10F740001444A3F85240BDE8F08131462846BDE894
:10F75000F041F5F7F5BAFFF7C4BF38B50546806844
:10F76000B0F85220B0F85040A41AA4B29CB156325E
:10F770001044411C224601F05CFCAA68B2F85030EB
:10F78000013BA2F85030611E28460122BDE83840F6
:10F7900089B2F5F7D5BA38BD10B58368B3F85020F3
:10F7A00004465AB1B3F8523043B14FF0FF31FFF77E
:10F7B000A8FE2046BDE81040FFF7CFBF10BD70B5D2
:10F7C00092B00023054601934FF47A746868036889
:10F7D00040221E6902A901ABB047019B13B108B9D1
:10F7E000013CF3D112B070BD70B54569466828463A
:10F7F000FEF727FE044648B101460E223046FFF7C9
:10F800004AF928462146FEF76BFE012070BD436889
:10F810001B68D3E90632BFF35B8F53E800CF8C44FB
:10F8200043E800C00028F8D1BFF35B8F9368BFF3B3
:10F830005B8F53E8000F084443E80002002AF8D128
:10F84000BFF35B8F70472DE9F84343681E68F36987
:10F850009A681279012A07460D4603D0032A4ED032
:10F86000BDE8F883D3F80CC0D3F814800B7859079F
:10F870005FBF2B68C3F34A246B8804EB131458BF93
:10F8800017344FF4004E40F2E7304FF0000158BFFC
:10F8900024F007044FF47A724FF00003ECFB0E01E2
:10F8A00054BFA4080024F1F70BF902460B4640466A
:10F8B0002146FEF72AFD814628B938460121BDE8D8
:10F8C000F843FFF7A4BF012CF7D92946026851F885
:10F8D000043BC3F39D0363F39F0240F8042B621EB5
:10F8E000920001F098FB40464946FEF78BFDB06858
:10F8F00000F523700021BDE8F843FAF77FBA3046DF
:10F900005F68FFF78DFE01F0B5F8044600B3EFF332
:10F910001184202383F31288BFF36F8FB368D3F869
:10F9200078321A051ED50E2229463846FFF7B3F85D
:10F93000B368D3F878321B0502D43046F5F76EFA77
:10F9400001F098F890B184F31188BFF36F8F87E7C7
:10F95000B06800F543704FF0FF324FF0FF33F9F716
:10F96000D5F8DBE73046FFF75BFEDCE7B06800F573
:10F970004370BDE8F843F9F73FB910B513460C469C
:10F980000A4601461846FFF797FE204610BD70B59F
:10F9900004460D461646D0E90410FEF795FC3246A3
:10F9A00020682946F3F79CFA63685B685D60A3688A
:10F9B00000221A60A36801221A7170BD10B50446B6
:10F9C0000068FEF79FFFA36802221A7110BD10B5F0
:10F9D00043681C686068036801219B689847E36975
:10F9E00050BB9B6803221A71A368BFF35B8F03F5BA
:10F9F0001E7353E8001F41F4005143E80012002A2F
:10FA0000F7D1BFF35B8FA068B0F85020B0F8521068
:10FA10003030FFF73EFB4FF0FF312046FFF735FD5A
:10FA2000A368198E20464942FFF730FDE069FFF7D1
:10FA3000DBFE0028FAD110BDBDE810401846FFF7E4
:10FA4000BDBF38B503685B6800221C688368BFF3DC
:10FA50005B8F53E8001F43E80025002DF9D1BFF369
:10FA60005B8F11B14068F3F7BBFCE069BDE838403B
:10FA7000FFF7BABE0EB403B503AA52F8041B0192F5
:10FA8000F5F780F802B05DF804EB03B070472DE99C
:10FA9000F84305460F46904600243B5D202B23D0BB
:10FAA000093B042B20D93846F1F736F8AB68598F5B
:10FAB00080B2001BA1EB0803984207EB040915D99B
:10FAC0004846002610F8012B202A06D0A2F1090C86
:10FAD000BCF1040F02D80A2A2DD0334608EB0602E7
:10FAE000914227D90136EDE70134D6E74B4600268F
:10FAF000B04214D013F8012B0A2A19D16869FFF714
:10FB00007EFA494632462846FFF792FD6869F5F7C6
:10FB10009DF90134414628463444FFF7B7FC686933
:10FB20003919FFF7A7FF6869BDE8F843F5F78EB903
:10FB30000136DDE71E466869FFF761FA324649463D
:10FB40002846FFF775FD34443B5D202B02D0093B6E
:10FB5000042B01D80134F7E76869F5F777F94146D6
:10FB60002846FFF793FC9EE78369002018607047E2
:10FB700008B50168FFF7F2F9002008BD8368BFF3FC
:10FB80005B8F03F51D7353E8001F21F0080143E864
:10FB90000012002AF7D1BFF35B8F00207047836803
:10FBA000BFF35B8F03F51D7353E8001F21F00201C3
:10FBB00043E80012002AF7D1BFF35B8F00207047A3
:10FBC0008368BFF35B8F03F51D7353E8001F41F09B
:10FBD000080143E80012002AF7D1BFF35B8F002031
:10FBE00070478368BFF35B8F03F51D7353E8001FF5
:10FBF00041F0020143E80012002AF7D1BFF35B8F06
:10FC00000020704708B58368D3E900210A6051607D
:10FC10000021C3E900111A895B8900681A440C327B
:10FC2000FEF713FE012008BD0023C3607047F8B53E
:10FC30001F460346164653F8044F9C4202D100204B
:10FC40003880F8BDC568B1B9002DF8D0A54202D101
:10FC50000023C360F3E76C68C460002CEFD02289F6
:10FC600004F10C01304601F0D6F923893B800022D3
:10FC7000F2540120E5E7002DEED083689D42E7D0E5
:10FC80002C68E9E738B50446051D6368AB4203D02C
:10FC90002046FFF7B7FFF8E738BD2DE9F04F02F136
:10FCA0000C050368C5F10009DB6909F0030985B09B
:10FCB0004D449D4204460191174610D80023C3606D
:10FCC0006AB1466800F1040AB2450BD05EB13389CF
:10FCD000934208D106F10C0001F0D0F918B905B033
:10FCE000BDE8F08F1E464FF00008236819699A6836
:10FCF000914201BFC3E90288C3E90588C3F80480C3
:10FD0000C3F8108020682A4603A9FEF716FD854235
:10FD100083461ED920682A4603A9FEF70EFD8542B8
:10FD200018D172895A447281AB44039D01992F8185
:10FD30003A46A5F80A9005F10C0001F06CF96268EA
:10FD4000C5E9002A5560206865605946FEF714FD34
:10FD5000C5E7EAD020680021FEF70EFD63689A45EA
:10FD6000C3D02046FFF74EFFBFE7031DC0E90133B4
:10FD70000023C360704710B5044628B1F0F7CCFEED
:10FD8000002380B2984201D8002010BDE25C3F2AD7
:10FD900003D02A2A01D00133F4E70120F5E710B59A
:10FDA000044680684FF48072002100F5AB7001F0CA
:10FDB00059F9A068B0F8502000F1560100F5AB7079
:10FDC00001F029F9A06800F5AB70FFF7A8FAA46864
:10FDD00004F5AB70F0F7A0FE0130A4F8540010BD9C
:10FDE00010B504468068B0F8542000F5AB71563069
:10FDF00001F011F9A368B3F85420A3F8502010BD06
:10FE0000FEE7704701460068F5F7B6BA08B5F5F7A2
:10FE100023FBBDE80840F5F723BB0A460121FEF7A6
:10FE2000E3BD013140B2F5F7ABBE00210120F5F78B
:10FE3000A3BA38B504460D4611461A46F5F78EFAB0
:10FE400060B2691CF5F79CFE204638BD61B662B60B
:10FE500080F31188BFF36F8F704772B6002383F36E
:10FE60001188BFF36F8FBFF34F8F30BF62B6BFF300
:10FE70006F8F704772B6002383F31188BFF36F8FC3
:10FE8000BFF34F8F20BF80F31188BFF36F8F62B62F
:10FE90007047202809D9B0F1004F08D80138B0FACE
:10FEA00080F0C0F11F0040007047082070473E20DE
:10FEB000704708B5D1E904319847002008BDF8F72C
:10FEC0000FBC08B5F6F7C4F8002008BD0B0704D531
:10FED000A0F14103192B98BF203070472DE9F04F56
:10FEE00085B0894615460193064600283CD0002976
:10FEF0003AD0002B00F00A810A46B046294618F88D
:10FF0000010BFFF7E3FF3F28177828D00CDCE0B1A6
:10FF10002A283AD0C4B229463846FFF7D7FF844290
:10FF200002F101022FD01FE05B287BD05C28F1D1C9
:10FF3000EB0700F1E9807078FFF7C8FF044600285E
:10FF4000E9D006F10208C4B2E5E7EC0601D52F2F8F
:10FF500002D0381E18BF012005B0BDE8F08F1FB1D8
:10FF60002F2F03D1A8070DD50120F5E72E2F09D19A
:10FF7000690707D54A45F7D0AB0703D512F8013C0E
:10FF80002F2BF1D001324646B7E77078FFF79EFF7E
:10FF9000C1B22A2918D02E2F09D16F0707D54A459B
:10FFA000E2D0AE0703D512F8013C2F2BDCD079B993
:10FFB00015F00200D0D0EC0600F1AA802F211046E7
:10FFC00001F06CF80038C5E718F8010F2946DDE7A5
:10FFD0002F2908D1A80706D5104601F05FF8024680
:10FFE0000028D0D1C0E7019B164603F1FF3925F068
:10FFF000040A05F00207B34629469BF80000FFF704
:020000021000EC
:1000000065FF013604460028AED04B46524659469D
:100010004046FFF763FF01289ED12F2CEBD1002F24
:10002000E9D099E7002F9FD02F2F01D1AB079BD4A8
:1000300029463846FFF74AFF7378212B834601D0C3
:100040005E2B1ED1B41C0123294614F8010B00932A
:10005000FFF73CFF012305EA0301C6B24FF0000A97
:1000600002915D2E10D1F3B9009B9A453FF47CAF0D
:10007000611C03D15B2F7FF477AF44460132A04669
:1000800081E744460023DFE72F2EF3D05C2E07D113
:10009000029B43B914F8010B2946FFF717FFC6B2BC
:1000A000002E3FF461AF23782D2B21D160782946B3
:1000B000FFF70CFF00B35D281ED05C2804F102039B
:1000C00008D0C0B2B34503DB8345D8BF4AF0010A6C
:1000D0001C4611E015F0010FF4D1E31CA078039346
:1000E000FFF7F4FE0146039BC0B20029EAD13BE7CB
:1000F0005E4508BF4AF0010A14F8010B2946FFF7D4
:10010000E5FE0023C6B2ACE7044604E7032023E77C
:10011000084621E74023FFF7E1BE0369C9B20C227C
:1001200002FB0133186C00F00700704770B50346FE
:10013000C9B20069EFF31186202484F31288BFF35B
:100140006F8F0C2505FB0104246C14F0C00401D052
:10015000A24211D105FB010001220264002086F3B6
:100160001188BFF36F8F30B95B680C2202FB01333B
:100170005B689847002070BD4FF0FF30EFE78022AA
:10018000FFF7D4BFF8B5069F04690546C9B2EFF37F
:10019000118C202080F31288BFF36F8F0C2606FB92
:1001A0000146306C00F0070EBEF1010F10D137642C
:1001B00000268CF31188BFF36F8F3EB90C204143AA
:1001C0000C44C4E90E236B685B5898473046F8BD71
:1001D00000F0C00087420CBF6FF077064FF0FF368B
:1001E000E7E713B580240094FFF7CCFF02B010BD01
:1001F00010B40069CBB21C2404FB0300002110BC26
:1002000010470020F7F796BC002000F037BA1046E0
:10021000F8F742BD0A2810B5044602D10D20F6F7C2
:10022000D1F9E0B2F6F7CEF9204610BDF7B54FF49C
:1002300080630F4616460024A64203D816D0162027
:1002400003B0F0BD351BB5F5806F28BF1D462A46AB
:1002500001AB39190020F9F7DDFF20B9019BAB4252
:1002600001D11C44E8E76FF01500E9E70020E7E75B
:10027000002208B511461046F9F79CFF002818BF68
:100280006FF0150008BD43685B68D3F810350B604C
:100290000020704743685B6802EA010021EA02011E
:1002A000C3F80805C3F80C150020704743685B6865
:1002B0000020C3F80815704743685B680020C3F846
:1002C0000C15704743685B68D3F8042521EA0200E7
:1002D0001140C3F80805C3F80C150020704730B56D
:1002E0000369586800B30024884219D108688CB9A2
:1002F0009C685860A14200D19860002008602AB133
:100300005A680A609A68596002B9996000200FE043
:100310002846E9E720609868814208BF9C60ECE7C6
:1003200005680446002DF3D1002AE9D16FF01500CD
:1003300030BD30B543681360057A446804EBC504EA
:10034000A34202D36FF0010030BD5C798C4203F10F
:100350000803F0D10020F7E70120704743681B68CD
:10036000D3F88004C3F88004704742681368D3F858
:10037000100150B1D269002012780A70C3F8100140
:10038000D3F8102101221A6070474FF0FF307047F8
:10039000002A0FDD42681368D3F8100158B100201D
:1003A000C3F81001D269D3F8100112780A70012045
:1003B000186070470020704710B5436819680369DA
:1003C000EFF31182202080F31288BFF36F8F18683B
:1003D000002484731B680120D8734FF48003C1F894
:1003E000043382F31188BFF36F8F10BD03691A685D
:1003F000012191731B680022DA737047026911684A
:100400000346C87B40B15B681B68D3F8580118B13C
:1004100000230B6113689889704743681B68D3F801
:100420001001003818BF0120704743681B68102274
:10043000C3F80423704743681B681022C3F80823DD
:10044000704743681B684FF40072C3F80423704779
:1004500043681B684FF40072C3F80823704738B52F
:1004600043681D68D5F804335B02044605D4D5F80B
:10047000040310F0100006D138BDFFF7BFFF0028BD
:10048000F5D00120F8E72046BDE83840FFF7C5BFAA
:10049000012070470369186801601B685A60704743
:1004A00002680346D2F8580140B95B68DB0706D4FE
:1004B000D2F82001003818BF012070470120704792
:1004C00010B4436802691B68D3F80413C90517D533
:1004D000D3F82011A1B1EFF31181202484F3128805
:1004E000BFF36F8FD3F8204134B10024C3F820410B
:1004F000D3F820410124DC6081F31188BFF36F8FB2
:100500001168D3F8584171B17CB100240C611168B5
:10051000C97B19B94FF48001C3F8081311688C7BAB
:100520001CB100238B7310BC7047D3F8241121B188
:100530000021C3F82411D3F8243112681368002B6A
:10054000F1D0516810BC18472DE9F04106693368B5
:100550009C89BFF35B8F94420546A8BF14461033B5
:10056000012753E8002F002A03D143E80070002838
:10057000F7D1BFF35B8F0CBF3B4600232BD1336811
:100580002246986800F047FDEFF31188202383F39B
:100590001288BFF36F8F69680846FFF781FF3268E2
:1005A00040B91061044688F31188BFF36F8F20466D
:1005B000BDE8F0810B689268C3F844250022C3F8B7
:1005C0004845C3F82021D3F82011C3F85821D3F8A7
:1005D00058219F60E7E71C46E9E700F150039B00C4
:1005E0009BB203F1804303F5883300221A601B6835
:1005F000704708B5F6F740FF08BD08B5F9F7BCFC31
:1006000048B1002383F31188BFF36F8F042318468A
:1006100002DF6FF0040008BDF9F776BD08B5F4F706
:10062000B1FDF4F785FEBDE80840F9F76DBD4FF068
:100630008053D3F83021082A03BFD3F83401B0FA2D
:1006400080F0400900207047004700F003B9C00067
:1006500000F1804000F5F830C0F81015C0F81425FE
:100660007047C00000F1804000F5F8300023C0F86A
:100670001035C0F814357047F7F7D4BEF7F7E8B96E
:10068000F7B5019001A8DDE9084716461D46F7F7C2
:10069000E5FA019BB6F1000C18BF4FF0010C00EB1E
:1006A00083000B1E18BF0123002D43EA4C030CBF2F
:1006B0004FF0000C4FF00C0C002C43EA0C030CBF65
:1006C0004FF0000C4FF4E06C002F43EA0C03D0F81D
:1006D00000270CBF4FF0000C4FF4403C43EA0C03E2
:1006E00022EA030301B109780EB136787600194386
:1006F0000DB12D78AD0031430CB12478240229438B
:100700000FB13F783F040C433C43C0F8004703B0AF
:10071000F0BD1FB50DF10F03019300238DF80F10ED
:1007200000931A461946FFF7ABFF05B05DF804FBCE
:1007300038B5054608460C46F7F722FBA8B108462F
:10074000F7F758FB88B10846F7F70EFB2A68012334
:100750008340C2F808332B6803EB8000D0F81035D3
:1007600023F00303C0F8103538BD20460021BDE852
:100770003840FFF7CEBFF7F74DBBFFF7D9BF03688F
:100780000122DA60704710B50368D3F810250C0F0A
:10079000C2F120030901A2F12000D14004FA03F3C1
:1007A000194324FA00F0084310BD10B50368D3F8CC
:1007B00010354FF47A52A1FB0212C3F12004A3F1C9
:1007C000200002FA04F421FA03F3234322FA00F092
:1007D000184310BD70B54FF4803405688C4073B178
:1007E0008B0003F5A0730026EE50EB580368C3F8A6
:1007F0000443036801F5A87143F8212070BDC5F8D2
:100800000843F6E7F0B4076840F20116D7F8005243
:100810008E4025EA0605C7F800520468D4F8005255
:100820002B43C4F800329DF81030F0BCFFF7D2BF64
:1008300008B5F7F733FF002008BDEFF31180202340
:1008400083F31288BFF36F8F704780F31188BFF373
:100850006F8F704708B1F5F7F9BC7047704740B12A
:10086000C368587810F001001EBF1878B0FA80F005
:1008700040097047EFF31183202383F31288BFF3FD
:100880006F8FFEE710B5D0E9003433B90020E2687D
:10089000537843F00103537010BD20469847002859
:1008A000F4D00028B8BF4042E368FF28A8BFFF206B
:1008B0001870ECE700F0D6BB00F0ADBB70474169A3
:1008C000836843EA010212F003020FD1C260026999
:1008D000013A01FB023382689A4201D90020704735
:1008E000C2681A604269C3609B1AF4E76FF0150092
:1008F000704710B5C0E9043200238160836104466B
:10090000FFF7DDFF08B9C4E9004410BD2DE9F0414F
:1009100005460F46EFF31188202383F31288BFF3B7
:100920006F8FC668FEB90468A0421CD0DCB1D4E960
:10093000003213605A60637BA66023F00203637386
:10094000C4E9006604F1180000F09CF92046C4F8E0
:10095000B060676100F0E2F8414605F10800BDE8CB
:10096000F041F8F78BBD3E60AB69EF60013BAB61D6
:1009700088F31188BFF36F8FBDE8F08108B520249C
:10098000EFF3118384F31288BFF36F8FFFF765FADB
:10099000F6E790F90E308B4201D0F8F725BD002024
:1009A000704703460020C3E90200C3E900337047E3
:1009B0005AB18A4209D300F11003C0E90212C0E91A
:1009C0000000C0E90433002070476FF01500704745
:1009D000026801238B4022EA0303036022FA01F03C
:1009E00000F00100704710B5032104460C30FFF7FA
:1009F000EFFF30B104F1100000F044F9B0FA80F0DC
:100A0000400910BD20B100221146C03000F0FEB8F0
:100A1000704773B50446EFF31185202383F31288E2
:100A2000BFF36F8F0023A0F1100603210438019358
:100A3000FFF7CEFF28B1A369019301A93046F8F76B
:100A40002BFA85F31188BFF36F8F02B070BD13B519
:100A500001900846EFF31184202383F31288BFF33B
:100A60006F8F01A9F8F718FA84F31188BFF36F8F1D
:100A700002B010BDEFF30580003818BF01207047A9
:100A80007830704710B500238B4202D113600020EC
:100A900010BDC45CAA2CF9D10133F5E708B50A46AC
:100AA000D0E92701FFF7EEFF002008BDD0E90032B2
:100AB00013605A600023C0E90033704708B5FFF7A0
:100AC000F5FF437B23F0020343730023836008BDDB
:100AD00038B504460D46F8F7EBFB637B43F00203A1
:100AE0006373D5B1A5602B689D4209D16B68C4E9D9
:100AF00000531C606C6010E06A689A42F6D01B6874
:100B0000002BF3D093F90E1094F90E209142F3DDEF
:100B10005A68C4E9003214605C6038BD10B5EFF368
:100B20001184202383F31288BFF36F8FF8F77EFBC5
:100B300084F31188BFF36F8F10BD08B5EFF31181F7
:100B4000202282F31288BFF36F8F83680BB1FFF707
:100B5000B5FF81F31188BFF36F8F08BD10B5014653
:100B6000EFF31184202383F31288BFF36F8F437B4D
:100B700013F0280F0AD183680BB1FFF79FFF4B7B5F
:100B800023F004034B730846F8F750FB84F31188F5
:100B9000BFF36F8F10BD01211838FFF7DFBF08B515
:100BA0000346EFF31181202282F31288BFF36F8F87
:100BB0000068834207D008B1FFF780FF81F31188F6
:100BC000BFF36F8F08BD0020F8E710B5FFF7B5FF42
:100BD000BDE81040183000F055B838B50C46054651
:100BE000F8F704FDB4F1FF3F08BFB5F1FF3F1FBFA9
:100BF00047F6FF7300224FF47A71E0FB01321ABF0F
:100C0000D80B40EA42404FF0FF3038BD38B5EFF323
:100C10001185202383F31288BFF36F8F0468A042ED
:100C200013D0A4B1C4F8B01062612046FFF746FFAC
:100C300004F1180000F026F82046F8F7F7FA012032
:100C400085F31188BFF36F8F38BD0020F8E7204689
:100C5000F6E710B5F8F7B8FE0446F8F7BDFE74B134
:100C6000D4E904321B1A62EBE072B3F1004F72F167
:100C7000000104DA002AACBF1846002010BD6FF056
:100C80000040FBE738B50246EFF31185202383F3DC
:100C90001288BFF36F8F036893B1F8F795FE04468F
:100CA0001046F8F7A3FE844204D1FFF7D2FF0021DB
:100CB000F6F74CFD002085F31188BFF36F8F38BD28
:100CC0006FF01500F7E708B5F8F77EFF08BDF8F7F5
:100CD0007BBF0023C0E9081200F11802C0E9062218
:100CE000C0E9003303634363704710B50446FFF760
:100CF000C9FFA8B9636A0BB12046984704F11800F0
:100D0000FFF74DFF60B1FFF709FFEFF311802023DC
:100D100083F31288BFF36F8FBDE81040F8F7C0BBB4
:100D200010BD1423F0B503FB010000244FF48B76B3
:100D3000202701B9F0BD10F8073C40F80C4C03F037
:100D40003F03082BA0F1140C0CD826FA03F3DB07A1
:100D500008D550F8143C2BB150F8105C2B605D6046
:100D600040E9054482F31188BFF36F8FEFF31182DE
:100D700087F31288BFF36F8F01396046D9E730B52A
:100D8000D0E90034984208D03CB1A568DDB112F931
:100D9000522C15F9525CAA4207DDC1E9000421601A
:100DA00041600FE0A342F8D01B68002BF5D09D688E
:100DB0004DB115F9525C9542F4DD5A68C1E9003233
:100DC0001160596030BD00239B7BFFDE2DE9F84F99
:100DD00000258B4614469A4601462E464FF02008C1
:100DE0002F465D4502DB3046BDE8F88FEFF31189F1
:100DF00088F31288BFF36F8F4B7B03F03F03013BF7
:100E0000072B0DD8DFE803F01D040C090C0C0C2394
:100E10000B699B6823B102231EE00B691B685BBB57
:100E2000BAF1000F21D12378FBB14B7B03F03F03D4
:100E3000013B072B27D8DFE803F0292126212626AE
:100E4000262C0B699B68002BEAD0012304E00B6978
:100E50001B6A002BE4D01023CA688F60C2F386306F
:100E6000034363F39432CA60277089F31188BFF398
:100E70006F8F01351431B4E70423EDE7086922468A
:100E80001030FFF77CFF8C600136EEE708692246E0
:100E9000F7E7086922462430F3E72DE9F04184683A
:100EA00005460E46ECB16378012B25D114F8533C6E
:100EB0009A0714D5A4F160073846FFF786FE082E7E
:100EC00014BF00236FF00303236514F8533CDB06C3
:100ED00005D154F8483C13B93846FFF71FFE0023EC
:100EE00023700023AB60EB68C3F38632164366F3CE
:100EF0009433EB60BDE8F081022BF0D12378002B16
:100F0000EDD054F8048CB8F1000FE8D004F11400CF
:100F1000FFF7B8FEA4F114070023E3623946404608
:100F2000FFF795FDDBE710B55205090201F47C518E
:100F300002F400120A43017B00240A43C0E90323A0
:100F4000846010BD10B50346EFF31184202282F3B4
:100F50001288BFF36F8F0068834208D0D0E9003257
:100F600013605A600023C0E90033FFF796FF84F353
:100F70001188BFF36F8F10BD0023C0E900008360AC
:100F8000704700238360704783680B60C3681360F9
:100F9000704710B400F10C04C0E9034410BCFCF726
:100FA000DCBF10B50446406A10B1A16A00F029F810
:100FB0000020C4E9090010BD38B50446FFF7F1FF71
:100FC000237F012B0FD0023B012B0FD8236A012B6B
:100FD00014BF6FF0960500252C220021204600F05A
:100FE00041F8284638BD236A002BF1E76FF09605DB
:100FF000F2E70020704770470020704700207047DC
:10100000704710B5044608B1F9F760F82046BDE80E
:101010001040F9F755B80A44914200F1FF3300D16E
:10102000704710B511F8014B03F8014F9142F9D107
:1010300010BD884210B501EB020402D98442234658
:1010400007D8431EA14207D011F8012B03F8012F46
:10105000F8E70244824200D110BD13F8011D02F8E6
:10106000011DF7E702440346934200D1704703F89D
:10107000011BF9E70A22002100F064B810B501391C
:101080000244904201D1002005E0037811F8014F9D
:10109000A34201D0181B10BD0130F2E7C9B20346CC
:1010A000184613F8012B12B18A42F9D17047002972
:1010B00018BF0020704710B56AB10139841810F8C4
:1010C000012B11F8013F9A4203D1A04201D0002A1E
:1010D000F5D1D01A10BD1046FCE710B50139034612
:1010E00032B111F8014F03F8014B013A002CF7D14E
:1010F0001A440021934200D110BD03F8011BF9E707
:1011000010B5024601448A42134603D01C780132CE
:10111000002CF8D1181A10BD0A7870B56AB970BDE4
:101120009A4209D10C46054614F8013F002BF6D02F
:1011300015F8016F9E42F7D001300378002BEFD1F4
:101140001846ECE7242A2DE9F04106460F4601D85F
:10115000012A0AD1FEF7B3FE1623036007B13E60F1
:101160004FF000084046BDE8F08101460D4611F8F9
:10117000014B202CFAD0A4F1090004282346F5D90C
:101180002B2C34D02D2C34D101200B78A91C302BE2
:1011900035D10C7844F02004782C2CD132F0100496
:1011A00029D14B780E461022023100F10044013C57
:1011B0004FF00008B4FBF2FC02FB1C4E392B82BF3F
:1011C00003F1FF3343F02003263B303B9A421AD908
:1011D000E04502DC03D19E4501D240F002000D46FD
:1011E00008FB023815F8013B0E462946E6E70020C9
:1011F000CBE70020CBE7002A08BF0822D5E7002A6A
:1012000008BF0A22D1E707B13E60C20748BFC8F154
:1012100000088307A6D5FEF752FE2223A0460360EE
:10122000A0E7242AF8B505460C4601D8012A07D1C3
:10123000FEF745FE1623036004B125600020F8BDCB
:1012400001460F4611F8010B2028FAD0A0F109063B
:10125000042E0346F5D92B282AD02D282AD1012681
:101260000B78B91C302B2BD1087840F0200078285F
:1012700022D132F010001FD14B780D4610220231DE
:101280000020392B82BF03F1FF3343F02003263BBC
:10129000303B9A4218D9A0FB02050DB9C01801D302
:1012A00046F002060F460D4617F8013B3946E8E7BF
:1012B0000026D5E70026D5E7002A08BF0822DFE789
:1012C000002A08BF0A22DBE704B12560F20748BF05
:1012D0004042B307B3D5FEF7F2FD222303604FF07F
:1012E000FF30ACE72DE9F843C3F1370907468846DC
:1012F0005FFA89F903F01F051646384641462A462B
:101300000023EFF7DDFBD4B2092C3A4688BF4C44EA
:10131000434688BFE4B2AA424FF0000204F1300411
:10132000934106F8014B07468846E6D23046BDE8B1
:10133000F8832DE9F04F89B00518029304AB41EB17
:101340000104009390462846D2E90023214600F08C
:10135000A8F806AB009307468946D8E90223284639
:10136000214600F09EF8DDE90423841851EB0306C2
:10137000069BD8E900124FF0000528BF0125ED18A3
:10138000079B43F10003791849EB0202B94272EB63
:101390000902D8E9022134BF01200020A21846EB3F
:1013A00001018018029A41F10001A042A2F1410A14
:1013B00071EB060234BF012200225219CDE9065317
:1013C000CDF800A043F1000300F082F8129BC3E9BE
:1013D0000001D8E90221039114990129DDE906539E
:1013E000D8E900E027D10399CDF800A0A21A66EB56
:1013F0000101774579EB000034BF01200020101A6D
:1014000061F10001844276EB010234BF0122002227
:10141000AA1A63F1000300F05BF8139BC3E9000113
:10142000DDE90623CDF800A02046314600F050F853
:1014300009B0BDE8F08F17EB070B49EB090C14EB73
:10144000040846EB0601BB457CEB090934BF0127C4
:10145000002718EB070741F10008F3457CEB000C6F
:1014600034BF01200020381A68F10001801A039A65
:1014700061EB02016D195B41A74278EB060234BFB4
:1014800001220022AD1843F10003874278EB0108E6
:1014900034BF01220022AA1A029DA5F14005009541
:1014A000B7E7F0B500240D4606469446A0FB0201BE
:1014B0002246E5FB0C12A446E3FB061CE5FB0324D5
:1014C00012EB0C02059F44F10004C7E90024F0BDB3
:1014D000F0B5059CC4F14007C4F1200602FA06F6F7
:1014E000A4F12005BB4022FA05F53343C4F12006E0
:1014F0002B4301FA06F6A4F12005E04021FA05F598
:101500003043BA402843E14010431943F0BD2DE970
:10151000F0410446CD0FC1F30A50C1F3130154EA60
:101520000107157140F2FF766AD1002870D1044698
:101530000146002B10605FDB0C2B5FDCC3F10D0557
:10154000AD00012005F1FF3CA5F12107C5F1210601
:1015500020FA06F600FA07F700FA0CF037430618EF
:1015600047EB0708D6F1000E68EB480C013E48F146
:10157000FF38264008EA0108B04277EB08080FDB85
:10158000C5F12008B5F1200601FA08F824FA05F59E
:1015900045EA08055CBF41FA06F63543ED0703D579
:1015A0002018044641EB070104EA0E0401EA0C018D
:1015B0009DF8186018460D250532C6F1270604F07F
:1015C0000F03240944EA0174091163B9A8420DDA32
:1015D000013DF4D21AE018B90120A0F2FF30A8E7CB
:1015E00041F48011F9E7092BC8BF9B193033A84299
:1015F0005355B8BF2846EBE70023D9E70D23D7E7BB
:10160000B042E8D145F0080515710020BDE8F08131
:10161000B042E5D145F00405F6E7D1E90432934242
:0C1620001EBF5A1C0A61187070470000C1
:08162C00C8F4FE7F010000007C
:10163400156200000000000015630000DC160100C4
:101644003108010000000000898A00000000000049
:10165400499E000000000000A5680000F416010087
:10166400A56800000C170100190601000000000025
:10167400710201003C170100C1670000241701003A
:10168400CD6F0000541701007D7200006C1701003B
:10169400D565000000000000ED75000000000000AA
:1016A400A128000000000000796000000000000094
:1016B4001D060100000000006D9E000000000000F7
:1016C400FB05010000000000793D0000000000005F
:0816D400A91300000000000052
:1016DC00304B010074240100B01701006408002095
:1016EC0044220020682401008E4B0100B824010024
:1016FC008C1701006A080020EC220020AC240100A9
:10170C00A24B0100DC2401008C1701006C080020A6
:10171C00F8220020D02401005F4B010000000000E3
:10172C008417010066080020982200208C240100F8
:10173C00734B010000000000A42401006808002085
:10174C000000000098240100B64B010000250100A8
:10175C00CC1701006E080020AC050020F424010019
:10176C00E94B01002C250100101801007008002025
:08177C00B40500202025010046
:081784006D670000BD66000066
:10178C00ED6800008702010095020100AD02010026
:10179C00B9020100C5020100C96A0000DF020100A4
:0417AC000000000039
:1017B0006D6300007F010100E301010000000000F3
:0C17C0001B010100000000000000000000
:1017CC00856D0000496F0000A96D0000917100004B
:1017DC00B96D0000E56D00002D6E0000596E000023
:1017EC00396E0000496E0000596E0000816E0000D9
:1017FC00956E0000A56E0000B56E00005903010047
:10180C00E96E00006B030100C97100005D0301006B
:10181C004905010091030100B9030100ED0301002A
:10182C00FD0301002B04010037040100FD0301003E
:10183C001B04010043040100510401005F0401007A
:08184C00910401009504010064
:101854005A37010003000000514B0100030000004F
:10186400254B010003000000733701000300000052
:101874007737010003000000C94A0100030000009B
:10188400F04C010003000000433F0100030000008E
:10189400493F0100030000002C4B0100030000003D
:0818A400FD4B010003000000F0
:1018AC00B82001003C190020633801000100000041
:1018BC0008220100E41C00205D3F01000000000034
:1018CC00543F010044050020681900201405002035
:1018DC00020000008C21010064190020A0210100ED
:1018EC00D4080020493F0100700E002080390020F0
:1018FC00D81D0100C41D0100F82001003821010091
:10190C00001E0100F421010038220100E420010036
:10191C00881D01004C1D0100FC1C0100242201004B
:10192C004C220100141E0100601D0100101D01005D
:10193C00381D0100B01D01009C1D0100241D01007B
:0C194C00EC1D0100E81C0100741D0100EE
:10195800000000000000000000000000000000007F
:1019680000000000A0380100A738010000000000B6
:10197800A535000000000000353A01003F3A01009B
:10198800000000002936000003000000D6380100DE
:10199800DC38010000000000C13500000200000032
:1019A8005E3A0100653A0100E419010000000000F8
:1019B80000000000623901006939010000000000E0
:1019C800290B000001010000C0390100C8390100DD
:1019D80000000000113600000000000000000000B8
:1019E80000000000000000000000000000000000EF
:1019F800543B0100593B010000000000A5360000DF
:101A080000000000FA3B0100013C0100000000005A
:101A180091370000000000000000000000000000F6
:0C1A2800000000000000000000000000B2
:101A40002E4D010000010000000000000000000019
:101A50000338FDD8704700000100000000000000BE
:101A60000500000000000000190000000000000058
:101A70007D00000000000000710200000000000076
:101A8000350C000000000000093D000000000000CF
:101A90002D31010000000000E1F50500000000000C
:101AA00065CD1D0000000000F90295000000000057
:101AB000DD0EE90200000000514A8D0E000000001A
:101AC0009573C24800000000E941CC6B01000000A2
:101AD0008D49FD1A07000000C16FF2862300000047
:101AE000C52EBCA2B1000000D9E9AC2D78030000DE
:101AF0003D9160E45811000031D6E275BC560000FB
:101B0000F52E6E4DAEB10100C9EA26836778080054
:101B1000ED95C28F055A2A00A1EDCCCE1BC2D30091
:101B200025A4000A8BCA2204000000000000000067
:101B30000000000000000010000000000000000095
:101B4000B9340332B7F4AD1410DB1AB30892540E53
:101B50000D307D951447BA1A66088F4D26ADC66DB7
:101B6000F598BF85E2B74511CA96853D92BD1DEB3C
:101B7000FCA11860DCEF52163C92AE220BB8C1B447
:101B8000839D2D5B0562DA1C304C7E8F4E8BB25BE1
:101B900016F4529F8B56A512FBD4827643ED8AF041
:101BA0008FE7F9311565191850F19BD94A13EEB436
:101BB000284CF0A686C1251F035FC270CB9E491634
:101BC000E642889C44EB2014B0650836AD6EA585CE
:101BD00085F0CA14E2FD031A0B899979D5B13D0944
:101BE000D8DA973A35EBCF10AC363F5E73BB38CFBF
:101BF0003E6752FA44AFBA15010000000000000031
:101C00000000000000000020345065C05FC9A652EB
:101C1000BB13CBAEC440C21806C8DF7100D5A87C88
:101C2000F56F0FDA58FC27136E4756357D24206573
:101C300002C7E768E48CA41DE9E60268D7CD3961E4
:101C40007977FCC2405BEF16798CDE43FFA751F930
:101C500091F3B278F5BDBE11E857E9D6E8BEE87B4E
:101C6000B054AC8F848D751BEA23A499E9F9D38B0A
:101C7000B7A3714061DA3E15CEE33ECB73F9480855
:101C80008C97B427D51B7010A2BFEFB9EB85321526
:101C90004DB44DB49BBB6F1996B6076CF8E7EEAD2B
:101CA00036D9B4F59135AE13222218AF4E6A684D7D
:101CB00091DAAA3D4F40741E9FBD9EE006A1C098D8
:101CC00057C2A7FDA40E90170E7D497173E3208FB4
:101CD000B220D87605143B12853D7434811343B08D
:101CE000AD297A5F27F4351C132E0100252E010043
:101CF000000000003113000000000000932E0100DE
:101D00009C2E010000000000F11200000000000005
:101D1000AD2E0100B62E0100000000007D15000070
:101D200000000000BF2E0100CE2E010000000000C8
:101D3000F511000000000000DD2E0100EC2E010076
:101D400000000000A511000000000000FB2E0100B3
:101D50000C2F010000000000B51000000000000082
:101D6000332F0100512F010000000000ED1400008E
:101D7000000000009C2F0100AD2F0100281E010073
:101D8000E10C000000000000CA2F0100D72F010065
:101D90007C1E0100A90C000000000000763001004C
:101DA0009130010000000000491400000000000014
:101DB000B0300100C130010000000000F913000044
:101DC00000000000D6300100E0300100C01F01001B
:101DD000710C000000000000F8300100FF3001002D
:101DE0000000000091110000000000001F31010000
:101DF0002F31010000000000D10D000000000000A4
:101E0000643101007031010000000000750D000018
:101E100000000000B9310100C731010000000000DE
:101E2000190D0000000000002C1E01003A320100D4
:101E30004932010000000000951000000000000081
:101E400071320100823201000000000075100000B4
:101E500000000000AC320100BD32010000000000B3
:101E6000551000000000000000000000000000000D
:101E7000000000000000000000000000801E0100C3
:101E8000E7320100EF3201000000000041100000C5
:101E900000000000003301000833010000000000D2
:101EA0002D10000000000000193301002133010053
:101EB0000000000019100000000000003233010093
:101EC0003A3301000000000005100000000000008F
:101ED0004B3301005333010000000000F10F0000FC
:101EE00000000000643301006C33010000000000BA
:101EF000DD0F0000000000007D330100853301008C
:101F000000000000C90F000000000000963301002F
:101F10009E33010000000000B50F0000000000002B
:101F2000AE330100B6330100000000009D0F000039
:101F300000000000C7330100CF33010000000000A3
:101F4000850F000000000000E0330100E9330100CC
:101F5000000000006D0F000000000000FB330100D6
:101F60000434010000000000550F000000000000D4
:101F7000163401001F340100000000003D0F000076
:101F800000000000313401003A340100000000007C
:101F9000250F0000000000004C3401005534010002
:101FA000000000000D0F0000000000000000000015
:101FB0000000000000000000000000000000000021
:101FC000C41F0100673401007134010000000000EB
:101FD000ED0E00000000000098340100A234010062
:101FE00000000000CD0E000000000000C934010018
:101FF000D334010000000000AD0E0000000000001E
:10200000F1340100FB340100000000008D0E0000DF
:102010000000000019350100273501000000000014
:102020006D0E0000000000005E3501006C350100FF
:10203000000000004D0E000000000000A33501006C
:10204000B6350100000000002D0E00000000000069
:102050000000000000000000000000000000000080
:10206000000000000080004000040000300A002052
:1020700000010000EBE800008DE800000200000015
:1020800097EA0000000000000000000000000000CF
:1020900000000000433801004B3801000000000040
:1020A0000000000000000000533801005738010014
:1020B0005B3801005F380100893400007D34000086
:1020C000AD340000653400000000000071340000F1
:1020D000000000000935000044190020CA35002026
:1020E00010000000733801007A380100581901000F
:1020F0000000000000000000503C0100573C0100BF
:102100000C2101000000000000000000102101006F
:10211000543B0100673C0100000000005D380000F6
:1021200000000000000000000000000000000000AF
:102130000000000000000000E13D0100E83D01005A
:102140004C2101002D390000020200005021010045
:10215000AA3E0100AF3E010000000000E939000086
:1021600005020000A82E0100E73E0100000000006B
:10217000B13C00000201000000000000000000006F
:10218000000000000000000000000000DF3500201B
:102190001E000000B9F60000CC1801000C0500205C
:1021A000BC180100CC210100D01C002064000000FC
:1021B000B8210100901C0020280F002080000000A2
:1021C0000000000001EB0000020000007BF90000AD
:1021D000D81C0020DF3500201E000000A93D0000B3
:1021E0004FEB00002BEB000071EB00003DEB00001B
:1021F00000000000634201003E42010000000000B8
:10220000A94900000100000047F800000FF8000095
:10221000CFF90000000000000000000000000000F6
:1022200000000000DE420100E54201000000000065
:1022300019500000010000000F4301001743010086
:1022400000000000D94F00000100000028430100F9
:102250002E43010060220100000000000000000089
:1022600064220100544301005D43010000000000AE
:10227000854F0000010000007A43010089430100FE
:10228000042301000000000000000000533B010097
:10229000000000000000000000000000000000003E
:1022A000533B01000000000000000000000000009F
:1022B000000000003944010040440100C423010033
:1022C00000000000000000004F44010054440100E1
:1022D0008423010035500000010100006744010023
:1022E0006D440100442301000000000000000000D4
:1022F00000000000000000000000000000000000DE
:1023000000000000082301007F440100894401000F
:10231000000000007DFB000001000000C14401003E
:10232000C844010000000000C1FB000001000000E3
:10233000000000000000000000000000000000009D
:102340000000000048230100FF4401000545010092
:102350000000000069FB000001000000334501009F
:102360003845010000000000714F0000010000002E
:10237000000000000000000000000000000000005D
:102380000000000088230100AB4201006445010009
:10239000000000009FFB000001000000302F010042
:1023A000A345010000000000E3FB00000100000065
:1023B000000000000000000000000000000000001D
:1023C00000000000C8230100AB420100B645010037
:1023D00000000000C94F000001000000302F010084
:1023E000C64501000000000071FB00000100000074
:1023F00000000000000000000000000000000000DD
:10240000000000000000000001FE00007405002034
:102410006C05002064050020000000005C05002021
:102420009D52000091510000E5510000455200000E
:10243000C00400200000000000000B0602000000A5
:102440004424010000000000164B01002600020792
:10245000000000201E4B010022000B11D162000081
:10246000A1620000000000006C24010001000000D7
:102470003F4B010025640000A5630000454B0100AF
:1024800003020100090201004B4B010090240100EE
:10249000010000006F4B01009C24010001000000BE
:1024A000834B01002D02010000000000B024010058
:1024B000010000009C4B0100FFFF000000030050E2
:1024C000000000000100000000600040000000006B
:1024D000D424010001000000B04B0100FFFFFFFF0A
:1024E00000000050000000000000000000600040FC
:1024F00000000000F824010001000000C44B0100AE
:10250000042501000020004010250100010000000A
:102510001825010002000000140000001300000153
:102520002425010001000000F74B0100008002405B
:1025300001000000000000004C2501000000D60151
:10254000000000000136002000360020008002401C
:102550005825010001000000602501000200000074
:10256000100000000F0600019C4C0100AA4C010065
:10257000BE4C0100CD4C0100D94C010034160100C5
:10258000341601009C160100A4160100D4160100A7
:10259000DC160100F54C0100010005001F4D010093
:1025A00002000700FB4C010004000800044D01007C
:1025B00008000400094D010010000900134D01003E
:1025C000200008001C4D010040000A00274D0100BA
:1025D0008000060065100100FF8FFFFFFF8FFFFFE7
:1025E000FE8FFFFFFE8FFFFFFD8FFFFFFC8FFFFFC2
:1025F000FC8FFFFF6D757465785F6672656520639B
:10260000616C6C65642077697468204E554C4C2071
:10261000706172616D6574657200000043616E27C0
:102620007420696E697469616C697A65206D75746E
:1026300065782C20776173204E554C4C0D0A0000B4
:102640004661696C20746F206163717569726520E1
:102650006D757465780A00004661696C20746F209E
:10266000696E63726561736520504D20636F756E8E
:102670007465720A000000004661696C20746F2066
:10268000646563726561736520504D20636F756E7C
:102690007465720A000000004661696C20746F2046
:1026A00072656C65617365206D757465780A0000EC
:1026B000436F756C64206E6F74206C6F636B207059
:1026C0006F7765722073617665206D75746578002B
:1026D0004661696C20746F20756E6C6F636B206D42
:1026E000757465780A0000006374782063616E6E0B
:1026F0006F74206265204E554C4C00000A6374785C
:10270000206973204E554C4C0A00000067E6096AA8
:1027100085AE67BB72F36E3C3AF54FA57F520E5102
:102720008C68059BABD9831F19CDE05BD89E05C192
:1027300007D57C3617DD703039590EF7310BC0FFE5
:1027400011155868A78FF964A44FFABE0123456795
:1027500089ABCDEFFEDCBA9876543210F0E1D2C3EB
:102760000000000000000000000000000000000069
:102770000000004095596959555554551555555601
:1027800004051541105455404551554440455044A9
:1027900050555545004000404004449665555655F7
:1027A0004540455451411540559155555555405159
:1027B000050100005445545445550504001004100B
:1027C0001404400000000140555515415404000018
:1027D00044000100000000404100004450444550C6
:1027E000540055555455655100400040010000010A
:1027F00000050100115451515455550500000000C9
:1028000000000000000000005374617274696E677C
:1028100020526164696F20546573742073616D7018
:102820006C650A00556E61626C6520746F20676587
:10283000742074686520436C6F636B206D616E61FA
:102840006765720A00436C6F636B20726571756512
:102850007374206661696C65643A2025640A0043DC
:102860006C6F636B20636F756C64206E6F74206295
:102870006520737461727465643A2025640A0043AC
:102880006C6F636B2068617320737461727465642C
:102890000A0025733A2062616420706172616D657F
:1028A0007465727320636F756E740A00556E6B6E7B
:1028B0006F776E20617267756D656E743A2025734F
:1028C0000A0025733A2062616420706172616D654F
:1028D0007465727320636F756E742E0A00556E6B8B
:1028E0006E6F776E20617267756D656E743A202524
:1028F000732E0A004368616E6E656C206D7573748B
:10290000206265206265747765656E203020616E97
:10291000642038300A005374617274206368616EF9
:102920006E656C2073657420746F3A2025640A000C
:10293000456E64206368616E6E656C2073657420FB
:10294000746F3A2025640A0044656C6179207469CB
:102950006D65206D7573742062652062657477659E
:10296000656E203020616E64203939206D730A0055
:1029700044656C61792074696D6520736574207499
:102980006F3A2025640A004E52465F524144494F37
:102990005F4D4F44455F4945454538303231353408
:1029A0005F3235304B42495400446174612072619A
:1029B00074653A2025730A004E52465F52414449DD
:1029C0004F5F4D4F44455F424C455F4C5235303070
:1029D0004B424954004E52465F524144494F5F4D6D
:1029E0004F44455F424C455F4C523132354B424972
:1029F00054004E52465F524144494F5F4D4F44454B
:102A00005F424C455F324D424954004E52465F5240
:102A10004144494F5F4D4F44455F424C455F314D06
:102A2000424954004E52465F524144494F5F4D4F18
:102A300044455F4E52465F324D424954004E524625
:102A40005F524144494F5F4D4F44455F4E52465F90
:102A5000314D42495400545820706F776572203AC6
:102A60002025642064426D0A005452414E534D4962
:102A7000545F5041545445524E5F31313030313102
:102A80003030005472616E736D697373696F6E20BC
:102A90007061747465726E3A2025730A0054524155
:102AA0004E534D49545F5041545445524E5F31315D
:102AB000313130303030005452414E534D49545F23
:102AC0005041545445524E5F52414E444F4D005078
:102AD0006172616D65746572733A0A004461746174
:102AE000207261746520756E6B6E6F776E206F72E9
:102AF00020646570726563617465643A2025640AB8
:102B00000D0A005472616E736D697373696F6E2084
:102B10007061747465726E20756E6B6E6F776E3A4D
:102B20002025640A005374617274204368616E6EDC
:102B3000656C3A20256868750A456E6420436861B3
:102B40006E6E656C3A20256868750A54696D65205B
:102B50006F6E2065616368206368616E6E656C3AB4
:102B6000202575206D730A44757479206379636C30
:102B7000653A2025752070657263656E740A0A00D7
:102B800052582073776565700A0054582073776532
:102B900065700A00546865206D6F64756C617465BA
:102BA00064205458206861732066696E6973686593
:102BB000640A004572726F72207265636569766996
:102BC0006E67207061636B6574730A00526563659C
:102BD00069766564206E756D626572206F6620701F
:102BE00061636B6574733A2025640A0052657175E0
:102BF00069726564206E756D626572206F66207003
:102C000061636B616765733A2025640A00457272DF
:102C10006F7220726174653A20252E326625250A6E
:102C2000001B5B39316D5761726E696E673A2048DF
:102C3000696768206572726F722072617465212005
:102C40001B5B306D0A0052656365697665642070B0
:102C500061796C6F61643A0A004E756D626572202D
:102C60006F66207061636B6574733A2025640A0097
:102C7000496E76616C696420444344432076616CFC
:102C800075652070726F76696465640A0044434418
:102C90004320564444482073746174652025640AB7
:102CA00057726974652027302720746F20746F670E
:102CB000676C65207374617465206F6620444344BB
:102CC0004320524547300A577269746520273127DF
:102CD00020746F20746F67676C652073746174650E
:102CE000206F66204443444320524547310A004444
:102CF0004344432073746174652025640A577269E4
:102D0000746520273127206F722027302720746FA9
:102D100020746F67676C650A00466F722025732008
:102D2000636F6E6669672E6D6F6465206368616EA0
:102D30006E656C206D7573742062652062657477B2
:102D400065656E20256420616E642025640A004359
:102D500068616E6E656C2073657420746F202564E5
:102D60000A0053746172742074686520545820639B
:102D70006172726965720A005374617274207468BA
:102D800065206D6F64756C617465642054582063B0
:102D90006172726965720A0044757479206379639F
:102DA0006C65206D7573742062652062657477654B
:102DB000656E203120616E642039302E0A00257343
:102DC0003A20746F6F206D616E7920617267756D46
:102DD000656E74730A00546865206E756D62657265
:102DE000206F66207061636B65747320746F20724E
:102DF000656365697665206D75737420626520670B
:102E0000726561746572207468616E207A65726F94
:102E10002E0A00746F67676C655F646364635F7339
:102E20007461746500546F67676C65204443444364
:102E3000207374617465203C73746174653E2C204A
:102E40006966207374617465203D20312074686563
:102E50006E20746F67676C652044432F4443207372
:102E6000746174652C206F722069662073746174BC
:102E700065203D2030207468656E20746F67676C34
:102E8000652044432F4443205644444820737461D2
:102E90007465007072696E745F7278005072696E4A
:102EA00074205258207061796C6F61640073746192
:102EB00072745F7278005374617274205258007398
:102EC000746172745F74785F7377656570005374B2
:102ED0006172742054582073776565700073746153
:102EE00072745F72785F7377656570005374617296
:102EF0007420525820737765657000706172616D3F
:102F000065746572735F7072696E74005072696E79
:102F1000742063757272656E742064656C61792CBF
:102F2000206368616E6E656C20616E6420736F2033
:102F30006F6E0073746172745F647574795F637926
:102F4000636C655F6D6F64756C617465645F7478E4
:102F50000044757479206379636C6520696E207014
:102F6000657263656E74202874776F206465636989
:102F70006D616C206469676974732C206265747775
:102F800065656E20303120616E6420393029203C27
:102F9000647574795F6379636C653E007472616E09
:102FA000736D69745F7061747465726E00536574DB
:102FB00020746865207472616E736D697373696FD4
:102FC0006E207061747465726E006F7574707574C4
:102FD0005F706F776572004F757470757420706FD5
:102FE00077657220736574203C7375625F636D64EE
:102FF0003E49662066726F6E742D656E64206D6F3B
:1030000064756C65206973206174746163686564BC
:1030100020616E64206175746F6D617469632070E6
:103020006F77657220636F6E74726F6C20697320A6
:10303000656E61626C65642C207468697320636FCF
:103040006D6D616E647320736574732074686520A0
:10305000746F74616C206F757470757420706F7705
:10306000657220696E636C7564696E672066656D54
:10307000206761696E0073746172745F74785F6D4C
:103080006F64756C617465645F63617272696572A7
:1030900000537461727420746865206D6F64756C80
:1030A00061746564205458206361727269657200AE
:1030B00073746172745F74785F6361727269657250
:1030C00000537461727420746865205458206361E1
:1030D000727269657200646174615F726174650027
:1030E00053657420646174612072617465203C735F
:1030F00075625F636D643E0063616E63656C00437F
:10310000616E63656C2074686520737765657020F7
:103110006F722074686520636172726965720074F1
:10312000696D655F6F6E5F6368616E6E656C00549C
:10313000696D65206F6E2065616368206368616EEC
:103140006E656C20696E206D7320286265747765EA
:10315000656E203120616E6420393929203C746904
:103160006D653E00656E645F6368616E6E656C00E0
:10317000456E64206368616E6E656C20666F7220B8
:103180007468652073776565702028696E204D48E6
:103190007A20617320646966666572656E63652076
:1031A00066726F6D2032343030204D487A29203CD1
:1031B0006368616E6E656C3E0073746172745F6308
:1031C00068616E6E656C005374617274206368612F
:1031D0006E6E656C20666F7220746865207377650B
:1031E0006570206F7220746865206368616E6E651B
:1031F0006C20666F722074686520636F6E737461F3
:103200006E7420636172726965722028696E204D48
:10321000487A20617320646966666572656E6365CD
:103220002066726F6D2032343030204D487A29206C
:103230003C6368616E6E656C3E00706174746572AB
:103240006E5F72616E646F6D0053657420746865A3
:10325000207472616E736D697373696F6E20706133
:10326000747465726E20746F2072616E646F6D2E5F
:10327000007061747465726E5F313131313030309D
:10328000300053657420746865207472616E736DCC
:10329000697373696F6E207061747465726E2074E7
:1032A0006F2031313131303030302E007061747424
:1032B00065726E5F313130303131303000536574BA
:1032C00020746865207472616E736D697373696FC1
:1032D0006E207061747465726E20746F20313031AD
:1032E00030313031302E00706F733864426D0054CD
:1032F0005820706F7765723A202B382064426D0039
:10330000706F733764426D00545820706F77657228
:103310003A202B372064426D00706F733664426D23
:1033200000545820706F7765723A202B3620644223
:103330006D00706F733564426D00545820706F7764
:1033400065723A202B352064426D00706F733464CF
:10335000426D00545820706F7765723A202B3420EC
:1033600064426D00706F733364426D005458207076
:103370006F7765723A202B332064426D00706F7353
:103380003264426D00545820706F7765723A202B7A
:10339000322064426D00706F733064426D00545887
:1033A00020706F7765723A20302064426D006E6540
:1033B000673464426D00545820706F7765723A200C
:1033C0002D342064426D006E65673864426D005490
:1033D0005820706F7765723A202D382064426D0056
:1033E0006E6567313264426D00545820706F7765A6
:1033F000723A202D31322064426D006E656731369D
:1034000064426D00545820706F7765723A202D31F8
:10341000362064426D006E6567323064426D005440
:103420005820706F7765723A202D32302064426DDB
:10343000006E6567333064426D00545820706F77BA
:1034400065723A202D33302064426D006E6567341A
:103450003064426D00545820706F7765723A202DA9
:1034600034302064426D006E72665F314D62697463
:103470000031204D6269742F73204E6F726469634E
:103480002070726F70726965746172792072616404
:10349000696F206D6F6465006E72665F324D6269A0
:1034A000740032204D6269742F73204E6F7264690C
:1034B000632070726F7072696574617279207261D5
:1034C00064696F206D6F646500626C655F314D6289
:1034D00069740031204D6269742F7320426C7565E8
:1034E000746F6F7468204C6F7720456E65726779D2
:1034F00000626C655F324D6269740032204D626912
:10350000742F7320426C7565746F6F7468204C6FF4
:103510007720456E6572677900626C655F6C723109
:1035200032354B626974004C6F6E672072616E6752
:103530006520313235206B6269742F732054582C0A
:1035400020313235206B6269742F7320616E6420E4
:10355000353030206B6269742F7320525800626CD2
:10356000655F6C723530304B626974004C6F6E670A
:103570002072616E676520353030206B6269742F70
:10358000732054582C20313235206B6269742F73AC
:1035900020616E6420353030206B6269742F732097
:1035A000525800696565653830323135345F3235DF
:1035B000304B6269740049454545203830322E3120
:1035C000352E342D3230303620323530206B626962
:1035D000742F7300545820706F77657220746F20B9
:1035E000656E756D657261746F7220636F6E76655E
:1035F0007273696F6E206661696C65642C20646506
:103600006661756C74696E6720746F203020644247
:103610006D0A005265717565737465642074782055
:103620006F757470757420706F7765723A202568B5
:1036300068692064426D0A005478206F7574707553
:103640007420706F7765722073657420746F3A20F0
:10365000256868692064426D0A00556E657870655A
:1036600063746564207465737420747970653A209E
:1036700025640A006E7266785F74696D65725F69B1
:103680006E6974206661696C656420776974683A54
:103690002025640A004661696C656420746F2061AE
:1036A0006C6C6F636174652067707069206368611A
:1036B0006E6E656C2E0A0028756E7369676E6564A0
:1036C000292063686172202A207573656420666F03
:1036D000722025257020617267756D656E742E20CD
:1036E00049742773207265636F6D6D656E646564E0
:1036F00020746F206361737420697420746F207666
:103700006F6964202A20626563617573652069743E
:10371000206D6179206361757365206D69736265E1
:10372000686176696F7220696E2063657274616981
:103730006E20636F6E66696775726174696F6E7310
:103740002E20537472696E673A22257322206172AB
:1037500067756D656E743A25640063627072696E98
:1037600074665F7061636B616765006C6F67676942
:103770006E67006C6F67006C6F675F6D676D7400DC
:103780004D657373616765202822257322292064A3
:10379000726F70706564206265636175736520691E
:1037A0007420657863656564732073697A65206C3D
:1037B000696D69746174696F6E2028257529004DE3
:1037C0006573736167652064726F707065642062F1
:1037D00065636175736520697420657863656564E8
:1037E000732073697A65206C696D69746174696F9F
:1037F0006E2028257529001B5B306D002573200085
:103800005B2530386C755D20005B253032753A25BC
:103810003032753A253032752E253033752C2530EF
:1038200033755D20003C25733E200025732F002555
:10383000733A2000253032782000202020007C00C0
:103840002563001B5B313B33316D001B5B313B3328
:10385000336D006572720077726E00696E66006487
:103860006267006C6F675F6261636B656E645F7255
:103870007474006B65726E656C004B65726E656C7E
:1038800020636F6D6D616E6473006379636C657343
:103890003A202575206877206379636C65730A0088
:1038A0006379636C6573004B65726E656C20637938
:1038B000636C65732E00556E61626C6520746F20B9
:1038C000706172736520696E7075742028657272FC
:1038D000202564290A00736C656570006D730055BE
:1038E0007074696D653A20256C6C75206D730A00E3
:1038F0002D70002D2D70726574747900556E73757E
:1039000070706F72746564206F7074696F6E3A20A6
:1039100025730A00757074696D653A20256C6C75A5
:1039200020646179732C20256C6C7520686F75722A
:10393000732C20256C6C75206D696E757465732C05
:1039400020256C6C75207365636F6E64732C202565
:103950006C6C75206D696C6C697365636F6E6473F4
:103960000A00757074696D65004B65726E656C2038
:10397000757074696D652E2043616E2062652063E9
:10398000616C6C6564207769746820746865202DAB
:1039900070206F72202D2D707265747479206F7095
:1039A00074696F6E7300342E302E3939005A657089
:1039B0006879722076657273696F6E2025730A00CC
:1039C00076657273696F6E004B65726E656C2076FA
:1039D000657273696F6E2E00556E61626C6520743E
:1039E0006F207061727365206C6F672073657665F8
:1039F000726974792028657272202564290A004949
:103A00006E76616C6964206C6F67206C6576656C9E
:103A10003A2025640A00556E61626C6520746F203F
:103A200066696E64206C6F6720736F757263653AA8
:103A30002025730A006C6F675F6C6576656C003CCF
:103A40006D6F64756C65206E616D653E203C7365BD
:103A50007665726974792028302D34293E007468A7
:103A600072656164004B65726E656C207468726586
:103A70006164732E005363686564756C65723A20E7
:103A800025752073696E6365206C617374206361B2
:103A90006C6C0A00546872656164733A0A004E41A6
:103AA000002573257020252D3130730A00096F70B1
:103AB00074696F6E733A20307825782C20707269A3
:103AC0006F726974793A2025642074696D656F7529
:103AD000743A20256C6C640A000973746174653A49
:103AE0002025732C20656E7472793A2025700A00A7
:103AF000556E61626C6520746F2064657465726DCB
:103B0000696E6520756E7573656420737461636B8F
:103B10002073697A6520282564290A0A00097374CC
:103B200061636B2073697A6520257A752C20756E28
:103B30007573656420257A752C207573616765201F
:103B4000257A75202F20257A752028257520252592
:103B5000290A0A006C697374004C697374206B65E0
:103B6000726E656C20746872656164732E002570D6
:103B70002049525120253032642025732872656116
:103B80006C2073697A652025347A75293A09756E37
:103B9000757365642025347A7509757361676520CE
:103BA00025347A75202F2025347A75202825327AFD
:103BB00075202525290A00257020252D33327320F4
:103BC000287265616C2073697A652025347A7529BD
:103BD0003A09756E757365642025347A75097573B5
:103BE0006167652025347A75202F2025347A752069
:103BF00028253275202525290A00737461636B73AB
:103C0000004C697374207468726561647320737406
:103C100061636B2075736167652E0052454144599D
:103C20000044495341424C454400646576696365EC
:103C3000733A0A005B25705D002D2025730020205B
:103C40004454206E6F6465206C6162656C733A0049
:103C50006465766963650044657669636520636FB2
:103C60006D6D616E6473004C69737420636F6E6672
:103C7000696775726564206465766963657300556C
:103C800073696E6720646174612077696474682069
:103C900025640A00496E636F727265637420646103
:103CA00074612077696474680A00526561642076E3
:103CB000616C756520307825780A005772697469DF
:103CC0006E672076616C756520307825780A00690A
:103CD0006E76616C696420616464722027257327A5
:103CE0000A00696E76616C69642073697A652027C1
:103CF0002573270A00696E76616C696420776964B0
:103D0000746820272573270A00613A733A773A00CE
:103D1000272D61203C616464726573733E272069BE
:103D200073206D616E6461746F72790A00272D7360
:103D3000203C73697A653E27206973206D616E644B
:103D400061746F72790A006465766D656D206C6FC1
:103D5000616420737570706F72747320736574740E
:103D6000696E6720627970617373206F6E206120C5
:103D700073696E676C6520696E7374616E63652E1E
:103D80000A004C6F6164696E672E2E2E0A70726590
:103D90007373206374726C2D78206374726C2D7150
:103DA00020746F206573636170650A004E756D62E3
:103DB0006572206F66206279746573207265616434
:103DC0003A2025640A002D2D002D6500556E6B6E7E
:103DD0006F776E206F7074696F6E20222573220AD0
:103DE000006465766D656D00526561642F77726958
:103DF000746520706879736963616C206D656D6F9F
:103E000072790A55736167653A0A52656164206D7B
:103E1000656D6F727920617420616464726573737B
:103E20002077697468206F7074696F6E616C207799
:103E3000696474683A0A6465766D656D203C6164F6
:103E400064726573733E205B3C77696474683E5DA1
:103E50000A5772697465206D656D6F72792061749F
:103E600020616464726573732077697468206D6182
:103E70006E6461746F727920776964746820616E12
:103E8000642076616C75653A0A6465766D656D20AF
:103E90003C616464726573733E203C776964746846
:103EA0003E203C76616C75653E0064756D70005512
:103EB000736167653A0A6465766D656D2064756D3A
:103EC00070202D61203C616464726573733E202D07
:103ED00073203C73697A653E205B2D77203C7769BF
:103EE0006474683E5D0A0055736167653A0A6465EB
:103EF000766D656D206C6F6164205B6F7074696FA7
:103F00006E735D205B616464726573735D0A4F70EC
:103F100074696F6E733A0A2D65096C6974746C6507
:103F20002D656E6469616E20706172736500525810
:103F30002072696E67206275666665722066756CB0
:103F40006C2E007368656C6C2E7368656C6C5F75A5
:103F500061727400756172743A7E24200073686522
:103F60006C6C5F756172745F6261636B656E640037
:103F7000537562636F6D6D616E64733A0A006E6FA4
:103F800074207465726D696E617465643A2025638E
:103F90000A00506C656173652073706563696679AA
:103FA000206120737562636F6D6D616E642E0A000F
:103FB0004572726F723A20726571756573746564CB
:103FC000206D756C7469706C652066756E637469BC
:103FD0006F6E20657865637574696F6E730A003A59
:103FE00020636F6D6D616E64206E6F7420666F75F7
:103FF0006E6400546F6F206D616E79206172677519
:104000006D656E747320696E2074686520636F6DD2
:104010006D616E642E0A0025733A2077726F6E67A9
:1040200020706172616D6574657220636F756E7466
:104030000A005741524E494E473A2041207072695A
:104040006E74207265717565737420776173206476
:1040500065746563746564206F6E206E6F74206193
:104060006374697665207368656C6C206261636B4C
:10407000656E642E0A000A25732573005368656C0B
:104080006C20746872656164206572726F723A2088
:10409000256400506C6561736520707265737320D0
:1040A000746865203C5461623E20627574746F6E62
:1040B00020746F2073656520616C6C206176616986
:1040C0006C61626C6520636F6D6D616E64732E0A46
:1040D00000596F752063616E20616C736F2075737A
:1040E0006520746865203C5461623E20627574747A
:1040F0006F6E20746F2070726F6D7074206F7220FD
:104100006175746F2D636F6D706C65746520616C83
:104110006C20636F6D6D616E6473206F72206974C3
:104120007320737562636F6D6D616E64732E0A0028
:10413000596F752063616E2074727920746F2063EB
:10414000616C6C20636F6D6D616E64732077697450
:1041500068203C2D683E206F72203C2D2D68656CD8
:10416000703E20706172616D6574657220666F7259
:10417000206D6F726520696E666F726D6174696F14
:104180006E2E0A000A5368656C6C20737570706F30
:1041900072747320666F6C6C6F77696E67206D65E3
:1041A00074612D6B6579733A0A20204374726C2018
:1041B0002B202861206B65792066726F6D3A206133
:1041C00062636465666B6C6E707577290A202041A6
:1041D0006C7420202B202861206B65792066726F1B
:1041E0006D3A206266290A506C65617365207265BC
:1041F00066657220746F207368656C6C20646F63F1
:10420000756D656E746174696F6E20666F72206D76
:104210006F72652064657461696C732E0A000A41CF
:104220007661696C61626C6520636F6D6D616E644F
:10423000733A0A00253038583A20007C0A00507240
:10424000696E7473207468652068656C70206D6594
:1042500073736167652E002573252D2A73002D6801
:10426000002D2D68656C70004C6F7374206C6F6747
:10427000733A20256C750A00416374697665207372
:1042800068656C6C206261636B656E64733A0A00EA
:1042900020202532642E203A257320282573290AF0
:1042A000005B2533645D2025730A006F666600207D
:1042B000756E6B6E6F776E20706172616D6574657F
:1042C000723A200025733A257325730A0045636806
:1042D0006F207374617475733A2025730A007265D8
:1042E0007476616C005072696E74207265747572B8
:1042F0006E2076616C7565206F66206D6F7374201B
:10430000726563656E7420636F6D6D616E640068C5
:104310006973746F727900436F6D6D616E642068AC
:104320006973746F72792E007368656C6C005573D5
:104330006566756C2C206E6F7420556E69782D6CD7
:10434000696B65207368656C6C20636F6D6D616E61
:1043500064732E006261636B656E6473004C6973F5
:104360007420616374697665207368656C6C206283
:1043700061636B656E64732E0A006261636B7370B8
:104380006163655F6D6F646500546F67676C65207E
:104390006261636B7370616365206B6579206D6F1B
:1043A00064652E0A536F6D65207465726D696E6168
:1043B0006C7320617265206E6F742073656E646922
:1043C0006E672073657061726174652065736361E7
:1043D000706520636F646520666F72206261636B35
:1043E000737061636520616E642064656C657465DB
:1043F00020627574746F6E2E205468697320636F29
:104400006D6D616E6420666F72636573207368659D
:104410006C6C20746F20696E7465727072657420A4
:1044200064656C657465206B6579206173206261D9
:10443000636B73706163652E0070726F6D707400D2
:10444000546F67676C652070726F6D70742E0065B5
:1044500063686F00546F67676C65207368656C6C88
:10446000206563686F2E0073746174730053686510
:104470006C6C20737461746973746963732E006269
:1044800061636B7370616365005365742064696672
:10449000666572656E742065736361706520636F15
:1044A000646520666F72206261636B73706163651F
:1044B00020616E642064656C657465206B65792E7F
:1044C0000064656C657465005365742074686520CC
:1044D00073616D652065736361706520636F6465EA
:1044E00020666F72206261636B7370616365206127
:1044F0006E642064656C657465206B65792E00724E
:1045000065736574005265736574207368656C6CBF
:10451000207374617469737469637320666F7220A9
:10452000746865204C6F67676572206D6F64756C89
:10453000652E0073686F7700476574207368656C3B
:104540006C207374617469737469637320666F722D
:1045500020746865204C6F67676572206D6F6475A5
:104560006C652E0044697361626C65207368656CCC
:104570006C206563686F2E2045646974696E6720DE
:104580006B65797320616E64206D6574612D6B6558
:10459000797320617265206E6F742068616E646C3F
:1045A000656400456E61626C65207368656C6C20A3
:1045B0006563686F2E0044697361626C6520707278
:1045C0006F6D70742E00456E61626C652070726F45
:1045D0006D70742E00436F6D6D616E642062756640
:1045E00066657220697320746F6F2073686F7274D0
:1045F00020746F20657870616E6420616C6C20633C
:104600006F6D6D616E6473206D61746368696E6750
:104610002077696C64636172642070617474657280
:104620006E3A2025730A002A2A2A20426F6F746985
:104630006E67206E524620436F6E6E656374205322
:10464000444B2076332E302E302D33626663343661
:10465000353738653432202A2A2A0A002A2A2A20A5
:104660005573696E67205A6570687972204F5320C0
:1046700076342E302E39392D61306535343563620C
:1046800034333761202A2A2A0A006D757465785FF1
:10469000696E69742063616C6C6564207769746805
:1046A000204E554C4C20706172616D6574657200CE
:1046B000436F756C64206E6F7420616C6C6F636106
:1046C0007465206D75746578206265666F7265200B
:1046D000696E697469616C697A696E670072302FFE
:1046E00061313A2020307825303878202072312FFF
:1046F00061323A2020307825303878202072322FED
:1047000061333A20203078253038780072332F61B9
:10471000343A2020307825303878207231322F69B1
:10472000703A2020307825303878207231342F6C60
:10473000723A2020307825303878002078707372F3
:104740003A2020307825303878004661756C7469DD
:104750006E6720696E737472756374696F6E206121
:1047600064647265737320287231352F7063293A3F
:104770002030782530387800556E68616E646C653D
:1047800064204952516E3A202564002A2A2A2A2A96
:10479000205553414745204641554C54202A2A2A4A
:1047A0002A2A0020204469766973696F6E20627935
:1047B000207A65726F002020556E616C69676E65A6
:1047C00064206D656D6F727920616363657373003A
:1047D00020204E6F20636F70726F636573736F720A
:1047E00020696E737472756374696F6E7300202034
:1047F000496C6C6567616C206C6F6164206F66202A
:104800004558435F52455455524E20696E746F208F
:104810005043002020496C6C6567616C207573659E
:10482000206F662074686520455053520020204157
:104830007474656D707420746F2065786563757429
:104840006520756E646566696E656420696E737453
:1048500072756374696F6E002A2A2A2A2A204255CB
:1048600053204641554C54202A2A2A2A2A00202027
:10487000537461636B696E67206572726F7200209A
:1048800020556E737461636B696E67206572726F19
:1048900072002020507265636973652064617461E1
:1048A00020627573206572726F720020204246414B
:1048B0005220416464726573733A20307825780021
:1048C0002020496D7072656369736520646174614D
:1048D00020627573206572726F72002020496E73BA
:1048E0007472756374696F6E20627573206572727D
:1048F0006F72002020466C6F6174696E672D706F57
:10490000696E74206C617A792073746174652070AB
:104910007265736572766174696F6E206572726F0D
:1049200072002A2A2A2A2A204D5055204641554CE9
:1049300054202A2A2A2A2A002020537461636B6992
:104940006E67206572726F722028636F6E7465786F
:10495000742061726561206D6967687420626520EA
:104960006E6F742076616C69642900202044617444
:1049700061204163636573732056696F6C6174696C
:104980006F6E0020204D4D46415220416464726597
:1049900073733A2030782578002020496E73747242
:1049A000756374696F6E2041636365737320566924
:1049B0006F6C6174696F6E005265736572766564C1
:1049C00020457863657074696F6E20280053707598
:1049D00072696F757320696E746572727570742078
:1049E000284952512000535053454C20696E207481
:1049F0006872656164206D6F646520646F65732003
:104A00006E6F7420696E64696361746520505350E1
:104A1000002A2A2A2A2A2048415244204641554C3D
:104A200054202A2A2A2A2A002020427573206661EF
:104A3000756C74206F6E20766563746F722074617C
:104A4000626C652072656164002020446562756750
:104A5000206576656E740020204661756C74206553
:104A60007363616C6174696F6E2028736565206281
:104A7000656C6F772900415243485F455843455064
:104A800054207769746820726561736F6E20257891
:104A90000A002A2A2A2A2A204465627567206D6F37
:104AA0006E69746F7220657863657074696F6E20CB
:104AB0002A2A2A2A2A002A2A2A2A2A202573202555
:104AC0006429202A2A2A2A2A006D70750046616905
:104AD0006C656420746F20616C6C6F636174652019
:104AE0006E6577204D505520726567696F6E202581
:104AF000750A00506172746974696F6E2025753A89
:104B00002073616E69747920636865636B206661E8
:104B1000696C65642E00464C4153485F3000535227
:104B2000414D5F30006765746F707400736F630090
:104B3000636C6F636B403430303030303030006342
:104B40006C6F636B006866636C6B006C66636C6BA8
:104B500000636C6F636B5F636F6E74726F6C007277
:104B6000616E646F6D4034303030643030300072CC
:104B70006E670063727970746F4035303032613027
:104B800030300063727970746F63656C6C006770AD
:104B9000696F403530303030333030006770696FC6
:104BA00031006770696F4035303030303030300060
:104BB0006770696F30007561727440343030303224
:104BC000303030007561727430004661696C656424
:104BD00020746F20616C6C6F636174652050504964
:104BE000204368616E6E656C00756172744034308C
:104BF0003032383030300075617274310075617256
:104C0000745F6E7266785F75617274650054657268
:104C10006D696E616C0048616C74696E67207379B0
:104C20007374656D00556E6B6E6F776E2065727272
:104C30006F7200756E6B6E6F776E003E3E3E205A4F
:104C4000455048595220464154414C204552524FFC
:104C5000522025643A202573206F6E204350552042
:104C60002564004661756C7420647572696E6720F6
:104C7000696E746572727570742068616E646C69B7
:104C80006E670A0043757272656E7420746872658F
:104C900061643A202570202825732900435055204F
:104CA000657863657074696F6E00556E68616E64D7
:104CB0006C656420696E74657272757074005374EB
:104CC00061636B206F766572666C6F77004B6572FF
:104CD0006E656C206F6F7073004B65726E656C2033
:104CE00070616E69630069646C65006D61696E0076
:104CF0006F73002B0064756D6D7900736C65657062
:104D0000696E6700646561640073757370656E64D5
:104D100065640061626F7274696E670073757370A9
:104D2000656E64696E670071756575656400737999
:104D300073776F726B71006E616E00286E756C6CAC
:104D400029000804200804401000000202000000AE
:104D50000020206D657373616765732064726F70E6
:104D6000706564202D2D2D0D0A1B5B306D001B5BC3
:104D7000313B33316D2D2D2D2000202D20002020A2
:104D800000000102030405060700203030303030F7
:104D90003030303030303030300001000000000062
:0C4DA00000545452205245474745530030
:104DB4000000000055160000000000000001000083
:104DC40000000000000000000000000000000000DF
:104DD40000000000000000000000000000000000CF
:104DE40000030000500000000A0000003200000030
:104DF400000000009BE00000ADE80000000000009F
:104E04000100000024050020000000000000000054
:104E14000000000000580020000000000000000016
:104E2400000000000000000000000000000000007E
:104E340000020000DC2101002811002020090020CC
:104E44003A0000000C0900203A000000F808002095
:104E54003A000000340900203A000000E408002071
:104E64003A000000480900203A0000000000000059
:104E7400C3FE00000000000000000000010000006C
:104E8400010000000000000000000000000000001D
:104E9400533B0100010000000100000000C20100BA
:104EA40000010300C4050020000000000000000011
:104EB4000000000000000000000000000236002096
:104EC40020000000000000000000000000000000BE
:104ED40000000000000000000000000000000000CE
:104EE40000000000000000000000000000000000BE
:104EF40000000000000000000000000000000000AE
:104F0400000000000000000000000000000000009D
:104F1400000000000000000000000000000000008D
:104F2400000000000000000000000000000000007D
:104F3400000000000000000008000000FF00000066
:104F4400000000000300000000000000FFFF0F004D
:104F54006006002060060020680600206806002025
:104F640001100100FDA00000F1A00000E5A0000078
:104F7400000000004DA10000C4060020BC06002073
:104F8400B406002000000000AC0600200DA30000C1
:104F940059A200008DA20000D5A20000C02A002062
:104FA4003A00003AC42A00203A00003AC82A0020F5
:104FB4003A00003ACC2A00203A00003A143000208B
:104FC400D806002098060020900600208C060020B9
:044FD400880600202B
:104FD800E17B000049060100000000002BFE0000F4
:104FE80054170100FD6E0000000000002BFE0000B9
:104FF800000000002BFE0000000000002BFE000057
:105008007982000049060100000000002BFE000024
:105018000000000029850000000000002BFE0000B1
:10502800000000002BFE0000000000002BFE000026
:10503800000000002BFE00009822002031680000CC
:10504800000000002BFE0000000000002BFE000006
:10505800000000002BFE0000000000007D7600002C
:10506800000000002BFE0000000000002BFE0000E6
:10507800000000002BFE0000000000002BFE0000D6
:10508800000000002BFE0000000000002BFE0000C6
:10509800000000002BFE0000000000002BFE0000B6
:1050A800000000002BFE0000000000002BFE0000A6
:1050B800000000002BFE0000000000002BFE000096
:1050C800000000002BFE0000000000002BFE000086
:1050D800000000002BFE0000000000002BFE000076
:1050E800000000002BFE0000000000002BFE000066
:1050F800000000002BFE0000000000002BFE000056
:10510800000000002BFE0000000000002BFE000045
:105118006C170100C1040100000000002BFE000014
:10512800000000002BFE0000000000002BFE000025
:10513800000000002BFE0000000000002BFE000015
:10514800000000002BFE0000000000002BFE000005
:0E515800000000000000000000000000000049
:105168000000000000000000000000000000000037
:105178000000000000000000000000000000000027
:105188000000000000000000000000000000000017
:105198000000000000000000000000000000000007
:0451A8000000000003
:1051AC0000000000000000000000000000000000F3
:1051BC0000000000000000000000000000000000E3
:0C51CC00000000000000000000000000D7
:1051D800E4080020E40800200000000000000000AF
:1051E8000E000000F8080020F80800200000000069
:1051F800000000000E0000000C0900200C0900202F
:1052080000000000000000000E000000200900203F
:105218002009002000000000000000000E0000002F
:1052280034090020340900200000000000000000BC
:105238000E00000048090020480900200000000076
:08524800000000000E00000050
:105250005C0900205C090020000000000100000043
:085260006C0900206C0900201C
:0452680015E015E058
:04000003000059EDB3
:00000001FF
